<?xml version="1.0" encoding="UTF-8"?>
<kml xmlns="http://www.opengis.net/kml/2.2" xmlns:gx="http://www.google.com/kml/ext/2.2" xmlns:xsi="http://www.w3.org/2001/XMLSchema-instance"
 xsi:schemaLocation="http://www.opengis.net/kml/2.2 http://schemas.opengis.net/kml/2.2.0/ogckml22.xsd http://www.google.com/kml/ext/2.2 http://code.google.com/apis/kml/schema/kml22gx.xsd">
<Document id="ILCE_SINIRLARI">
  <name>ILCE_SINIRLARI</name>
  <Snippet></Snippet>
  <Style id="PolyStyle00">
    <LabelStyle>
      <color>00000000</color>
      <scale>0.000000</scale>
    </LabelStyle>
    <LineStyle>
      <color>ff6e6e6e</color>
      <width>0.400000</width>
    </LineStyle>
    <PolyStyle>
      <color>ffc2ebfc</color>
      <outline>1</outline>
    </PolyStyle>
  </Style>
  <Folder id="FeatureLayer0">
    <name>ILCE_SINIRLARI</name>
    <Snippet></Snippet>
    <Placemark id="ID_00000">
      <name>{4F692FBF-DD8E-4C6D-93E4-D4C49CACC4C9}</name>
      <Snippet></Snippet>
      <description><![CDATA[<html xmlns:fo="http://www.w3.org/1999/XSL/Format" xmlns:msxsl="urn:schemas-microsoft-com:xslt">
<head>
<META http-equiv="Content-Type" content="text/html">
<meta http-equiv="content-type" content="text/html; charset=UTF-8">
</head>
<body style="margin:0px 0px 0px 0px;overflow:auto;background:#FFFFFF;">
<table style="font-family:Arial,Verdana,Times;font-size:12px;text-align:left;width:100%;border-collapse:collapse;padding:3px 3px 3px 3px">
<tr style="text-align:center;font-weight:bold;background:#9CBCE2">
<td>{4F692FBF-DD8E-4C6D-93E4-D4C49CACC4C9}</td>
</tr>
<tr>
<td>
<table style="font-family:Arial,Verdana,Times;font-size:12px;text-align:left;width:100%;border-spacing:0px; padding:3px 3px 3px 3px">
<tr>
<td>FID</td>
<td>0</td>
</tr>
<tr bgcolor="#D4E4F3">
<td>ID</td>
<td>{4F692FBF-DD8E-4C6D-93E4-D4C49CACC4C9}</td>
</tr>
<tr>
<td>AD</td>
<td>ARABAN</td>
</tr>
<tr bgcolor="#D4E4F3">
<td>KIMLIKNO</td>
<td>1139</td>
</tr>
<tr>
<td>ILID</td>
<td>{FFB0E469-39AF-48CD-826C-9FA775F95571}</td>
</tr>
</table>
</td>
</tr>
</table>
</body>
</html>
]]></description>
      <styleUrl>#PolyStyle00</styleUrl>
      <MultiGeometry>
        <Polygon>
          <extrude>0</extrude><altitudeMode>clampToGround</altitudeMode>
          <outerBoundaryIs><LinearRing><coordinates> 37.72662098508068,37.53572597849895,0 37.72569897637644,37.53641102843582,0 37.72483402139521,37.53707397210118,0 37.72382504591716,37.537302983294,0 37.72224104549602,37.53730303439256,0 37.72039600162751,37.53700600216757,0 37.71809101276503,37.53661696667427,0 37.71702497247588,37.53638900541134,0 37.71607398527496,37.53603402321068,0 37.71497901894468,37.53598902214847,0 37.7129329883013,37.53518901816659,0 37.71201097622188,37.53466301030629,0 37.71100204261069,37.53434297721338,0 37.70947496077372,37.53461802999388,0 37.70809213167716,37.53477797487027,0 37.70809203799595,37.53477798433373,0 37.70685296918316,37.53484600449808,0 37.70538303670503,37.5347549717745,0 37.70411502820212,37.53434301835827,0 37.70342303165122,37.53409196349813,0 37.70264497857696,37.53395496142234,0 37.70169398658182,37.53377196699618,0 37.70108908342839,37.53377203480859,0 37.70108899067364,37.53377203524416,0 37.70042696254844,37.53409199277634,0 37.69990802743114,37.53438898194759,0 37.6993029564234,37.53427496508377,0 37.69864003444007,37.53379504173805,0 37.69809198310538,37.53347502406032,0 37.69708404138322,37.53331497888353,0 37.69639213555784,37.5334289881528,0 37.69639204308901,37.53342900119313,0 37.69541295851153,37.53352100562729,0 37.69440396119762,37.53317803422164,0 37.6937990437137,37.53274401634589,0 37.69371196516059,37.53180697414126,0 37.69359704256251,37.5309839579131,0 37.69330902746472,37.53032201475797,0 37.6927330011176,37.52981900372058,0 37.69195499298927,37.52954496423138,0 37.69132102460484,37.52942996948993,0 37.69074398879245,37.52961304296676,0 37.69025400025071,37.53018404345708,0 37.6899659813844,37.53055003795443,0 37.68944795498978,37.53036696467912,0 37.68933196329099,37.53027599390681,0 37.6887849836572,37.52986400793908,0 37.68812197625319,37.52968201053579,0 37.6877190036152,37.52931598644063,0 37.68748799032919,37.5290650058595,0 37.68708498527775,37.52895001936085,0 37.68659500835501,37.52904199263294,0 37.68572999650979,37.52936197300646,0 37.68521201161245,37.529635996168,0 37.68472200089759,37.52945304259167,0 37.68359804005136,37.52953296269401,0 37.68248810264622,37.52955599211883,0 37.68248800997696,37.52955599614209,0 37.6813499724962,37.52966997292704,0 37.6806589879274,37.52962502545292,0 37.67990901565949,37.529305003362,0 37.679188998999,37.52893904588135,0 37.67887201464266,37.52857303023052,0 37.67833900062153,37.52821900546281,0 37.67733003305697,37.52797896875327,0 37.67653798379585,37.52793300024204,0 37.67538499099993,37.52816202098956,0 37.67446297152374,37.52845903077986,0 37.67390100033989,37.5289960232822,0 37.67358395399987,37.52971597417895,0 37.67310895640054,37.53016198226909,0 37.67247500105941,37.53057302587565,0 37.67225899696126,37.53068700721499,0 37.67201398089582,37.53067597010465,0 37.67168203802309,37.53050396948074,0 37.6708030137277,37.53011597219621,0 37.67016900129042,37.52970504038586,0 37.66888701614631,37.52915602884124,0 37.66799402677422,37.5287680283611,0 37.66694203066648,37.52849300768138,0 37.66627895699107,37.52836801670379,0 37.66551600153248,37.52812801093201,0 37.66506899461256,37.52809295707182,0 37.66456504178657,37.52808204135314,0 37.66417597472056,37.52801300590171,0 37.66377201187225,37.52785299146964,0 37.6632819592037,37.52776203815237,0 37.66282099172182,37.5276359829958,0 37.66231702265839,37.5272710227352,0 37.66126500896785,37.52674500095875,0 37.6607899947192,37.52660796058333,0 37.66035701976944,37.52649402627814,0 37.65995400547585,37.52649401724835,0 37.65952202557658,37.52666498655772,0 37.65913295822176,37.52676804118178,0 37.65848401881588,37.52674499067032,0 37.65787897207856,37.52659697032412,0 37.6574610395262,37.52639099400285,0 37.65711603481414,37.52604801831885,0 37.65687095633037,37.52583096415005,0 37.65635198073512,37.52554503381333,0 37.656107011784,37.52520200302743,0 37.6558479889561,37.52481402627096,0 37.65554497645721,37.52440296740858,0 37.65532897269869,37.52369396060526,0 37.65488197861941,37.52308803103151,0 37.65458002492353,37.52301999572541,0 37.65351404519644,37.52280299053093,0 37.65303795924456,37.52273396622099,0 37.65269197702263,37.52273403283166,0 37.6522460191315,37.52271098922761,0 37.65164003116715,37.52258601719826,0 37.65126599038736,37.5223459745585,0 37.6507179566912,37.52196301751911,0 37.6501850222324,37.52175699998061,0 37.64957999343154,37.52162001999256,0 37.64864404645844,37.52124301325233,0 37.64787996334368,37.52068302300983,0 37.64747703230343,37.52036299513722,0 37.64685699574355,37.5201919678539,0 37.64625202725856,37.52014597837724,0 37.64567495744975,37.52013401878931,0 37.64519997627877,37.51997402772975,0 37.64476797196772,37.51968899570707,0 37.64459499181042,37.51927699716034,0 37.64465203797833,37.51860300385707,0 37.64478195764718,37.5181119947683,0 37.6448829923114,37.51774600850193,0 37.64488298019725,37.51774592038183,0 37.64482502367809,37.51739197049544,0 37.64460896692571,37.51704896323794,0 37.64413396806227,37.51661503811003,0 37.64338498628187,37.51608895797964,0 37.64210201315849,37.5157350200824,0 37.6409059898188,37.51527803570187,0 37.64038796754095,37.51494002874146,0 37.64004201525758,37.51455196000981,0 37.63969601529162,37.51407198206291,0 37.63946596058287,37.51370600232373,0 37.63888901842233,37.51291700119938,0 37.63880295459347,37.51204900763552,0 37.63868803896443,37.51100903806186,0 37.63868804264791,37.51100894791992,0 37.63878801218411,37.50999203691636,0 37.63880302603768,37.50938602888623,0 37.63867296170054,37.50896297162877,0 37.63834203142646,37.50855198314261,0 37.63777999825972,37.50800299866111,0 37.63718902236985,37.50736304154243,0 37.6365260383354,37.50672299811681,0 37.63606502410358,37.50615097877014,0 37.63546002982334,37.50553400514476,0 37.63484099275283,37.50511104615036,0 37.63429301515758,37.50476801836513,0 37.63387496604347,37.50460800218303,0 37.63327004242461,37.5043910081798,0 37.63252099583091,37.50417402052845,0 37.63203101881336,37.50384198395002,0 37.63128199412615,37.5037970060116,0 37.63060501859321,37.50386501618944,0 37.63017201946792,37.50392199542036,0 37.6297830056743,37.50393403316338,0 37.62917798883628,37.50378496053717,0 37.62847196588361,37.50346499110392,0 37.6277370313966,37.50314496450749,0 37.62661298673409,37.50280199838075,0 37.62592198884064,37.50261904136534,0 37.62502895986681,37.50229901285416,0 37.62440903526583,37.50202495885745,0 37.62390501502932,37.50167100426957,0 37.62348701355175,37.50133902474421,0 37.62330004058212,37.5011219986056,0 37.62328495759198,37.50088197517163,0 37.62334301303391,37.50053903441221,0 37.6234580231532,37.5004699617019,0 37.62374599971964,37.50040202537343,0 37.6243080308462,37.5003899714773,0 37.62488399982817,37.50053901781197,0 37.6259940294888,37.50047003601935,0 37.62671396791968,37.50053896682212,0 37.62714695624816,37.50055102386684,0 37.62729099438254,37.5004700131481,0 37.62753302769124,37.50031403388193,0 37.62731103677244,37.50016003437364,0 37.62733896475846,37.49992104142962,0 37.62755399826931,37.49971596422485,0 37.62805602165613,37.49878804146012,0 37.62804200826099,37.4985550328551,0 37.62789898312748,37.4982529783343,0 37.62799899934814,37.49790603172006,0 37.62845396214384,37.49679196088327,0 37.62867402749129,37.49642398513448,0 37.62889001159505,37.49633197842272,0 37.6307339948994,37.49382898943134,0 37.63113802532558,37.49318904409463,0 37.63185802273922,37.49206796613912,0 37.63263603525083,37.49070801412672,0 37.63373101229209,37.48945000055919,0 37.63260703582031,37.48925603861029,0 37.63206000002109,37.48909599665559,0 37.63159902858263,37.48884501350767,0 37.6308489844522,37.48808998674713,0 37.63021500193011,37.48678702261778,0 37.62992701960835,37.48630702214368,0 37.62926499654906,37.4855750099069,0 37.62914901704011,37.48518598637408,0 37.62906296883276,37.48436303589657,0 37.62920698713351,37.48347104278526,0 37.62938003708079,37.48260198800124,0 37.62955298830425,37.48193901279331,0 37.62937998162997,37.48143597613295,0 37.62932200551402,37.48081898877901,0 37.62909197622631,37.48036098377198,0 37.62880297778747,37.47972095904921,0 37.62871704254937,37.47912598133534,0 37.62868800434862,37.47866898859824,0 37.62897602298712,37.4779370244816,0 37.62430796264233,37.47725403166053,0 37.61797099279799,37.47602197957175,0 37.6159669636105,37.47602201817686,0 37.61047002329061,37.47699700942289,0 37.60697798583425,37.47786897797157,0 37.60503796963336,37.4778690417568,0 37.59714897068485,37.47653502958983,0 37.59288099104662,37.47571399924503,0 37.5905539818193,37.47504700531405,0 37.58829001335917,37.47427702349099,0 37.5853800361632,37.47386700539028,0 37.58494396384213,37.47416499183219,0 37.58403904457194,37.47434401412708,0 37.58239005147006,37.47421599674938,0 37.58238995761683,37.4742159953038,0 37.58141998500404,37.47434396156276,0 37.58077297193455,37.47431900985568,0 37.58002895709621,37.47429300966918,0 37.57970600737342,37.47447304244751,0 37.57944701229442,37.47488299178952,0 37.57889795317355,37.47588397095937,0 37.57828399284374,37.47624297217534,0 37.57744302268603,37.47652498573132,0 37.57624703489229,37.47647399946295,0 37.57622551954741,37.47646819362659,0 37.57513196548745,37.47617303742614,0 37.5693770145307,37.47617304019133,0 37.56871503555821,37.47615101509474,0 37.56744799296914,37.47611295727397,0 37.56644702982442,37.47609001048801,0 37.5647520125767,37.4759690203466,0 37.56326497886054,37.47586300541829,0 37.56260802692703,37.47581799158338,0 37.56097898081306,37.47583304166557,0 37.55978799285256,37.47571198736695,0 37.5586820018762,37.47562899597494,0 37.556520035876,37.47578798134565,0 37.55433797414381,37.47557602849841,0 37.55266101735177,37.47497902585769,0 37.55026998661251,37.47356497298622,0 37.55018979431814,37.47241542405297,0 37.55018996843867,37.47241372983311,0 37.55095116859781,37.46506171654326,0 37.55417884069912,37.46048144371477,0 37.5541771857386,37.45995437022605,0 37.55417729059332,37.45995435803562,0 37.55416019312617,37.45450412745713,0 37.55961660820677,37.44642019950564,0 37.57137514089278,37.43714416978398,0 37.5721159900808,37.43604304191946,0 37.57295495694114,37.43401601848026,0 37.57282098980579,37.43307002025085,0 37.57242101773068,37.43145903290544,0 37.57195396853387,37.43031597753279,0 37.57201200304795,37.4298469918129,0 37.57218304069951,37.4291889828359,0 37.57219300669311,37.42911297684471,0 37.57091601776755,37.42873500403068,0 37.57073495407764,37.42833398603571,0 37.57032500124362,37.42711600357926,0 37.56950602430724,37.42580703370793,0 37.56955298608635,37.42565502435794,0 37.57056300202188,37.42372603650855,0 37.56995400024095,37.42181900851089,0 37.56971998912198,37.42093398647157,0 37.56950598448721,37.42094899289074,0 37.56834298693001,37.42077501900233,0 37.5662469886885,37.42086598138092,0 37.56459921312226,37.42089600547406,0 37.56234099501423,37.42074502642969,0 37.56052098045564,37.42011703001398,0 37.55879698067395,37.41941303648751,0 37.55841596367382,37.41926901826525,0 37.55673901456346,37.41881497223306,0 37.55526221433821,37.41820209947727,0 37.55328003966728,37.41756702977592,0 37.551756052305,37.41758200262013,0 37.54967913753409,37.41692296717098,0 37.54875502783462,37.41624987597957,0 37.54733512148324,37.41523598118744,0 37.54684904540785,37.41488802751525,0 37.54521098103221,37.41430498900392,0 37.54273357850013,37.41399183709296,0 37.54269509512542,37.41398697251624,0 37.54269500343921,37.41398696290172,0 37.54012310772357,37.41424496020851,0 37.53840801947926,37.41467595692761,0 37.53703599053152,37.41553120896035,0 37.53594439218377,37.41635081286039,0 37.53580707932347,37.41645393413268,0 37.5342009826757,37.4185429670429,0 37.53307701646129,37.41925401953605,0 37.53033302190764,37.42010896004503,0 37.52859895697302,37.4202529599827,0 37.52691297619734,37.42022302862313,0 37.52509747118351,37.42005695391941,0 37.52453045151172,37.42003530317015,0 37.52238945009184,37.41970950931348,0 37.5222966669137,37.41962903917384,0 37.52151104498915,37.41950403932279,0 37.52004295955417,37.41777900747862,0 37.51969065722965,37.41736877426884,0 37.51927272196846,37.41700626826426,0 37.51893297701567,37.41652044766674,0 37.51801399316741,37.41563718805268,0 37.51665739409908,37.41383785805019,0 37.51599396982402,37.41295797201347,0 37.51360297027826,37.41117998838598,0 37.51138297301445,37.4102189725121,0 37.50991603285934,37.40964397543887,0 37.50833400358557,37.40968904368721,0 37.50711504580883,37.41026400365489,0 37.50653398481818,37.40968902047958,0 37.5062320437013,37.40903397392774,0 37.50619497341712,37.40853198430204,0 37.50626899939437,37.40772499357847,0 37.506159006569,37.40720104560645,0 37.50582897195716,37.40680803847014,0 37.50557698060049,37.4065390217181,0 37.50553096557801,37.4064510275491,0 37.50551301551999,37.40629896788456,0 37.50521104101054,37.4060879874594,0 37.50468901791567,37.40529498404307,0 37.50414803086122,37.40442895780297,0 37.50389195649046,37.40370798914486,0 37.50344302640673,37.40311202474611,0 37.50306798081304,37.40254404465263,0 37.50303102163709,37.40207899849458,0 37.50317700693758,37.40161297665693,0 37.50334204195222,37.4011259880623,0 37.50348002381487,37.40054400410158,0 37.50391898924598,37.39956097974892,0 37.50444104189356,37.39873197776753,0 37.50500898077649,37.39800403600216,0 37.5055219595552,37.39739303516986,0 37.50604396528135,37.39679597538871,0 37.50668495807052,37.3962800283789,0 37.506955981396,37.39595199156506,0 37.50728909808436,37.39558955111949,0 37.5076240328019,37.39522501349682,0 37.5079719613693,37.39451896661868,0 37.50816498130789,37.39426401157552,0 37.50885600350234,37.39441000615462,0 37.50899303049968,37.39437302326296,0 37.50908499702421,37.39418396653343,0 37.50913997305227,37.39364601919825,0 37.50908495398875,37.39276497910004,0 37.50881000918231,37.39207399713676,0 37.50861798736367,37.39152802748944,0 37.50890203983013,37.39027599515012,0 37.50907604214331,37.38940302463756,0 37.50912203476462,37.38860296662874,0 37.5091489734077,37.38814404414342,0 37.50945598135918,37.38770803929511,0 37.51017002026983,37.38600499967266,0 37.51057301108705,37.38481100729298,0 37.51108597724853,37.38402498550673,0 37.5119289841921,37.38278796678596,0 37.51260704629902,37.38146402226532,0 37.5131379735385,37.38102703496619,0 37.51421900738976,37.3799499662209,0 37.51506099241143,37.37942599349477,0 37.51617899149534,37.37909104561447,0 37.5164899681571,37.37852295681966,0 37.51671002719644,37.37801397659231,0 37.5174979634717,37.37652900654287,0 37.51832199359649,37.37494201181737,0 37.51856001178195,37.37367603828532,0 37.51870599289273,37.37239502567341,0 37.51813396865003,37.37094102661708,0 37.51842696915512,37.37089698431647,0 37.51892103747708,37.37028598803821,0 37.51954398119005,37.37025698899382,0 37.52355197925153,37.37065002809167,0 37.52708504197528,37.37073700822382,0 37.53069099043951,37.37069398936754,0 37.53246595385625,37.37086798365552,0 37.5344979877085,37.37162497147982,0 37.53618200058933,37.37319601017292,0 37.53835997354675,37.37443196097422,0 37.54086697698784,37.37546497688136,0 37.54211197238921,37.37568303605827,0 37.54300902189399,37.37543596218332,0 37.54417999056054,37.37504103554749,0 37.5486099537454,37.37412595870444,0 37.54830576048654,37.37448137747845,0 37.54848363352725,37.37839006624527,0 37.55188649153924,37.38330635347481,0 37.55442315500578,37.38704247545689,0 37.55720728158238,37.38895971994651,0 37.55999140680424,37.39289223166259,0 37.56215689738752,37.39495664636893,0 37.56327058269444,37.39515332516167,0 37.56728438943786,37.39582305083336,0 37.56883302534097,37.3965560170105,0 37.57005299134443,37.39687999029651,0 37.57071199441359,37.39702496488924,0 37.57693502159834,37.39664700436372,0 37.57771296400024,37.39626203342906,0 37.57850002025715,37.39563697082674,0 37.5793049722459,37.39544798058101,0 37.58040401530575,37.39563703323292,0 37.58111801997756,37.39569497907589,0 37.582088044663,37.39562198760586,0 37.58322197822986,37.39541901591752,0 37.58410102001793,37.39525900816262,0 37.58465004640661,37.39525903854043,0 37.58590402296214,37.395134991464,0 37.587039016049,37.39512003023444,0 37.5877709913626,37.39526600292366,0 37.58821199935618,37.39528098504491,0 37.58793604311742,37.3945680406098,0 37.58775302781993,37.39413202034182,0 37.58800898292579,37.39368100187544,0 37.58800896712945,37.39322999796947,0 37.5877890009634,37.39251702151032,0 37.58775296691297,37.39197900374009,0 37.58799099589417,37.39130997814824,0 37.58800897886179,37.3910630130245,0 37.58795400893374,37.39061202543854,0 37.58813698361168,37.39037996530351,0 37.58850296335753,37.3901910422101,0 37.58875901888764,37.38989996747529,0 37.58910699271069,37.3893039834428,0 37.58921704263469,37.38864902090765,0 37.58910100466283,37.38798799523604,0 37.58977002530998,37.38799197697065,0 37.59083102654112,37.3873809912302,0 37.59269695937149,37.3855789730951,0 37.59379400660954,37.38485204366285,0 37.59562399328924,37.38444502036593,0 37.59690397129496,37.38467797599957,0 37.59906303793111,37.38415498668565,0 37.59964799478076,37.38299203355322,0 37.60034296842504,37.3813929847035,0 37.60114802231779,37.38113103619524,0 37.60195299502978,37.38191599106819,0 37.60213603616392,37.38310801873565,0 37.60304995939489,37.38360196346175,0 37.60451403792316,37.38520103232776,0 37.60509904023719,37.3865379933208,0 37.60678199452618,37.38720700244693,0 37.60831900919165,37.38735199670053,0 37.60967197181612,37.38761400756566,0 37.61040403549971,37.38735199864371,0 37.61234301822902,37.38735197355992,0 37.61453799129554,37.38816599374501,0 37.61629404102659,37.39084098925422,0 37.61735496467806,37.39101499079825,0 37.61783903471781,37.39028703333381,0 37.61789695451883,37.39003501250536,0 37.61867497217119,37.38955398555902,0 37.61948104247507,37.38900498708551,0 37.62057597570522,37.38827198250816,0 37.62204600796633,37.38707002460009,0 37.62348698909436,37.38633702092498,0 37.62561898992114,37.38578796821807,0 37.62740597138553,37.38583303884149,0 37.63276600610132,37.38670304165304,0 37.63484097651321,37.38711599717687,0 37.63726095620504,37.38807696550335,0 37.63939395939401,37.38793999556517,0 37.64083401975362,37.38725302115489,0 37.64411899229522,37.38610803857951,0 37.64723199257647,37.38523803557943,0 37.65008403849006,37.38420200618782,0 37.65037301313587,37.38312602174464,0 37.65138097037389,37.38083603348246,0 37.65288000009177,37.37840896343567,0 37.65570402777693,37.37593602490229,0 37.65728802751226,37.37506598592162,0 37.66002597789925,37.37469903529561,0 37.66305202438146,37.37469904334344,0 37.66524195896273,37.37394301462563,0 37.66881497166304,37.37307299734098,0 37.67114904218105,37.37266102900774,0 37.67483800428315,37.37245501482526,0 37.67720095803696,37.3722720275576,0 37.67973597020145,37.37227199582103,0 37.68232996943615,37.37220303726616,0 37.68737299963085,37.37252396590518,0 37.68820795988742,37.37263802051095,0 37.68959198485835,37.37289002332492,0 37.69022303207889,37.37290100821405,0 37.69172399995691,37.37307300788619,0 37.69270398812063,37.37332498651904,0 37.69423100019848,37.37375997273737,0 37.69564300233624,37.37392103196085,0 37.69647903680193,37.37412701529266,0 37.69794798972135,37.37419495742859,0 37.69872595982886,37.37428695882893,0 37.6998789865177,37.37460802883434,0 37.70149303909696,37.37447001287182,0 37.70249403001343,37.37461897199946,0 37.70508796712722,37.37425296383071,0 37.70618296663718,37.37448199523719,0 37.70969802969201,37.37466496371364,0 37.71240697139216,37.37466495824633,0 37.7166140135804,37.37516902995848,0 37.71857399104345,37.37539799997748,0 37.72122497143029,37.3760390424652,0 37.72272298945261,37.37645101204824,0 37.72383299583068,37.37697801230081,0 37.72538900147039,37.37661100766363,0 37.72734799569406,37.37615303219884,0 37.73011502043224,37.37555804262695,0 37.73962396341872,37.37542103817054,0 37.74239001338926,37.37519197952911,0 37.74720303599958,37.37482503403353,0 37.74970996466176,37.37475597249081,0 37.75267803302156,37.37436698426841,0 37.75492601859987,37.3743440015006,0 37.75688503992522,37.37425300343289,0 37.76074599470199,37.37393199980907,0 37.76293597982548,37.37397803206026,0 37.76423302558886,37.37450501536763,0 37.76486701446703,37.37475596838809,0 37.7662250228339,37.37492699004287,0 37.76648599377528,37.37490101529608,0 37.76679499814112,37.3749139686165,0 37.76751100130893,37.37495300717917,0 37.76835697516879,37.37508200851631,0 37.76884504082543,37.37513399937696,0 37.76974001470154,37.37522396174435,0 37.77026103646136,37.37522400060168,0 37.77087895804917,37.37524997983738,0 37.77174204602653,37.37535401013072,0 37.77257096193287,37.37546999158309,0 37.77367799256068,37.37575399175291,0 37.77408501587487,37.37593504103366,0 37.77460499101685,37.37624604179796,0 37.77499598413623,37.37637497568557,0 37.77530501290824,37.37643998971442,0 37.77579296395442,37.37652997904557,0 37.77659097041865,37.37668496246326,0 37.77751803093936,37.37691801638307,0 37.77841304151657,37.37695699991276,0 37.77901497137197,37.37694397926626,0 37.7798120263443,37.37694396804263,0 37.77997998412994,37.37722203769087,0 37.78005400820881,37.37693798178082,0 37.78011398767588,37.37676100677095,0 37.78018800979125,37.37653597208391,0 37.78030701193929,37.37625195949045,0 37.78032198926741,37.37588499168685,0 37.78029198221857,37.37569504438598,0 37.78015797359002,37.37549395748988,0 37.77993503975652,37.37543495832413,0 37.77978595764438,37.37538800302462,0 37.77941402381973,37.37531700954767,0 37.77920504316905,37.37528095687914,0 37.77898200952647,37.37519798869251,0 37.77883301904971,37.37500901946694,0 37.77884799282466,37.37474802039298,0 37.77893702552286,37.37422801434027,0 37.77887704574731,37.37386100313329,0 37.77929401029608,37.37303203680486,0 37.77971099566968,37.37255899757542,0 37.77983798870601,37.37229802294462,0 37.77994199315095,37.37201396698504,0 37.78007596694889,37.37109103868675,0 37.78009103135037,37.37071199440884,0 37.77998700234173,37.36987203543281,0 37.77974896231679,37.36917304000708,0 37.77961497017091,37.36871198782195,0 37.77943598876817,37.36846300761224,0 37.77930199070251,37.36823804055834,0 37.77924203529869,37.36793104117562,0 37.77924201507342,37.36766999624897,0 37.77976397739879,37.36685296335021,0 37.78006100152604,37.36638001669396,0 37.78024003091931,37.36578801027889,0 37.78059801496396,37.36519601159659,0 37.78104398055184,37.36453303180771,0 37.78295100970675,37.36408303312694,0 37.78420200551744,37.36394098538066,0 37.78515496714158,37.36370502411629,0 37.78670403775943,37.36334903649004,0 37.78753798980513,37.36311296243151,0 37.78855097817361,37.36301798872574,0 37.79010002397779,37.36363395905234,0 37.79081503827941,37.36389399897472,0 37.79152197382296,37.36419002032378,0 37.79187998288057,37.36429596961397,0 37.79231203377819,37.36434402739892,0 37.79266902144713,37.36440304335873,0 37.79287796431622,37.36446196070694,0 37.79304200071229,37.36481702453707,0 37.79320498380269,37.36503000273274,0 37.79348796967842,37.36507797343763,0 37.79375703210577,37.36503000963553,0 37.79433699817488,37.36495903469659,0 37.79466498334729,37.36518401413939,0 37.79487404695961,37.36532600611955,0 37.79520096853387,37.36572896485215,0 37.79561795956698,37.36588302650605,0 37.79611000599564,37.36609595882921,0 37.79648203785452,37.36630900082626,0 37.79658603644339,37.36666398057027,0 37.79648202345447,37.36701896671376,0 37.79652696804912,37.36729104205961,0 37.79678000698536,37.36750399810267,0 37.79733100510674,37.36766998385015,0 37.79762895932995,37.3676579759037,0 37.79792697799363,37.36751602909994,0 37.79817996767911,37.36748100418574,0 37.7984630208235,37.36750400212913,0 37.79868604605004,37.36757503908126,0 37.79882101383257,37.3676940021605,0 37.79902896875706,37.3678240186549,0 37.79940096971293,37.36784800330627,0 37.79960999390273,37.36782400754539,0 37.79998200913673,37.36790701134359,0 37.80010097529103,37.36815498061436,0 37.80022097715897,37.36834499477946,0 37.8002950372478,37.36847497541454,0 37.80036900394556,37.36860495741983,0 37.80057796723033,37.36866403988726,0 37.80102500937981,37.36862902749201,0 37.80142697502249,37.36858199467981,0 37.80184403372925,37.36858203717106,0 37.80243995611118,37.36860503298104,0 37.80281197801392,37.36868802857982,0 37.80307999963851,37.36881802285431,0 37.80318397921256,37.36898403931017,0 37.80340798137524,37.36918498842736,0 37.80366099510028,37.36945803291089,0 37.80398897900213,37.36961098889604,0 37.80410803747669,37.36973000741683,0 37.8042569711394,37.36986001415489,0 37.80443597958942,37.36995496057691,0 37.8046589934223,37.36999003285159,0 37.80495695568997,37.36994304380826,0 37.80522500824865,37.36987200059784,0 37.80534398381246,37.36980098084828,0 37.80558203742547,37.36967101338765,0 37.8058649808652,37.36958802774696,0 37.80632700992771,37.36957601426617,0 37.80665501457643,37.36971796959659,0 37.80696800285963,37.36978896832593,0 37.80775697064207,37.36978898215217,0 37.80875504014767,37.36993095791324,0 37.80964802949008,37.3701910423731,0 37.81015501536061,37.3705229909942,0 37.81030403909092,37.37081896797339,0 37.81043803648741,37.37106696642619,0 37.8106170346538,37.37131598820998,0 37.81067599531713,37.37155297138736,0 37.81205296667346,37.37240998194867,0 37.8122630291796,37.37224303529771,0 37.81243801461512,37.37193803962758,0 37.81240301105952,37.37109101733045,0 37.81236798677791,37.37021597163422,0 37.81245500117984,37.36959099808441,0 37.81297999003802,37.36848101483658,0 37.81703996242466,37.36738596042181,0 37.82013803992686,37.36696003602538,0 37.82378698365909,37.36694796151586,0 37.8267360163923,37.36735099587574,0 37.82804596958684,37.36787103903879,0 37.82804303849766,37.36604296970174,0 37.82795301942085,37.36554498179529,0 37.82774503154997,37.36431398525384,0 37.82735795987463,37.36315396781067,0 37.82738698948196,37.36227802757315,0 37.82759603585104,37.36133100287797,0 37.82834096108432,37.36064403500313,0 37.82869800276642,37.35993395805344,0 37.82863801615883,37.35948398344211,0 37.82837003954455,37.35889197101025,0 37.82807197294068,37.3582530264,0 37.82756597257887,37.35725902338143,0 37.82720901150197,37.35652502106875,0 37.82735804317544,37.35595602655913,0 37.82774502797316,37.35536398200044,0 37.82792300782856,37.35463000139673,0 37.82837002764506,37.35361198548033,0 37.82859395993368,37.35257002383141,0 37.82886199956531,37.3524519816964,0 37.83002402858445,37.3519779668699,0 37.83154298448274,37.35152796835039,0 37.8326149704835,37.35115002611423,0 37.83315104412184,37.35086499417706,0 37.83383600151266,37.35070001942807,0 37.83437304526895,37.35069998028688,0 37.83592200942405,37.35060502726751,0 37.83827503995435,37.35067597301465,0 37.84030001453822,37.35041497138207,0 37.8412540117751,37.35041499007843,0 37.8431300150162,37.35010796199118,0 37.84458995841632,37.35001302173557,0 37.84593002334523,37.34963402191399,0 37.84688403794345,37.34946801505905,0 37.84771795621689,37.34927900758353,0 37.84872999529865,37.34925499063215,0 37.84926701520132,37.34904195827998,0 37.84989197665233,37.34889999589996,0 37.85167904053999,37.34826100399707,0 37.85305001813452,37.34797596377033,0 37.85538804759594,37.34710003866368,0 37.85738399819909,37.34646101814535,0 37.85786102565405,37.3462479884539,0 37.85902202834556,37.34577397749149,0 37.8602140064421,37.3452770310297,0 37.86107802815541,37.34503996901289,0 37.86197103485389,37.34499302320903,0 37.86280498036947,37.34475597172939,0 37.86369897963412,37.3442109700777,0 37.86393703301426,37.34399798727745,0 37.86432496809427,37.34387995866371,0 37.86495001769942,37.34397399840509,0 37.86533702120289,37.34409296453097,0 37.86620102895773,37.34411600748759,0 37.86688602550862,37.34411600880587,0 37.86742199597746,37.34402203495218,0 37.86795897336611,37.34385604536422,0 37.86837600013914,37.34371402596659,0 37.86846497623797,37.34347698744538,0 37.86849501292122,37.34307400052597,0 37.8684049734542,37.34257703662945,0 37.86825703822839,37.34217397747874,0 37.86837603978844,37.34181896444751,0 37.86956697826736,37.34118002109688,0 37.87049099905266,37.34068198077921,0 37.87261595950535,37.33930196140931,0 37.87321201583723,37.34192403366788,0 37.8757149915617,37.34490396734525,0 37.88119797286917,37.3484800243286,0 37.89359497997734,37.35348596443476,0 37.90084498550218,37.35761298095206,0 37.91099498422717,37.36667003902649,0 37.9169579948478,37.37196199524287,0 37.91960597548333,37.37640103496683,0 37.92101102216217,37.37875603932606,0 37.92399101205539,37.38090203754399,0 37.93281103185731,37.38519302640767,0 37.93507598642279,37.38817300773925,0 37.93781800456295,37.39523297266148,0 37.93984401148232,37.40044995926313,0 37.94270499389875,37.40319202450492,0 37.94783000991892,37.40676796275432,0 37.95500195698562,37.41031901753377,0 37.95622001222666,37.41092203417063,0 37.96010799766763,37.4128469696658,0 37.9651139669384,37.4170189848897,0 37.96761702088939,37.4207140135648,0 37.96815701763305,37.4221959956739,0 37.97178896610163,37.4321569677484,0 37.97631803804227,37.4368059697773,0 37.98299398686846,37.43954702173576,0 37.98847699656066,37.44050098875446,0 37.99550899479569,37.43978602640608,0 38.00370102866142,37.43700398004507,0 38.0081439772227,37.43549498357428,0 38.01091799377028,37.4356099931414,0 38.01100495822089,37.43561401013451,0 38.02733502422519,37.44288496821004,0 38.03305703665025,37.4434809850458,0 38.03925501560033,37.4428849923945,0 38.04449995635601,37.44062004122438,0 38.05928096810182,37.43024997508363,0 38.05980900382872,37.43012904252086,0 38.06345295298965,37.42929696535196,0 38.06752103308828,37.43216801626259,0 38.06953202371744,37.43358798804154,0 38.0747759787911,37.44395796145448,0 38.08511999794606,37.44994397135909,0 38.08102099661417,37.44974702036118,0 38.08090496259604,37.45014101301275,0 38.08062897041169,37.45018497951595,0 38.08030902382068,37.45015304020711,0 38.08020104536382,37.45019197496929,0 38.08005097335734,37.45098599561288,0 38.07998597115432,37.45121699392297,0 38.07992204514533,37.45133201036406,0 38.07990502543556,37.45146800618638,0 38.08000596839985,37.45169995727412,0 38.07991597763098,37.45186003318663,0 38.07978000808556,37.45196199162822,0 38.0795079758472,37.45212896642644,0 38.07909701278032,37.4523449700686,0 38.07893301770212,37.45260302950881,0 38.07872795551647,37.45282901295566,0 38.07850497052826,37.4529260149288,0 38.0783230263622,37.45295002946349,0 38.07798900962545,37.45317801005135,0 38.07751398850354,37.45348803420315,0 38.07750291627477,37.45348883339924,0 38.0773069995952,37.45350302412626,0 38.07705298924316,37.45349298403693,0 38.07688098690105,37.45358998562259,0 38.0764860069761,37.45364297198184,0 38.07589704443214,37.45352402483606,0 38.07544309738681,37.4534839799318,0 38.07544300351783,37.45348397707668,0 38.0748959683418,37.45366099935742,0 38.07477696705566,37.45372300823706,0 38.07452298673815,37.45376801541298,0 38.07412096648355,37.45395095638982,0 38.07395001807627,37.45398504364862,0 38.07378901157567,37.45396399297901,0 38.07352801747791,37.45379899960076,0 38.0734059696868,37.4537709567547,0 38.07315598925589,37.45391698690266,0 38.07310598509487,37.45401004025401,0 38.07303801125936,37.45434695953536,0 38.07288103635717,37.4544550451692,0 38.07256198488226,37.45499297564936,0 38.07243098159089,37.45532604387414,0 38.07232598035862,37.45557801279079,0 38.07222200529033,37.45567796002741,0 38.07213397412182,37.45569698448501,0 38.07184003642116,37.45578404256455,0 38.07167199756231,37.45596097957622,0 38.07172395532233,37.45614802430039,0 38.07183300748759,37.45634001510588,0 38.07181104662073,37.45658800470741,0 38.07173501819633,37.45678197939956,0 38.07167601877456,37.4568869929517,0 38.07167399173184,37.45702299499881,0 38.07181804385507,37.45720301844692,0 38.0718969840351,37.45748299705569,0 38.07189698598471,37.4574830267498,0 38.07185296566967,37.45793801047441,0 38.0717729536441,37.45808898682612,0 38.07154097792172,37.45829695888747,0 38.0711750347695,37.4590789873047,0 38.07104196245342,37.45922602526184,0 38.07102098328069,37.45930703606589,0 38.07112601408009,37.45949504314418,0 38.07108995666214,37.45971201452746,0 38.07095099799795,37.45990600919972,0 38.07057098046597,37.46022902432769,0 38.07046195426688,37.46037600228982,0 38.07053801396459,37.4609399780163,0 38.07044104478593,37.46130101179734,0 38.07023202976048,37.46162201849484,0 38.06998796685792,37.46204797994373,0 38.0698359797294,37.4621280431624,0 38.06957603262484,37.46220801407414,0 38.06893698451074,37.46297301411525,0 38.06880797901277,37.46319701791685,0 38.06868397035024,37.46337903698411,0 38.06849306827392,37.46340399712374,0 38.06849298036316,37.46340400587007,0 38.06825603378859,37.46324299170923,0 38.0680559986805,37.46323397395327,0 38.06778004461932,37.46350803354493,0 38.06730896866092,37.4636909896283,0 38.06707396616536,37.46376304141498,0 38.06676299193303,37.46405203875476,0 38.06661601085932,37.46412804382616,0 38.0663080156158,37.4641800154198,0 38.06615604375957,37.46426097366457,0 38.06604600688996,37.46446995604757,0 38.06582501412627,37.46460402132627,0 38.06557602599855,37.46464901337061,0 38.06529596558671,37.46477104363704,0 38.0649390108838,37.46490397021778,0 38.06476099162572,37.46508197293588,0 38.06436698623281,37.46533898642684,0 38.06409304547975,37.46542603831829,0 38.0638930968935,37.46544403690081,0 38.063893002078,37.46544404126009,0 38.06347104194458,37.46567802425727,0 38.06310596373244,37.46594299812858,0 38.06266404731582,37.46625499523326,0 38.06262695895111,37.46644900487382,0 38.0626489953458,37.46664702864693,0 38.06326203664862,37.46750302631796,0 38.06293598744405,37.4680960175483,0 38.06261100319676,37.46863303160976,0 38.06215102221264,37.46891596897431,0 38.06144200381642,37.4692090185375,0 38.05448797338897,37.47116396933277,0 38.05392604573807,37.47152902024411,0 38.05301200449325,37.47206300703929,0 38.05244901158359,37.47216803125333,0 38.05178597647016,37.47241300950486,0 38.05122095964491,37.47243399580675,0 38.05060400288415,37.4724820132931,0 38.05018898578402,37.47237595647495,0 38.04980398548587,37.4720750258846,0 38.04932196126403,37.4720689729198,0 38.04905698865694,37.47212402808444,0 38.04856798980439,37.47214602598778,0 38.04796200845827,37.47193001357672,0 38.04746399402504,37.47203496932639,0 38.04710998219993,37.47212102709569,0 38.03362904394343,37.47386296611739,0 38.03343296565929,37.47376695717848,0 38.0330200114601,37.47373297857484,0 38.03268297110588,37.47381996421129,0 38.0323189674419,37.47393399096683,0 38.03172102778738,37.47382101408585,0 38.03126200973389,37.47381098104431,0 38.03089996739993,37.47369097087196,0 38.03033595753701,37.47370499256623,0 38.02936710759048,37.47359199012474,0 38.02936701585852,37.4735919835931,0 38.02774099423657,37.47355098259469,0 38.02741002504136,37.47343502435794,0 38.02695700475338,37.47321898037445,0 38.02602999351103,37.47292501841277,0 38.02579097041753,37.47260204111351,0 38.02541697995062,37.47251898124799,0 38.02498403376803,37.47226897769962,0 38.02414302569345,37.472774010427,0 38.02394000607011,37.47275198964273,0 38.02346597671686,37.47255503361575,0 38.02319695664114,37.47256802187305,0 38.02283895699387,37.47298800110124,0 38.0221280078426,37.47259398650672,0 38.02114995713063,37.47293104688855,0 38.01952703373812,37.4728140096023,0 38.0143619656539,37.47123303091415,0 38.00993496694888,37.47006203498794,0 38.00275998489145,37.46867096805747,0 37.99866600899502,37.46793901367732,0 37.99623097983886,37.46750002403329,0 37.99464404337614,37.46749998313122,0 37.99309502224767,37.4673830430198,0 37.99136098291655,37.46679696661084,0 37.99062298891226,37.46656296877584,0 37.99036502087788,37.4659480272236,0 37.98973795360963,37.46550896986029,0 37.98840998530218,37.46506999654689,0 37.98759801612553,37.46451302882611,0 37.98689796139911,37.46386902455912,0 37.98612299619437,37.46287396606689,0 37.98457302167615,37.46158502835745,0 37.98424103873412,37.46079498106807,0 37.98328203800709,37.46023801966098,0 37.98237317211641,37.45988741187703,0 37.98199096322915,37.45973997095636,0 37.98114295860091,37.45979897183439,0 37.98051602505912,37.46000401941421,0 37.9802200377661,37.46061899088254,0 37.97985202220078,37.46108703685107,0 37.97937196760938,37.46155596814101,0 37.97907699682835,37.46176103343133,0 37.97885501909215,37.46196595629121,0 37.97778619738341,37.46190700296084,0 37.97778601082554,37.46190699977825,0 37.97686297296386,37.46126297310168,0 37.97549796574932,37.46050198635938,0 37.97498197689817,37.46029697613952,0 37.97439196997599,37.46032603107129,0 37.97358001801709,37.46082400239577,0 37.97287895760662,37.4617319858211,0 37.9714770420683,37.46261003758786,0 37.97088698673976,37.4629610197075,0 37.970185973574,37.46316598949688,0 37.96926400248374,37.46384002940821,0 37.96804697723483,37.46410296471485,0 37.96664496226747,37.46483498247387,0 37.96594400255249,37.46474799338272,0 37.96513201355357,37.46471798424756,0 37.96407396456264,37.46499697577659,0 37.96356697527725,37.46518597448468,0 37.96204802008239,37.46577698386444,0 37.96094595861639,37.46601396827526,0 37.96011198730811,37.46620297477014,0 37.9585930028023,37.46641603877583,0 37.95668620835908,37.46650998927171,0 37.95668603560419,37.46650999573687,0 37.95522701960104,37.46622698685498,0 37.95394598175099,37.46599003424836,0 37.9521629920584,37.46565999327415,0 37.950624981987,37.46503403091909,0 37.9495969695605,37.46511497694753,0 37.9487330287401,37.46476097315082,0 37.94769004221584,37.46419303135941,0 37.94727300307835,37.46381497736359,0 37.94661799241888,37.46346003584848,0 37.94635003601616,37.46308204496537,0 37.94469496439383,37.46203596966419,0 37.94274202692723,37.46256197207423,0 37.94166895612973,37.46294003565232,0 37.93696300084731,37.46483201489635,0 37.93487804368242,37.46539897821022,0 37.93344803779811,37.46610800510157,0 37.93017095385076,37.46667601011197,0 37.92748996315309,37.46748000644697,0 37.92552401179049,37.46766903407517,0 37.92200902560346,37.46762103523138,0 37.91837496266562,37.46700702192549,0 37.91623001626706,37.46686496022996,0 37.91217900360333,37.4661559673487,0 37.91027297614738,37.46539901813645,0 37.90712303987802,37.46563498560743,0 37.90444196584404,37.46542297140093,0 37.9021179900281,37.46457098113752,0 37.900599014984,37.46402803433924,0 37.8981859777495,37.46367297981042,0 37.89693501306049,37.4634369943982,0 37.89493910610227,37.46360202080989,0 37.89493901240305,37.4636020250156,0 37.89321201058529,37.46438201020028,0 37.89210895747959,37.46483201242859,0 37.89166302797117,37.46513902652607,0 37.89073898735862,37.46525699112287,0 37.8895179995403,37.46561199316881,0 37.88805796583524,37.46598999518683,0 37.88725402473014,37.46606096075215,0 37.88484101285754,37.46636800307601,0 37.88281503608263,37.46695897011509,0 37.88198096235807,37.46762102561207,0 37.88078997378297,37.46769198630905,0 37.87897296430206,37.46799996052662,0 37.87775203650358,37.46835402916702,0 37.87649997925875,37.46870903024799,0 37.87572603914736,37.46920600347488,0 37.87489199510477,37.47049595784949,0 37.87454702368535,37.47046295791886,0 37.87420203449304,37.47041796648916,0 37.87335303906385,37.47024798520236,0 37.87296395975497,37.47023703470071,0 37.87280602229864,37.47021502939835,0 37.87273401608007,37.47015796216729,0 37.87204000493539,37.47080700458994,0 37.87162300432635,37.47151598988975,0 37.87063996775031,37.4721779852714,0 37.86935899694107,37.47298200627103,0 37.86661799631858,37.47371502660085,0 37.86357997026767,37.47430597654925,0 37.86045198850901,37.47503901730618,0 37.86035629568619,37.47504983695499,0 37.85940897853774,37.47515698601765,0 37.85809904545442,37.47555901933395,0 37.85645997115655,37.47572499784465,0 37.85503097188968,37.47572501226691,0 37.85333309351957,37.47577202875775,0 37.85333299966798,37.47577202752767,0 37.85130701677837,37.47565404456559,0 37.84931096304925,37.4757249606164,0 37.84746398567993,37.47579504106613,0 37.84570697361566,37.47581899566774,0 37.84469397888969,37.47586599644025,0 37.8430860446716,37.47607897011333,0 37.84186401779187,37.47615002497061,0 37.8391829787303,37.47636300143054,0 37.83819996633,37.47636298488553,0 37.83682997887969,37.47624499290019,0 37.83617497603446,37.47631599949301,0 37.83552697345197,37.47629201029439,0 37.83508004123139,37.476292016031,0 37.83439501430563,37.47638600503788,0 37.83394802427972,37.47642196096094,0 37.83372497798216,37.47642199958206,0 37.83329295576311,37.47629201386572,0 37.83311404419869,37.47609096987912,0 37.83175302688418,37.47699296617414,0 37.83097204474726,37.47756103343536,0 37.83015798582282,37.47810401656814,0 37.82966996161724,37.47836198390051,0 37.82726202139273,37.47921400301323,0 37.82634997717248,37.47936903600012,0 37.82540702106595,37.47936901555341,0 37.82332401374846,37.48107401942017,0 37.81977701946688,37.48301095954654,0 37.81753099629128,37.48430199290233,0 37.81567599897735,37.48587702403579,0 37.81326798726153,37.4871939843778,0 37.81046901137945,37.48778801580598,0 37.80728010291975,37.4876330374908,0 37.80728000907425,37.48763303712504,0 37.80477409202879,37.48776200122716,0 37.80477399824807,37.48776200356109,0 37.80301598761015,37.48869199510677,0 37.8009659877041,37.48941502313043,0 37.79484801663044,37.4910929561233,0 37.7921469862365,37.49166100974573,0 37.78996602581364,37.49127400550757,0 37.78817603259601,37.49083499720571,0 37.78661397830187,37.4900349689777,0 37.78537802840623,37.49126100365176,0 37.78371798667049,37.4923709748613,0 37.7828069745125,37.4930429626535,0 37.78078904181738,37.49386896255588,0 37.77867300151939,37.49472100391896,0 37.77756695566319,37.49557304068537,0 37.77717599446265,37.49609001043391,0 37.77636297869553,37.49694204053228,0 37.77564699951667,37.49787099829844,0 37.77506102519839,37.49846496184595,0 37.77340102717628,37.49965300400368,0 37.77226202607923,37.50032400890368,0 37.77118801258987,37.50089202731404,0 37.76874796286131,37.50158899306357,0 37.76812902877663,37.50210601519921,0 37.76529800839087,37.50347402397606,0 37.76422396900798,37.50362901934234,0 37.76192799878695,37.50504896665363,0 37.7608329905342,37.50603196783059,0 37.76008401605648,37.50751800704747,0 37.75945000362075,37.50939204089252,0 37.75939201613123,37.51083191505143,0 37.75939201372366,37.51083200517667,0 37.75939198011008,37.51403287815919,0 37.75939197883313,37.51403296826754,0 37.75933403586856,37.51515296247434,0 37.75970900074435,37.51746096152061,0 37.75970898219925,37.51833004389157,0 37.76042895771934,37.51992898111816,0 37.76060204699854,37.52077502810388,0 37.76063100268977,37.52111790288333,0 37.76063100706791,37.52111799290726,0 37.76089000302909,37.52141499791104,0 37.76135200005172,37.52203200697848,0 37.76152401576287,37.52255800839318,0 37.76126503997664,37.52290103324699,0 37.76060199859681,37.52338101005707,0 37.7591040259118,37.52367798352017,0 37.75829699304715,37.52386003629091,0 37.75682702753114,37.52422603621905,0 37.75506999810776,37.52495698379425,0 37.75455104600812,37.52527700732194,0 37.75371501118847,37.52571202963806,0 37.75308095757372,37.52614602918644,0 37.75207298519621,37.52635201484913,0 37.75094903163632,37.52628300108369,0 37.74968105476476,37.526259989889,0 37.74968096210526,37.52625999396484,0 37.74910498071208,37.52632898625236,0 37.74849900056527,37.52651195862688,0 37.7480380306462,37.52715097514427,0 37.74685702779684,37.52895698814205,0 37.7460209939718,37.52984798844419,0 37.7453009574448,37.5306479771173,0 37.74319696514104,37.53094496168821,0 37.74218898484757,37.53092199555154,0 37.74141100586714,37.53092203009414,0 37.7402289849097,37.53069400690832,0 37.74008503128728,37.5305789891251,0 37.73953804248855,37.53025896957147,0 37.73927796349823,37.53104195694723,0 37.73760703684026,37.53234500084682,0 37.73685801094804,37.53309904518093,0 37.73348602221004,37.53474403933733,0 37.73256400008039,37.53501798364003,0 37.73170000090811,37.53504102216235,0 37.73042402681764,37.53508604296759,0 37.72814799785718,37.53508604309495,0 37.72662098508068,37.53572597849895,0</coordinates></LinearRing></outerBoundaryIs>
        </Polygon>
      </MultiGeometry>
    </Placemark>
    <Placemark id="ID_00001">
      <name>{D34E09C3-2479-4A5D-A923-546908520744}</name>
      <Snippet></Snippet>
      <description><![CDATA[<html xmlns:fo="http://www.w3.org/1999/XSL/Format" xmlns:msxsl="urn:schemas-microsoft-com:xslt">
<head>
<META http-equiv="Content-Type" content="text/html">
<meta http-equiv="content-type" content="text/html; charset=UTF-8">
</head>
<body style="margin:0px 0px 0px 0px;overflow:auto;background:#FFFFFF;">
<table style="font-family:Arial,Verdana,Times;font-size:12px;text-align:left;width:100%;border-collapse:collapse;padding:3px 3px 3px 3px">
<tr style="text-align:center;font-weight:bold;background:#9CBCE2">
<td>{D34E09C3-2479-4A5D-A923-546908520744}</td>
</tr>
<tr>
<td>
<table style="font-family:Arial,Verdana,Times;font-size:12px;text-align:left;width:100%;border-spacing:0px; padding:3px 3px 3px 3px">
<tr>
<td>FID</td>
<td>1</td>
</tr>
<tr bgcolor="#D4E4F3">
<td>ID</td>
<td>{D34E09C3-2479-4A5D-A923-546908520744}</td>
</tr>
<tr>
<td>AD</td>
<td>NİZİP</td>
</tr>
<tr bgcolor="#D4E4F3">
<td>KIMLIKNO</td>
<td>1546</td>
</tr>
<tr>
<td>ILID</td>
<td>{FFB0E469-39AF-48CD-826C-9FA775F95571}</td>
</tr>
</table>
</td>
</tr>
</table>
</body>
</html>
]]></description>
      <styleUrl>#PolyStyle00</styleUrl>
      <MultiGeometry>
        <Polygon>
          <extrude>0</extrude><altitudeMode>clampToGround</altitudeMode>
          <outerBoundaryIs><LinearRing><coordinates> 37.84186300469731,37.2712400135015,0 37.83759000371614,37.27405702607328,0 37.83663797603337,37.27430500808144,0 37.83579700948427,37.27399897911981,0 37.8354589576747,37.27345104111506,0 37.83559595357487,37.27187398544745,0 37.83639595997992,37.26827504005851,0 37.83630801596592,37.26821098544446,0 37.83613298908269,37.26816801552864,0 37.83604697906543,37.26810699382838,0 37.83583603005138,37.26794797955612,0 37.83567997187806,37.26785902920734,0 37.83527496026962,37.26772699268291,0 37.83460196960894,37.2676300168968,0 37.83440296508695,37.26759903971166,0 37.83434496182971,37.26757696083909,0 37.83400698512028,37.26749803685729,0 37.83353796004164,37.26741798812167,0 37.83307097058081,37.26737196697437,0 37.83283203157422,37.26736602591934,0 37.83217598745208,37.26735798177148,0 37.83141098228795,37.26737000247147,0 37.83112197826305,37.26732797793181,0 37.83105800605326,37.26730896371389,0 37.83093101717422,37.26729497850057,0 37.830793966653,37.26731097548436,0 37.83055303775484,37.26731497250032,0 37.83040603925949,37.267404021576,0 37.83030296908373,37.2674600418642,0 37.82988497552504,37.26767096426472,0 37.82970096448338,37.26773301034806,0 37.82955201404059,37.26777604263702,0 37.82940500789238,37.26778795670909,0 37.82932204258986,37.26784096262509,0 37.82920901988152,37.2677970239961,0 37.82908203630799,37.26779096660189,0 37.82881896002883,37.26763301550716,0 37.82844396861782,37.26749598604473,0 37.82826296931985,37.26742498172074,0 37.82805403590337,37.26741397189822,0 37.82793703945303,37.26737099523273,0 37.82779595679975,37.26725098534086,0 37.82732799744516,37.26698004306974,0 37.8272079648554,37.26692296452276,0 37.82591900024983,37.2653229581035,0 37.82479996383066,37.26488597455092,0 37.82273604550751,37.26514800836644,0 37.81979096943428,37.26523603989484,0 37.81888095568201,37.26560497122563,0 37.81248000445814,37.26883096852364,0 37.8118220410218,37.26914300096119,0 37.81150697476318,37.26922396699245,0 37.81028401174921,37.26957203112861,0 37.80972597545308,37.26975096299569,0 37.80946799383801,37.2698199666944,0 37.80941104171928,37.26986102659556,0 37.8094039671649,37.26988402263925,0 37.80931801833326,37.26991795628329,0 37.80921002152283,37.26993600674693,0 37.80906700716682,37.26994801477294,0 37.80883801840984,37.26995403833225,0 37.8086449817816,37.26997798449435,0 37.80849395557827,37.27003598013062,0 37.80831603898933,37.27010501911683,0 37.80815802148552,37.27017402499354,0 37.80808700991313,37.27022602182491,0 37.80803698959194,37.27027697719107,0 37.80787204228875,37.27020398456123,0 37.8076359844559,37.27024498572059,0 37.80727798191874,37.27034299672513,0 37.80703503389678,37.27040698979975,0 37.8068409743379,37.27043103784436,0 37.80659797576949,37.27045403170095,0 37.80642599963382,37.27054604526153,0 37.80630497128745,37.27058700060337,0 37.80613304405511,37.2706499979445,0 37.80604701722635,37.27070798951115,0 37.80594700792236,37.2707880011708,0 37.80561696159089,37.27051495889567,0 37.80521502050046,37.27017903342431,0 37.8046999637813,37.27022698774992,0 37.80434199954795,37.27024497132101,0 37.80232204295326,37.27033197864734,0 37.80125497604176,37.2703759779185,0 37.79998501378711,37.27053001373173,0 37.79985602177854,37.27055297150492,0 37.79974104029539,37.27055904542598,0 37.79960502259363,37.27057598169853,0 37.79941198490756,37.27060396699825,0 37.79925503534082,37.27064401984675,0 37.79917604063383,37.27064999656677,0 37.79901897621205,37.27065004091935,0 37.79886097996737,37.27065001003551,0 37.79876101229259,37.27064999700643,0 37.79863197619053,37.2706789911968,0 37.79852498302751,37.27067295847256,0 37.79838202197565,37.27065602690332,0 37.79824596607035,37.27064403720401,0 37.79810303397409,37.27064395659809,0 37.79769500830801,37.27060996593396,0 37.79738700891014,37.27059797334177,0 37.79725797859852,37.27059200387369,0 37.79716497152396,37.27056403989659,0 37.7969509734343,37.27043798181695,0 37.79691501834944,37.27045501821274,0 37.7968719665596,37.27050604331877,0 37.79680000835923,37.27054597277427,0 37.79672203885827,37.27055202238313,0 37.79661399634919,37.27054095689162,0 37.79647803438127,37.2705289637263,0 37.79634998379731,37.27052901547186,0 37.79622798197783,37.27054095933919,0 37.79607004589577,37.27056300000459,0 37.7957559952293,37.2705859678861,0 37.79555499406509,37.27059199154246,0 37.79537598249798,37.27059200366047,0 37.79526902207337,37.27060299852157,0 37.79516899944635,37.27063199928892,0 37.79508995826379,37.27068302820477,0 37.79465999078629,37.27079804176058,0 37.79420899465016,37.27088904226404,0 37.79373703440843,37.27099802138324,0 37.79320701525805,37.27114103770233,0 37.79300600511672,37.27118201927473,0 37.79284200101208,37.27121496135525,0 37.79257003212188,37.27129504415225,0 37.7923840192085,37.27134102376734,0 37.79205502259679,37.27138096898264,0 37.78989902580201,37.27052799431934,0 37.78667402961477,37.27054798011967,0 37.78473496709287,37.27076601802694,0 37.78433400261007,37.27083397007573,0 37.78410503717784,37.27085697559387,0 37.78364699503193,37.27085099377614,0 37.78305296740902,37.27082804593637,0 37.7828309622293,37.27081102599686,0 37.78256602199517,37.27081096175734,0 37.78210803993115,37.27077595791425,0 37.77925098802874,37.27074000888548,0 37.77402702417772,37.26905001708111,0 37.77269800157006,37.26899901378695,0 37.77229599820942,37.26899899732003,0 37.77198102300722,37.2690579601386,0 37.77184101770432,37.26913502765895,0 37.77171900099356,37.26920596881098,0 37.77114301835739,37.26925396843902,0 37.77023296419416,37.27081297495413,0 37.76960597293333,37.27149898990223,0 37.76901204053297,37.27270399270944,0 37.76824402437237,37.27392601119406,0 37.76733203509073,37.27439297873504,0 37.76719400106777,37.27438395592553,0 37.76711197838176,37.27438400949852,0 37.7668320260619,37.27435899397535,0 37.76661203894332,37.27435299582153,0 37.76634999388859,37.27435402426904,0 37.76607504193728,37.27434001550238,0 37.76592803583645,37.27434500295897,0 37.76542702023279,37.27425596900238,0 37.76522595511559,37.2742159859704,0 37.7650409775913,37.27418396288546,0 37.76480203869633,37.27413102649265,0 37.76464400675281,37.27407003530858,0 37.76450801097238,37.27398501650698,0 37.76429198600943,37.27383000398815,0 37.76402504455298,37.27366899126809,0 37.76383497399421,37.27357801893038,0 37.76363002624944,37.27351502281005,0 37.76315801386505,37.2734689805635,0 37.76260695842709,37.27344303763901,0 37.76232798871933,37.27342403386506,0 37.76196899429694,37.27341496166704,0 37.76143995705507,37.27338399886356,0 37.76104004472934,37.27333903812359,0 37.76075495787338,37.27329696334355,0 37.7605929541001,37.27321295755591,0 37.76052399407683,37.27314297690997,0 37.7604860232167,37.27300999833877,0 37.76043802632567,37.27277399209344,0 37.76037995995674,37.27242901267885,0 37.760342004499,37.27211301869594,0 37.76027401388201,37.27185298110841,0 37.7602290215729,37.27171397874788,0 37.7601009825181,37.27151097177492,0 37.76002695331349,37.27137096057902,0 37.75998903191559,37.27125600229411,0 37.75992404663734,37.27107701847915,0 37.75984202200119,37.27097704430913,0 37.75971598785335,37.27088799682156,0 37.75951900094319,37.27080297803814,0 37.75933501191223,37.27072902908846,0 37.7592290445813,37.27070303053467,0 37.75908896932075,37.2706140108919,0 37.75891297713673,37.2705120091731,0 37.7587659987044,37.27042200971816,0 37.75863899305194,37.27036703773648,0 37.75848299451946,37.27032898607108,0 37.75823298164487,37.27031098462225,0 37.75809202544222,37.27024396308453,0 37.75783404047041,37.27024301934548,0 37.7575389733835,37.27025902620731,0 37.75721400672038,37.27031296205188,0 37.75697599194568,37.27034704258659,0 37.7566230335603,37.27038895686503,0 37.75631299421775,37.27042104192511,0 37.75600404449155,37.27044797382128,0 37.75578697486679,37.27047101926383,0 37.75557797084991,37.27050502697407,0 37.75543403858013,37.27052995990852,0 37.75520801682084,37.27061603352048,0 37.75496004544839,37.270718021836,0 37.75471395730806,37.27076897841071,0 37.75440100533923,37.27087598315415,0 37.75411601987405,37.2710060020969,0 37.75378902281263,37.27112898324005,0 37.75373397422079,37.27105302463438,0 37.75355697583242,37.2711799996323,0 37.75347299496262,37.27130397458321,0 37.75321504286393,37.27148098864775,0 37.75302495654961,37.27157301336191,0 37.75281496975306,37.27162496375,0 37.75266399359763,37.27162701950661,0 37.75250004439274,37.27159898969999,0 37.75233200718571,37.27151497168226,0 37.75209801463602,37.2714340029063,0 37.75192802543812,37.27137803745963,0 37.7518340403705,37.2712269619777,0 37.75175500887868,37.2710470092687,0 37.75162599258865,37.27084896420779,0 37.75145296701879,37.27068995612385,0 37.75127898780051,37.27055403104702,0 37.75111300361698,37.27041798741049,0 37.75096601501699,37.27031103815732,0 37.75081402888092,37.27016902014596,0 37.75069203628906,37.26998898144907,0 37.75065198736903,37.26990198653218,0 37.75062798221472,37.2697809622728,0 37.75062396698549,37.26971199705699,0 37.75050902259194,37.26953104305522,0 37.75037996514155,37.26935101930196,0 37.75024197680886,37.26921501078447,0 37.75008899344717,37.26910202092144,0 37.74406797739119,37.26695498691794,0 37.74338496744807,37.26671697520242,0 37.74301998193732,37.26661196543058,0 37.742760983083,37.26650196949965,0 37.74264097789905,37.26640299274236,0 37.7424319923783,37.26625198001395,0 37.74215802320855,37.26603704390578,0 37.74192002486445,37.26589402690929,0 37.7415119610463,37.26560600086427,0 37.74095204077351,37.26557999663474,0 37.74074995675967,37.26557098392387,0 37.74033795850822,37.2655400073146,0 37.73999403044203,37.2654929803315,0 37.73972699987564,37.26546599751207,0 37.73869203165724,37.26525097327414,0 37.73842898457312,37.26519500372115,0 37.7381890277442,37.26512004161554,0 37.73807101349156,37.26507897150785,0 37.73796195941024,37.26500704257709,0 37.73783599640084,37.26486696768262,0 37.73768395861451,37.26470898297683,0 37.73761598817153,37.26461203080984,0 37.73752196037732,37.26442102469139,0 37.73742197543208,37.26425002010442,0 37.73733897836581,37.26409796039265,0 37.7372320122705,37.26396301244134,0 37.73710998726009,37.26380801085786,0 37.73701096191882,37.26370700853632,0 37.73690900503006,37.26361199529062,0 37.73684200865014,37.26352899547636,0 37.73679200690786,37.26344097041066,0 37.73669095743086,37.26326799872113,0 37.73662196252888,37.26310203524827,0 37.73653896840213,37.26294997487416,0 37.73651002182336,37.26280297844296,0 37.73647399636724,37.26270402438987,0 37.73637003073375,37.2625659684067,0 37.73622603393491,37.26243796022521,0 37.73603298126624,37.26233995795525,0 37.73592400131184,37.26235200895433,0 37.73576897383624,37.26235500419851,0 37.7354839905379,37.26239603845928,0 37.73537499006382,37.26239502305122,0 37.73517202816709,37.26239196152375,0 37.73489703950627,37.26236202024769,0 37.73471897085755,37.26237400168599,0 37.73432197913659,37.2624410052731,0 37.73413000676063,37.26245895641752,0 37.73398102802903,37.26244600070476,0 37.7336030391989,37.26240098548707,0 37.7332249719566,37.26238498560042,0 37.73292895588206,37.26239103174652,0 37.73260998771082,37.2624220139712,0 37.73246397462744,37.26243703730559,0 37.73239998275983,37.26242400680888,0 37.73227900465955,37.26244001488161,0 37.73214200806186,37.26246301604262,0 37.73205700273972,37.26245002169859,0 37.73198402711711,37.26239801480585,0 37.73187503094353,37.26231598704559,0 37.73177899765488,37.26225999113096,0 37.73162196786458,37.26220804169504,0 37.73150602292339,37.26218802186177,0 37.73141298940881,37.26219803266272,0 37.73124402638844,37.26222997095129,0 37.73101897240938,37.26225696157613,0 37.73083901714987,37.2622799579365,0 37.73060199712632,37.26229603949275,0 37.7304079795969,37.26230996031121,0 37.73028202351811,37.26234000626594,0 37.73013699072661,37.26240601504882,0 37.72999595485648,37.26247602032957,0 37.72989703148357,37.26250900420355,0 37.72977401109539,37.26251702037569,0 37.72963200359888,37.26250801148964,0 37.72953603030891,37.26248301212604,0 37.7294049849509,37.26237598266223,0 37.72926997355061,37.26231100252698,0 37.72913097407701,37.26228302681338,0 37.72894696630486,37.26226300684924,0 37.72872804313904,37.26224502814686,0 37.72714001964462,37.26235697133601,0 37.72615203584503,37.26209501314725,0 37.7246150247398,37.26154097852873,0 37.723957001359,37.26092997057729,0 37.72351801001617,37.26025999105315,0 37.72296903155988,37.25828004403431,0 37.72238395723215,37.2569020198819,0 37.72165199919118,37.25563002809413,0 37.72000600196073,37.25382497194553,0 37.7177919819795,37.25198100709535,0 37.71639301731112,37.24983700898476,0 37.71542301606052,37.24953099430058,0 37.71486497611934,37.24915998227889,0 37.71446296069356,37.24867902449056,0 37.71433502495998,37.24813696531227,0 37.71444501390366,37.24716099860594,0 37.71433496910618,37.24647702599702,0 37.7136759600471,37.24605502475827,0 37.7126519890754,37.24585096276027,0 37.71122501039633,37.24593801047372,0 37.70957896583766,37.24547203859607,0 37.70617601016696,37.24423398112314,0 37.70621599418787,37.24395000419236,0 37.70634795677591,37.24323495976426,0 37.70634200757817,37.24313195844777,0 37.70590798152809,37.24288896469715,0 37.70550098381327,37.24287996066034,0 37.7053000122629,37.24290096824812,0 37.70502803201292,37.24293903851854,0 37.70479802785963,37.24300002176891,0 37.70462403090354,37.24299703068625,0 37.70344100013475,37.24333900157297,0 37.70164903285578,37.24368800252773,0 37.70062400326681,37.24364497103328,0 37.70002097554082,37.24314900774313,0 37.69956299403505,37.24259599096001,0 37.69906904684002,37.24218802694304,0 37.69826497954849,37.24196996005307,0 37.69680096585198,37.241912015115,0 37.69520998406274,37.24214503830724,0 37.6943319731174,37.24228998178951,0 37.69164302670814,37.24275601517796,0 37.69003300597632,37.24303303488745,0 37.689228002814,37.24322204448988,0 37.68776498317678,37.24322200505893,0 37.68637399244344,37.24294599156144,0 37.68536800074003,37.24250903751447,0 37.68416100573941,37.24239203840701,0 37.6834840212998,37.24258198155331,0 37.68288000688766,37.24296002702217,0 37.68236797735907,37.24307697068706,0 37.6818930112031,37.24294602876266,0 37.6816360288166,37.24275602946352,0 37.68106896378439,37.24242102746712,0 37.68033799845894,37.24226100366508,0 37.67984399557653,37.24231901757554,0 37.67944098888576,37.24261102019843,0 37.67870998623015,37.24323703262909,0 37.67827103268461,37.24351404216274,0 37.67772202395753,37.24355696691453,0 37.67731903139575,37.24336803627386,0 37.67713598801835,37.24287303167311,0 37.67689902402811,37.24231895719858,0 37.67653300900502,37.2420280332536,0 37.67607495562406,37.24204298978892,0 37.67550797197923,37.24231900788128,0 37.67505103083911,37.24280000355392,0 37.6746300192786,37.24295996130525,0 37.67426401688078,37.24282897878778,0 37.67387997375859,37.24229004346626,0 37.67340496034907,37.24207201981756,0 37.67250798883029,37.24191204056838,0 37.67181296819369,37.24173703824346,0 37.67102704485741,37.24137299810822,0 37.67078901007054,37.24144601406813,0 37.67067900848221,37.24223199153803,0 37.66998403555054,37.24293097271803,0 37.66925198508473,37.24319297971785,0 37.66813596315275,37.24325097291363,0 37.66755103019865,37.24328795910574,0 37.66663601581396,37.24341898130624,0 37.66612402561049,37.24346304382451,0 37.66522801089241,37.24357900961726,0 37.66469697300943,37.24346302468187,0 37.66424003019743,37.2431570311218,0 37.66369097532326,37.24308400769242,0 37.66325196074069,37.24320002299719,0 37.66237402872001,37.24375401735176,0 37.66149602942637,37.24413201783318,0 37.6608370124299,37.24426300599199,0 37.65991397852388,37.24430496853602,0 37.6597270083109,37.24430398530837,0 37.65948403643002,37.24427999741557,0 37.65923996331012,37.24422700868042,0 37.65898202141771,37.2441689865167,0 37.65874603583386,37.24409903217595,0 37.65858797628186,37.24408097190209,0 37.65841603082921,37.24409104058955,0 37.65817895700219,37.2441410393368,0 37.65800699381259,37.24418003336719,0 37.65787104484544,37.24419103862715,0 37.65769201503872,37.24417903686294,0 37.65755596411837,37.2441259744004,0 37.65744801127693,37.24405701766128,0 37.6573199930319,37.24395896556535,0 37.65725597145828,37.24383298464936,0 37.65712203455752,37.24359200751667,0 37.65707201134705,37.24342599982605,0 37.65693102526551,37.24317295657681,0 37.65676003855174,37.24298899751179,0 37.65653896334187,37.24279303396253,0 37.65632399007773,37.24263798476013,0 37.6561739623446,37.24254501519557,0 37.6560099568545,37.2424589998408,0 37.6558240459938,37.24236599119065,0 37.65573902030228,37.242291036209,0 37.65561803356286,37.2421529639245,0 37.65550402062536,37.2419810022831,0 37.65536896027952,37.24180302731443,0 37.65516901553669,37.24165903029909,0 37.65504700847833,37.24158900645298,0 37.65492595333456,37.24153699255786,0 37.65476096640889,37.24152497106782,0 37.65461797406275,37.24154102709188,0 37.6544449924259,37.24156299870386,0 37.65430203859423,37.24155102903984,0 37.65410103823765,37.24153302126217,0 37.65395103619554,37.24149204374586,0 37.6538359847515,37.24146796871995,0 37.6537509987787,37.24141599029672,0 37.65361497909186,37.24136400299508,0 37.65350100853961,37.24126602069418,0 37.65321498541107,37.24102400962825,0 37.65297996458954,37.24082300667552,0 37.65274495982672,37.24064399056283,0 37.65235099572723,37.24053297513831,0 37.65215104009739,37.240451961692,0 37.65195798524419,37.2403080431576,0 37.65190800872128,37.24023295574266,0 37.65181596354086,37.24012998001589,0 37.65173797249894,37.24001500395649,0 37.65168099173673,37.23986603218258,0 37.65160301829158,37.23970500849265,0 37.65151095408444,37.23956697971587,0 37.65133998873564,37.23938301219607,0 37.65109804139468,37.2391410107669,0 37.65066298991042,37.23876103679562,0 37.65047003376854,37.23861702425096,0 37.65021301318473,37.23842100898392,0 37.65002796115543,37.23826003424181,0 37.64979201126449,37.23811797117134,0 37.64902003175933,37.23791804378904,0 37.64838003595687,37.23774303725873,0 37.64751997034003,37.23772797513468,0 37.64706896451741,37.23709202030668,0 37.64583103438577,37.23610601544945,0 37.64484696583669,37.2355509924048,0 37.64367301454664,37.23491902838064,0 37.64234001916667,37.23413597708653,0 37.64097498073567,37.23357998771394,0 37.64002300594984,37.23216498601922,0 37.63964199612811,37.2313059950843,0 37.6395490201398,37.23000002041269,0 37.63894601721952,37.22881203554701,0 37.63819997361377,37.22811695925061,0 37.63750201296187,37.22758602982565,0 37.63588401768455,37.22710601749955,0 37.63509000222762,37.22657603927567,0 37.63397895417103,37.22528699664775,0 37.63397897835165,37.22465503737269,0 37.63429704303189,37.22382098091688,0 37.63432902949113,37.22303800113112,0 37.63362996190693,37.22187501182736,0 37.63397900932475,37.2215210093621,0 37.63448702634496,37.22109200052298,0 37.63477304028527,37.22041004447465,0 37.63461400496271,37.21929799685689,0 37.63594699384414,37.21735198763987,0 37.63651803788502,37.21654299598607,0 37.636771991177,37.2151530115561,0 37.63682499887163,37.21469901181328,0 37.63650402511362,37.21475895733685,0 37.63634897232068,37.21479101786498,0 37.63612597851026,37.2148440216137,0 37.63573399673434,37.21496802524477,0 37.63529696449621,37.21509301010205,0 37.63516097554396,37.21513003133106,0 37.63503395613665,37.21516503746547,0 37.63485397443118,37.21519599782481,0 37.63459701413586,37.21523396769307,0 37.63438103934321,37.21525497134089,0 37.63402802152839,37.21529003123982,0 37.63343904702297,37.21533303001826,0 37.63277797930724,37.21536404444615,0 37.63229495631324,37.21536899170827,0 37.63130003690712,37.2153240380902,0 37.63048902394838,37.21303003196581,0 37.63026602381994,37.21244800017001,0 37.6300439550836,37.21224596006829,0 37.63004400104489,37.21148801975477,0 37.63007596753431,37.21113397705733,0 37.62921898046174,37.21123498249863,0 37.62756902697384,37.2109830063641,0 37.62569599811386,37.21032495726151,0 37.62414103672054,37.20946597994831,0 37.62347500516928,37.2094409590742,0 37.62296696336047,37.20936501882801,0 37.62318903788569,37.20848003996182,0 37.62328403728513,37.20754498690908,0 37.62290404397357,37.20734302529419,0 37.62103096718704,37.20837902536355,0 37.61972997939937,37.20870798660126,0 37.61877799000914,37.20901098673432,0 37.61738204419416,37.20981999129601,0 37.61623901864616,37.21035104274192,0 37.61522303124005,37.21045204375142,0 37.61401797018627,37.21052803854562,0 37.61463898657786,37.20965701103779,0 37.61509999404158,37.20960602834371,0 37.61575102943628,37.20942899730559,0 37.61605295418204,37.20899900323222,0 37.61626000603183,37.20855597537841,0 37.61584703589251,37.2080750004117,0 37.61532196367278,37.20764403333008,0 37.61483000792586,37.2073410234101,0 37.61535397153609,37.20640400153192,0 37.61540199113166,37.20602397019408,0 37.61564001302485,37.2057959812417,0 37.61616501838185,37.20564499678077,0 37.61708599647842,37.20482203864919,0 37.61735598505425,37.20430299452688,0 37.61708600928431,37.20412600474974,0 37.61624398850388,37.20361898810796,0 37.61570403102338,37.20316398509722,0 37.61538598320933,37.20265801227822,0 37.61535395551527,37.20232800428455,0 37.61575096810214,37.20194897996748,0 37.61614897843941,37.20158201531201,0 37.61638702860367,37.20140403735729,0 37.61675300237326,37.20140399814975,0 37.61735601730076,37.20136602793485,0 37.61757901452973,37.20107498069709,0 37.61780095374539,37.20055596100203,0 37.61896103677545,37.19998699410232,0 37.6205509892858,37.19951801862926,0 37.62101102397258,37.19916397646489,0 37.62140899474421,37.19907499421853,0 37.62182203699803,37.19883504490981,0 37.62229903621598,37.19820195533741,0 37.62283899412122,37.19745499994563,0 37.62326799519131,37.19689798934352,0 37.62357001208642,37.19631604341247,0 37.6200259888078,37.19545496960875,0 37.61977197992496,37.19592396878951,0 37.61924695819654,37.19594898933874,0 37.61883404043215,37.196177033584,0 37.61805599503734,37.19612602827116,0 37.61808702616896,37.19555599808108,0 37.61716596419825,37.19546801121189,0 37.61722899599235,37.19470803727055,0 37.6183889702538,37.19473400551364,0 37.61867504343839,37.19466999085333,0 37.61900898546082,37.19446798860883,0 37.61946999971475,37.19411303804929,0 37.6196130272556,37.19377198628382,0 37.6195180070554,37.19315096342421,0 37.61961295967242,37.19286004131158,0 37.62096402397818,37.19313902286247,0 37.62137696796955,37.19194901222959,0 37.61834196576538,37.19136603433665,0 37.61754699369101,37.19129002424076,0 37.61630803933054,37.19154402576097,0 37.61602204339112,37.19199903487637,0 37.61530603085522,37.19192301450731,0 37.61511599830588,37.19199895816101,0 37.61416201995102,37.19175901394118,0 37.6139559606335,37.19254400577724,0 37.61284300347212,37.19231604027622,0 37.61308204583608,37.19116401999506,0 37.61357403618332,37.19115101111685,0 37.61368598568934,37.1903919935408,0 37.61355796711488,37.1902519892017,0 37.61379696464178,37.18939103447659,0 37.61320900106415,37.18918898932206,0 37.61260501504591,37.18979700845662,0 37.61177904381918,37.18932803636167,0 37.61115902007565,37.19010000271723,0 37.60990301167278,37.18934102348808,0 37.61146101833815,37.18792299044213,0 37.61098397375276,37.18749296941802,0 37.61088902082108,37.187138043095,0 37.61025300990988,37.18663196235601,0 37.60976004101158,37.18626496287725,0 37.60890198444855,37.18485904606881,0 37.60880700329304,37.18445401412256,0 37.60893403547333,37.18414995797215,0 37.60937101607536,37.17937602590826,0 37.60938205184173,37.17930513633323,0 37.60865774151049,37.17923486398747,0 37.60850496855256,37.17859199547132,0 37.60874301405198,37.17838997276716,0 37.60906097665066,37.17811098807669,0 37.60869599579859,37.1764139700766,0 37.6079809741245,37.1764650398222,0 37.60786902908307,37.17671797636182,0 37.60766299099242,37.17687000031253,0 37.60666198369342,37.17680698395679,0 37.60623299630333,37.17778197376461,0 37.60445302692267,37.1772250422286,0 37.60483398149635,37.17650302835863,0 37.60472299526572,37.17617399510047,0 37.60438901316954,37.1758189648104,0 37.60346798171771,37.17523704582194,0 37.60322895624548,37.17487000357487,0 37.60324196229797,37.17454496760978,0 37.60331397379255,37.17439701766201,0 37.60346696038888,37.17399799588291,0 37.60353699749116,37.17384899136852,0 37.60372298996676,37.17376798475216,0 37.60386598144522,37.17362997698201,0 37.60383696220613,37.17350502202061,0 37.60386496917747,37.17342399072932,0 37.60383597796597,37.17323000834393,0 37.6040779531544,37.17301199110192,0 37.60417902224332,37.17309199544908,0 37.6043069879187,37.17297698940668,0 37.60446499234214,37.17302197878457,0 37.60470802965285,37.17296398788283,0 37.60498002579494,37.17271204015682,0 37.6053929657518,37.17223001385869,0 37.60550597823597,37.17194399346809,0 37.60531796972073,37.17137197658754,0 37.60518897253626,37.17125801871111,0 37.60495904068979,37.17122400716809,0 37.60495795588263,37.1709839583626,0 37.60523199025498,37.1704380316122,0 37.60574000501764,37.17010899080906,0 37.60639196961773,37.16988099562442,0 37.60678902930396,37.16961500208729,0 37.60698000426814,37.16866495589097,0 37.60682104533022,37.16817103605135,0 37.6064709907916,37.16763897578938,0 37.60642297326888,37.16732296724921,0 37.60618502044638,37.1664620021143,0 37.60597802819072,37.16620798394951,0 37.60567596055707,37.16606897773551,0 37.6054379762306,37.16613203836081,0 37.60524703102499,37.1664739941322,0 37.60497700011685,37.16644899659084,0 37.60450096506877,37.1662340351722,0 37.60437297398432,37.1660310296426,0 37.60458001798837,37.16554999210067,0 37.60475498982139,37.16510696588382,0 37.60461202826578,37.16449901200198,0 37.60453201471931,37.16434699174106,0 37.60432598613539,37.16428300796961,0 37.60292698609617,37.16449902281133,0 37.6023549690861,37.16454902367943,0 37.60186304360551,37.16477699509234,0 37.60125903262534,37.1649040202915,0 37.60059104276711,37.16491701167971,0 37.59984398751202,37.16475201079108,0 37.60017799215573,37.16541100776718,0 37.60067095583704,37.16547400734127,0 37.60062297145202,37.16594198605449,0 37.59928800865077,37.16585403939103,0 37.5992410377489,37.16533498713848,0 37.59817603438148,37.1649420433292,0 37.59817595942435,37.1645240062046,0 37.59773103653156,37.1645370363714,0 37.59728598204816,37.16438497709021,0 37.59666598726468,37.16439702893719,0 37.59623698772332,37.16475200082941,0 37.59493397492308,37.16523300489176,0 37.59444099604217,37.16528397669978,0 37.59445703197422,37.16511903258075,0 37.59479095561635,37.16486600417549,0 37.59504502265228,37.16458701569734,0 37.59496600188124,37.16411903590848,0 37.59464797051277,37.16390397940491,0 37.59460003484819,37.1636379775826,0 37.59502900505594,37.16349802389111,0 37.59518799674893,37.1632200447315,0 37.59558603793086,37.16307996398947,0 37.5956649601355,37.16291597558543,0 37.59550597579717,37.16272599365428,0 37.59561697034441,37.16259897051359,0 37.59614200224562,37.16224495955552,0 37.59599901289805,37.16192797214831,0 37.59558597528942,37.16182702080025,0 37.59510898447635,37.16177604138796,0 37.59477495915582,37.16158598135387,0 37.59472701221623,37.16123103749823,0 37.59546201756476,37.16028602952875,0 37.59676504505394,37.1599820032612,0 37.59774995849786,37.15985599366515,0 37.59937096545316,37.15939995391108,0 37.59994373739416,37.15888974514822,0 37.60045206323847,37.15843699633684,0 37.60251704863917,37.15737304525087,0 37.60407498830097,37.15750002073112,0 37.60493307269201,37.15684102258131,0 37.60474204821141,37.15643602458552,0 37.60445596736208,37.15630896380192,0 37.60607697583336,37.15595502204879,0 37.60811099203593,37.15522003991873,0 37.60979501818501,37.15506803934645,0 37.61154403656302,37.15443500404016,0 37.61348202258512,37.15347198591756,0 37.61494395976005,37.15273800812641,0 37.61707199634713,37.15225796499359,0 37.61760004341336,37.15237601624956,0 37.61791397755667,37.15224998591907,0 37.61837399879629,37.15271797231414,0 37.61866001285727,37.15260196433356,0 37.61910796452378,37.15279103102238,0 37.61982297817111,37.15248496406689,0 37.62096700360659,37.15200298004528,0 37.621983953431,37.15119299913818,0 37.62300095549113,37.14962199703818,0 37.62398596377335,37.14901402036087,0 37.62551200554233,37.14898904059263,0 37.62897596379274,37.14817802795442,0 37.62989801405523,37.14744299662233,0 37.63037400735671,37.14622703167436,0 37.63075600013384,37.14473300655924,0 37.63142299576364,37.14409897613551,0 37.63199495615375,37.14344102037746,0 37.63307603067275,37.14331402478181,0 37.63431498685313,37.14247798989845,0 37.63510995632565,37.1423010340331,0 37.63638101372626,37.14265502774575,0 37.63788601007804,37.14248698996976,0 37.63895603669716,37.1420470388615,0 37.63892404272664,37.14154104272363,0 37.63852698444644,37.14109803735913,0 37.63835696632558,37.14106199995346,0 37.63800096301672,37.14062401197712,0 37.63786801662165,37.14048599347382,0 37.63710801962382,37.13992400236856,0 37.63690397862111,37.13977804266035,0 37.63665802281001,37.13960400642807,0 37.63626399099311,37.13930900797516,0 37.63598696440668,37.13923100926624,0 37.63478002379356,37.13897200721293,0 37.63441102303477,37.13888202670277,0 37.63354000052752,37.13854700884222,0 37.63220097029806,37.13806298396614,0 37.63167702649569,37.13788600658564,0 37.63021600665036,37.13692900919374,0 37.6283720320843,37.13586497345721,0 37.62522601437043,37.13558699338112,0 37.62469499700543,37.13545099351513,0 37.6252139732791,37.13440801734672,0 37.62527698276094,37.1333700315495,0 37.62607200260118,37.13182403388385,0 37.62724797001204,37.13106400142943,0 37.62896399067078,37.13075999286121,0 37.62959996425894,37.13032897579993,0 37.63022399327226,37.13089901532234,0 37.63260703827153,37.13150701188854,0 37.63368796085227,37.13115202676367,0 37.63435502071459,37.13034198693882,0 37.63502301600737,37.1304429825145,0 37.6362939845808,37.13120303468964,0 37.63816902623022,37.1319130009794,0 37.63966296628391,37.13208996177574,0 37.64020295478392,37.13295100627918,0 37.64077496558593,37.13343303717205,0 37.64258701142845,37.13350904338301,0 37.64560600719823,37.1338640223949,0 37.64617797972583,37.13391402131833,0 37.6476719852912,37.13249496469795,0 37.64868898321436,37.13249496881135,0 37.64996004244669,37.13181097911093,0 37.65008698242216,37.13127898234454,0 37.64932497970945,37.12930303223571,0 37.64976996965424,37.12889700416318,0 37.65119996996329,37.1277820272597,0 37.65269400617125,37.12737695759089,0 37.65415599182705,37.12740197904715,0 37.65479101083163,37.12813700281201,0 37.65571296083098,37.12839104306533,0 37.65701600577975,37.12813700486939,0 37.65882703290928,37.1293790284888,0 37.66127504411376,37.12839097658664,0 37.66149698208394,37.12745302659425,0 37.6628650214956,37.12741798055659,0 37.66385703460236,37.12702197653255,0 37.66484203987279,37.12704797366156,0 37.66512804029169,37.12649002738528,0 37.66611395265129,37.12648995904772,0 37.66684499143771,37.12628701714443,0 37.66716198505952,37.12562797417239,0 37.66830700662642,37.12512200456666,0 37.66954601284979,37.12453900428739,0 37.66976896253804,37.12393102112217,0 37.67094397282664,37.12332196484189,0 37.67208901955875,37.12276504469983,0 37.67278797546614,37.12200498709943,0 37.67329598648141,37.12114299838448,0 37.67418602705879,37.12068698057661,0 37.67571201523255,37.12043400468924,0 37.6763159695364,37.11997696913715,0 37.6765059590696,37.11873603166071,0 37.67685598553535,37.11843100243468,0 37.67768198244836,37.11840597693102,0 37.67857196519631,37.11886196663057,0 37.67908103381553,37.11891296973036,0 37.67958903386516,37.11860902808452,0 37.67958902508575,37.11779800632673,0 37.68000203163687,37.11721497583139,0 37.68063801160641,37.11696202270475,0 37.68082900733349,37.11642899592762,0 37.6817820347153,37.11637898148766,0 37.6822910132075,37.1160240104016,0 37.68295799217245,37.11594803878116,0 37.68330799792477,37.11615096024077,0 37.68451499342653,37.11602396445222,0 37.68562798919579,37.11554198422768,0 37.68562800948149,37.11473096326171,0 37.68499199882648,37.11267802831058,0 37.68391200996487,37.11280502615011,0 37.68305298528217,37.11303295834806,0 37.68232198760338,37.11303297270373,0 37.6813370410751,37.11275398843654,0 37.68012998210678,37.11272902089828,0 37.67800000996633,37.11272900414584,0 37.67723698670829,37.11153795770518,0 37.67695103791096,37.11016903202717,0 37.67650603267074,37.10854697152023,0 37.67587103051684,37.10854702942216,0 37.67587099036767,37.10803996064372,0 37.67641099960304,37.10712803396505,0 37.67644303144665,37.10636702096969,0 37.67635502529608,37.1056960166902,0 37.67624396473812,37.10478302222804,0 37.67590999978479,37.10476999252454,0 37.67578303380409,37.10431400935546,0 37.67532197448764,37.10437801829598,0 37.67533796466189,37.1036169615907,0 37.67544995633209,37.10217202594422,0 37.67481400730301,37.10231203817749,0 37.6747170447284,37.09992701399064,0 37.67452802968311,37.0990919853559,0 37.67409896056368,37.09810399891487,0 37.67381301023967,37.09858500932184,0 37.67355499706087,37.09876302226132,0 37.67345098454507,37.09876295891083,0 37.67332399948094,37.09861696390364,0 37.67315698172856,37.09860400217,0 37.67295096957333,37.09864899256378,0 37.67285502939522,37.09861096716942,0 37.67279995477818,37.09846503889359,0 37.67272795969112,37.09840198375303,0 37.67248198139978,37.09838896300301,0 37.67229102695811,37.09833803874114,0 37.67220404052478,37.09820499629371,0 37.67207697260982,37.09792004660196,0 37.67198097902772,37.09758401362133,0 37.67202899979038,37.09735003132359,0 37.67198902412589,37.09663301841447,0 37.6719420431385,37.09648796657322,0 37.67176701099825,37.09635499325423,0 37.67167900047681,37.09609499397179,0 37.67158403212994,37.09594899687712,0 37.67161602720287,37.09561899894099,0 37.67156802058022,37.09542295699242,0 37.67162402192081,37.09526500890119,0 37.67183804300553,37.09507401329248,0 37.67204495535775,37.09506199374054,0 37.6723149891659,37.0949669895702,0 37.67247395820423,37.09478298691545,0 37.67260902661727,37.09449100484574,0 37.67291900507374,37.09423800699744,0 37.67305397867469,37.09394602576219,0 37.67320496853679,37.09369896465923,0 37.67351497476778,37.09343902657213,0 37.67396804634189,37.09319202552868,0 37.6739920187416,37.09308400131301,0 37.67374501138833,37.09297700821708,0 37.67357804259684,37.09289402794143,0 37.67333996909058,37.09255198097812,0 37.67317301522702,37.09241898656396,0 37.67305396521991,37.09224097953535,0 37.67295895861459,37.09201298014816,0 37.67291901653142,37.09184196621804,0 37.67270396846987,37.09162701522186,0 37.67267300956197,37.09131601798682,0 37.67262495825078,37.09125298521559,0 37.67245804266975,37.0912270442982,0 37.67213198287435,37.09124597144604,0 37.67201295924939,37.09084096529631,0 37.67186196194942,37.09077100322003,0 37.67184601242646,37.09063200231129,0 37.67186201649552,37.09049903864481,0 37.67199699471909,37.0903340293331,0 37.67198900724711,37.0901689630075,0 37.67203702575456,37.09008700272975,0 37.67216401889139,37.08990903827206,0 37.67220400201121,37.089756992715,0 37.67217199473,37.08952900494123,0 37.67216395417807,37.08936997761396,0 37.67225903904775,37.0891290226508,0 37.67230700719984,37.08891396547519,0 37.67246595714075,37.08864102087201,0 37.67250598559984,37.08846995972733,0 37.6725450030931,37.08827404263736,0 37.67268099685791,37.08810901732031,0 37.67270399395215,37.08794396434708,0 37.67261697343062,37.08767800412745,0 37.67264099225177,37.08751302683779,0 37.67271195985303,37.08736099443836,0 37.67270398749105,37.08725999899782,0 37.67260899011319,37.08707002681226,0 37.67266499674513,37.08653702315276,0 37.67280802663795,37.08609299614265,0 37.67303801099783,37.08577696539759,0 37.6732049690378,37.08558600076901,0 37.67319698768368,37.08539597224211,0 37.67334795708977,37.08521199117207,0 37.67340403716783,37.08493995647688,0 37.67371297378201,37.08440103969338,0 37.67378499753362,37.08433099563647,0 37.67388798195787,37.08428096992743,0 37.67415002389901,37.08391302862148,0 37.67412696460336,37.0837419575784,0 37.6744210095028,37.08344998084366,0 37.67457197964482,37.08324103702052,0 37.6748740274401,37.08251198322533,0 37.67504001729803,37.0823659968198,0 37.6750880306088,37.08222095528717,0 37.67506398895266,37.08197996996794,0 37.67488096172109,37.08182800956362,0 37.67463498075497,37.08174497430852,0 37.674412966746,37.08175198478907,0 37.67392802459018,37.08169404010236,0 37.67369004478066,37.08161197106705,0 37.6734040027609,37.08161799140778,0 37.67283903588491,37.08168796161066,0 37.67229896885294,37.08161204429175,0 37.67178301207415,37.08148496025874,0 37.67157601279814,37.08139001411695,0 37.67125004491587,37.08127601874277,0 37.67112300779761,37.08110497094283,0 37.67099601803417,37.08099096329276,0 37.67065403878228,37.08083204545459,0 37.67060697932723,37.0807250216175,0 37.67079698559664,37.08036296941826,0 37.67090098873503,37.07992003389082,0 37.67104400756188,37.07969102125653,0 37.67129000530109,37.07941198509205,0 37.67187801832846,37.07868999098044,0 37.6727659830097,37.07790798232449,0 37.6719810437285,37.07756102951318,0 37.67202103856511,37.07732103233685,0 37.67216397866804,37.07732099878137,0 37.67225896389148,37.07724504494029,0 37.67229898155259,37.07709903600495,0 37.67225903966649,37.07691495556259,0 37.67207700439508,37.07678199139352,0 37.67195803878762,37.07659803318374,0 37.67191801478959,37.07627499701977,0 37.67198096636633,37.07533602091957,0 37.67175002195766,37.07343597431482,0 37.6718959640017,37.07251700411652,0 37.67141899874583,37.07175496281413,0 37.6690639606116,37.07002901193184,0 37.66906403463849,37.06936802235261,0 37.67307302001417,37.06649897098922,0 37.67437795605438,37.06530600246267,0 37.67466501504087,37.06434097031955,0 37.67450499454967,37.06375703595491,0 37.67304201653441,37.06256303242182,0 37.67275504409285,37.06185202276068,0 37.67215100702747,37.06098904471808,0 37.6705910190953,37.05926199804478,0 37.66950897790753,37.05860200757524,0 37.66701395406056,37.05871298013539,0 37.66639303117758,37.058812001319,0 37.66577201043126,37.05861400293689,0 37.66469597192398,37.0582009778115,0 37.66448901957187,37.05798598508585,0 37.66422004121078,37.05760596161576,0 37.66386800593086,37.0573249677747,0 37.66337098145093,37.05699500169016,0 37.66299798762824,37.05658200985418,0 37.66278096395334,37.05619404573463,0 37.66218096781451,37.05576395815108,0 37.66186996333382,37.05559899101237,0 37.66170003567765,37.05552901062681,0 37.66156502966949,37.05552098963776,0 37.66081402296961,37.05469695602329,0 37.66071802444428,37.0545640296985,0 37.66072597466807,37.05437999446237,0 37.66065499082544,37.05419499134068,0 37.66040803346147,37.05402398699899,0 37.66018500368271,37.05380200278855,0 37.65989101409115,37.05363003392841,0 37.65981101337653,37.05347795895116,0 37.65973198315096,37.05328099212595,0 37.65954103282287,37.0531480420364,0 37.65923796757357,37.05300197072926,0 37.65900802775061,37.05278602817257,0 37.65896003296104,37.05254501160561,0 37.659278020431,37.05196698336004,0 37.65936600267853,37.05168099006828,0 37.65941297976574,37.05121101569983,0 37.65960398788573,37.0505379799257,0 37.65992304272964,37.04996696344455,0 37.66020100005412,37.0494079663949,0 37.66028897622337,37.04912197245807,0 37.66043995738617,37.04896999782376,0 37.66073403649339,37.04879799644856,0 37.6608769920996,37.04861396359262,0 37.66096503111542,37.04834797342058,0 37.66092498192022,37.04825895977942,0 37.6605269734271,37.04824002165597,0 37.6600500181191,37.04809999123419,0 37.65995396872974,37.04796003539205,0 37.65966803103125,37.04789699195109,0 37.65925401505402,37.04787097385076,0 37.65847501841906,37.04786501705998,0 37.65825203660637,37.04778901417047,0 37.65814801731419,37.04771296958723,0 37.65763103633407,37.04765504296074,0 37.65711399428899,37.0478330350531,0 37.656828043551,37.04784604127206,0 37.6561989979941,37.04771298579399,0 37.65458777480202,37.04730769814229,0 37.6544889656297,37.04727501254105,0 37.65437764117226,37.04720393264,0 37.65105655336998,37.05036286593158,0 37.65058697888217,37.05003696844519,0 37.65029199750099,37.0499159939851,0 37.65010099841503,37.04989098613564,0 37.65003001518357,37.04983303840279,0 37.65000597906737,37.04961799824656,0 37.64987100526945,37.04941396330165,0 37.64980696514398,37.04928698100296,0 37.64987102739968,37.04921796293344,0 37.6501169611518,37.04919796020706,0 37.65021303416459,37.04904000408215,0 37.65034000749461,37.04865200532127,0 37.65029201083009,37.048537956929,0 37.64999003235639,37.0484489796823,0 37.64979099488574,37.04834802578048,0 37.64961601243518,37.048175997186,0 37.64907501558774,37.04754802948558,0 37.64887602537969,37.04738903993174,0 37.64868504237307,37.04731302456893,0 37.64841503415121,37.04730001567759,0 37.64768297778346,37.04705903680175,0 37.64731698526965,37.04693795996958,0 37.64702196004347,37.04689997350393,0 37.64675999150773,37.04681701031571,0 37.64646601406642,37.04670304062357,0 37.64626699160855,37.04652503291322,0 37.64613102616246,37.04638597993892,0 37.64582103826172,37.0460929922352,0 37.64536802659927,37.04593499744728,0 37.64504903709177,37.04598502019567,0 37.64495404557252,37.04604302049659,0 37.64495402869968,37.04637302177716,0 37.64491396641839,37.046492979663,0 37.64464398363238,37.04664000605955,0 37.64432500243066,37.0469570372188,0 37.64427800418001,37.04722397840843,0 37.64402304147735,37.04742702759459,0 37.64372100442015,37.04755403962657,0 37.6434899777351,37.04756003490971,0 37.64302100550098,37.04753499178456,0 37.64246402873289,37.04738897014317,0 37.64195496928132,37.04741404130124,0 37.64138201070507,37.04751596098322,0 37.64119095496444,37.04762998660379,0 37.64070600983347,37.04750900259111,0 37.64034003216061,37.04619496145064,0 37.64006901631398,37.0463029715517,0 37.63935296031433,37.04645498180771,0 37.63898699121987,37.04645499298995,0 37.63881196941995,37.04637901131655,0 37.63846198807732,37.04584603996046,0 37.63820803479836,37.0454840407272,0 37.63777003307332,37.0450010353924,0 37.63753897239879,37.04471603738751,0 37.63743602863051,37.04441701441304,0 37.63732402243628,37.04432195725214,0 37.6370539901432,37.04420799377601,0 37.63639400124451,37.04411202642876,0 37.636106982288,37.04402298720702,0 37.63535098194392,37.0437690154402,0 37.63487400830589,37.04354696829657,0 37.63374403872771,37.04312196431763,0 37.63344195549807,37.0429310249066,0 37.63301200416213,37.04261397252511,0 37.63291701838384,37.04229600177887,0 37.63302799237535,37.04154696864849,0 37.63337803828161,37.04124197486738,0 37.63377602884724,37.04110204231179,0 37.63479496074888,37.04111503848317,0 37.63525597436579,37.04103902507929,0 37.63533596901257,37.04086102581665,0 37.63471500530932,37.03997203768076,0 37.63477898135507,37.0395269781303,0 37.63520800687215,37.03903201016911,0 37.63522399765496,37.03832096108636,0 37.6349700333299,37.03799103523721,0 37.63465097959018,37.03783800134418,0 37.6345719757028,37.03767300696584,0 37.63462002381591,37.03743200795635,0 37.63498498920426,37.03707597900105,0 37.635335991889,37.03688604428694,0 37.63601996305493,37.0367460366262,0 37.63646496277599,37.03612396041953,0 37.6373240462294,37.03556501679979,0 37.63778599896818,37.03513302548863,0 37.63804002393685,37.03467596810902,0 37.63810399915389,37.03420603524128,0 37.63791298685188,37.03337997285062,0 37.6395360310515,37.03392599886171,0 37.63987003310199,37.03396400639141,0 37.64031599666247,37.03384997323374,0 37.64139804163238,37.03338001491282,0 37.64193897501725,37.03287202848204,0 37.64249600751423,37.03186800391983,0 37.64260702671815,37.03094098342515,0 37.64243198822424,37.0307249682486,0 37.64171602775507,37.03084004214116,0 37.64143002557142,37.03087797372941,0 37.64130195845338,37.03075097107353,0 37.6412549751923,37.03016596193068,0 37.64142998353739,37.0299630339201,0 37.64184297828595,37.0299119907808,0 37.64287797203588,37.02998903899784,0 37.64310798388296,37.02939199457231,0 37.64313997313614,37.02907398566508,0 37.64306104084227,37.02813400477302,0 37.64318795739655,37.02784198598884,0 37.64401499226277,37.02674896461986,0 37.64447702919156,37.02636804165945,0 37.64625898457935,37.0253270084653,0 37.64710203744451,37.02500900499589,0 37.6471339885336,37.02480598249996,0 37.64699097312825,37.02447598290547,0 37.64621096085372,37.02410697291937,0 37.64571804262118,37.0237129792287,0 37.64539897116084,37.02319203238591,0 37.64430198070768,37.02287498669631,0 37.64449501975996,37.02230999125349,0 37.64493997987591,37.02185198508084,0 37.64549699125008,37.02148397950111,0 37.6459579831013,37.02075999621962,0 37.64608597505546,37.02050598772545,0 37.64598995593111,37.02012396986969,0 37.64629303815046,37.01988303139479,0 37.64669003013436,37.01952697387998,0 37.64705597945603,37.01922298094723,0 37.64726300075248,37.01904501292452,0 37.64756503252936,37.01880300465861,0 37.65000801953764,37.01727899820166,0 37.6503419917446,37.01680899816447,0 37.65059703080688,37.0163449605976,0 37.65096295490861,37.01537302288191,0 37.65157904390139,37.01453502700092,0 37.65188101908348,37.01424903204441,0 37.65255797119961,37.01375298269848,0 37.65265303211755,37.01369596751021,0 37.65282795893464,37.01370200183799,0 37.65383798079645,37.0128889645606,0 37.65461003424854,37.01205697981841,0 37.65477096751869,37.01160596104047,0 37.65391198358003,37.01140301243785,0 37.65403904502233,37.01048801245695,0 37.65407097321602,37.00936995641694,0 37.65426203100633,37.00820102001188,0 37.65544002542603,37.00764200665682,0 37.65324398056228,37.00578695860035,0 37.65365803529106,37.00527798509469,0 37.65435796209898,37.00446502919856,0 37.65464400430885,37.0027879574619,0 37.654961967229,37.00174602430838,0 37.65464400380912,37.00138999706577,0 37.65445302254653,37.00090702753477,0 37.65359399620009,37.0006280177361,0 37.65340297984356,37.00037403040877,0 37.65330698870577,36.99989099665709,0 37.65311697343078,36.99963600378672,0 37.65248002494162,36.99955998690221,0 37.65213004488829,36.99912797923789,0 37.65178004044705,36.99844202643627,0 37.65083998172097,36.99856198448905,0 37.64770700873484,36.99770500235927,0 37.64777003824086,36.99701897762996,0 37.6465039712591,36.99583098345943,0 37.64678403977319,36.99549403044051,0 37.64713400847216,36.99488395672572,0 37.64417400123137,36.99366401379829,0 37.64382397410944,36.99381602253457,0 37.64360199167616,36.99432500646914,0 37.64302897987359,36.99434997332587,0 37.64290101906591,36.99513800405587,0 37.64312401417479,36.99546798466419,0 37.64306102244689,36.99595097568745,0 37.64223300170573,36.99625603408315,0 37.64188302263996,36.99653600001224,0 37.64166004156622,36.99714601380381,0 37.64108800974162,36.99795901984263,0 37.64029204223587,36.99844196069063,0 37.6393049878474,36.99860095702903,0 37.63895503648554,36.99841699854493,0 37.6392149915475,36.99298501455685,0 37.63880896853151,36.9925530202171,0 37.63617399209118,36.99023302857204,0 37.63543097623872,36.98985496035317,0 37.63306604305873,36.98785802624615,0 37.63191704477386,36.98731799513445,0 37.62995703002692,36.986669961295,0 37.62813295896438,36.98586097474979,0 37.62657898591279,36.98494300264978,0 37.62509197494678,36.98407897353717,0 37.62198395787811,36.98310804296722,0 37.620834984969,36.98310796938406,0 37.6196859808438,36.98305399540474,0 37.61671299834732,36.98170403559341,0 37.61353698976974,36.98197398783226,0 37.6129589876678,36.98202203624385,0 37.61294397025033,36.98194699271362,0 37.61291904556352,36.98188100627557,0 37.61287095758986,36.98179298475104,0 37.61283401602263,36.98173698413492,0 37.61286000179358,36.98172599758622,0 37.61294103107198,36.98168497468449,0 37.61300797964513,36.98164396289103,0 37.612887962607,36.98151898107265,0 37.6128059798002,36.98152802469565,0 37.61267495931577,36.98138201450436,0 37.61259598740315,36.98140201179967,0 37.61246903963873,36.98144897502234,0 37.6124040111803,36.98140101511811,0 37.61232100170377,36.98135699528229,0 37.61232095692168,36.98146901004213,0 37.61214599856713,36.98131296177816,0 37.61207699444684,36.98123901269663,0 37.61205396525623,36.98119697104154,0 37.61201799383819,36.97980399119301,0 37.6132440221412,36.97430799013652,0 37.61328696125258,36.97430596405614,0 37.61329098330723,36.97424201682475,0 37.61332399522906,36.97416902519811,0 37.61334496814021,36.97410502776701,0 37.613392968882,36.97401804369232,0 37.61344000348397,36.97393801212989,0 37.61363795632997,36.9736790301783,0 37.61377497585758,36.97361399562121,0 37.61388095756263,36.97357497634244,0 37.61398203246529,36.97352295667992,0 37.61410897387378,36.97345003819297,0 37.61425399941852,36.9733649788114,0 37.61436299441347,36.97330203747663,0 37.61449997074201,36.97323501960773,0 37.61461697401187,36.97317404138588,0 37.61473698581039,36.97310202828463,0 37.61488897399718,36.97300903303378,0 37.61502699177249,36.97290802779415,0 37.61523596824316,36.97275901541727,0 37.61533702955728,36.97270203847214,0 37.61538802432404,36.9726780044362,0 37.6154440011743,36.97265300068747,0 37.61550198489838,36.97260904617794,0 37.61561898224465,36.97252598838466,0 37.61573902535506,36.97243802279031,0 37.61583895974934,36.9723409587511,0 37.61591901010677,36.97224101186777,0 37.61602301055256,36.97216101467165,0 37.61609797406221,36.97207897916034,0 37.61613101282977,36.97202499992029,0 37.61617696597576,36.9719859850136,0 37.61627400522143,36.97193600054175,0 37.61633201132138,36.9719150249903,0 37.61645095675073,36.97187600711444,0 37.61654199679858,36.97184899368563,0 37.61661997524557,36.97183504488871,0 37.61674898822132,36.97179904395693,0 37.61691801266225,36.97175402678911,0 37.6170390151005,36.97172903749981,0 37.61724896643469,36.97167895648349,0 37.61737498526557,36.97165903593213,0 37.61747902512832,36.97165104017473,0 37.61750901885755,36.97163702386229,0 37.61798399071226,36.97163100107487,0 37.61842302353072,36.97162501590813,0 37.61905397977074,36.97161001267344,0 37.61974904186522,36.9716040448879,0 37.61992096460697,36.97159097522964,0 37.61999801257831,36.97159001382267,0 37.6200600026111,36.97159096975503,0 37.62010804301239,36.97158499735803,0 37.62014996439655,36.97157000669827,0 37.62019296455569,36.97153598688752,0 37.6202249935509,36.97150004364519,0 37.6203069827604,36.9713040024455,0 37.62044899501864,36.97095502649899,0 37.62056101395602,36.9706899966007,0 37.62063700372718,36.97052999453251,0 37.62068698923138,36.9703929658229,0 37.62079397873058,36.97011800161775,0 37.62125500531744,36.96901399900686,0 37.62134498679637,36.96880198784808,0 37.62140100606511,36.96875301000102,0 37.62146800987271,36.96871100167695,0 37.62157599594352,36.96867095714137,0 37.62166104411537,36.96866303609837,0 37.62175095916163,36.96864000022861,0 37.62187996723721,36.96859101603975,0 37.62203796260332,36.96852000834187,0 37.62217801506593,36.96847204509857,0 37.62229998048661,36.96842297740368,0 37.62239298550391,36.96837097085383,0 37.62248195953403,36.96830802459246,0 37.62269602309773,36.96807701474594,0 37.62271002281185,36.96803401750859,0 37.62276803637223,36.96792202110547,0 37.62292097969749,36.9676349824398,0 37.62342299466355,36.96678399820773,0 37.62361101417955,36.9664609728739,0 37.62398600075875,36.96583097687532,0 37.62480100719486,36.96550495750646,0 37.62589802142619,36.9639369618743,0 37.62728601871354,36.96191303470825,0 37.62912502709383,36.96027797307067,0 37.63054700096429,36.95900303941949,0 37.63262899234276,36.95853096233494,0 37.63438996795615,36.95775597217958,0 37.63500901000226,36.95730200321047,0 37.63537601263474,36.95698496545418,0 37.63625597662192,36.95613502857956,0 37.63939196321313,36.95324904560566,0 37.64025301178499,36.95251000436134,0 37.64039597420825,36.9529450029576,0 37.64047498099312,36.95310098381472,0 37.64074299436074,36.95334302773146,0 37.64090704434117,36.95350900697149,0 37.64097996055848,36.95372202567311,0 37.64105495312862,36.95399296073022,0 37.64118403016028,36.95416897522158,0 37.64167902214599,36.95443202988584,0 37.64188501479434,36.95438601588324,0 37.6420690466589,36.95427902562592,0 37.64224601796707,36.95425296740029,0 37.64304803675334,36.95398702123691,0 37.64346596280725,36.95380100428828,0 37.6439440133459,36.95407699057987,0 37.64421297800106,36.9541989776902,0 37.64460903262318,36.95431803241295,0 37.64487498418262,36.9544289758141,0 37.64519503229387,36.95451898328621,0 37.64636097116551,36.95530999125647,0 37.6464020186067,36.95522498258852,0 37.64641802077692,36.95510797046767,0 37.64643295347603,36.95497997845263,0 37.64639700375662,36.9547769949063,0 37.64637499665882,36.95454200600187,0 37.64637800383632,36.95437200514249,0 37.64638197929138,36.9541480110196,0 37.64637103325219,36.95398802619067,0 37.6463890326264,36.95375302394928,0 37.6463779645166,36.95358303806388,0 37.64642100884836,36.95342302528406,0 37.64648900382049,36.95333800415795,0 37.6466509991681,36.95322302161493,0 37.64673104405745,36.95316000196661,0 37.64687903372752,36.95308702721317,0 37.64703998564933,36.95297097833915,0 37.64714800952982,36.95288702328296,0 37.64724297400473,36.9528029790316,0 37.6472710024583,36.95270697666904,0 37.64728598498112,36.95258997765201,0 37.64730297459913,36.95237697781479,0 37.64736497027108,36.95207801304342,0 37.64739396464329,36.95195802652404,0 37.64745102700701,36.95181701344374,0 37.64750800833124,36.95169799001097,0 37.6475630320508,36.95161702341427,0 37.6476530285865,36.95152601829258,0 37.64778398238145,36.95141903510287,0 37.64790098135008,36.95132197881293,0 37.64802395999464,36.95123601252584,0 37.64812100772971,36.95114995649628,0 37.64819695857742,36.95106896849317,0 37.64824597045578,36.95096699747841,0 37.648275025063,36.95087999228319,0 37.64834501039082,36.95070698916723,0 37.64845299119791,36.95057401001699,0 37.64851698145162,36.95045804313688,0 37.64859603042103,36.95031897758192,0 37.64865396053661,36.95021399850527,0 37.64871197429862,36.95006999835545,0 37.64874199609513,36.9499419766588,0 37.64874502399626,36.94978603346748,0 37.64876699568962,36.94969696414169,0 37.64882396832912,36.94962498065701,0 37.6489020433687,36.94953098671252,0 37.64897997116032,36.94944303226719,0 37.64940699626712,36.94924704575725,0 37.64975163543766,36.94872634127591,0 37.64975163738053,36.94872643134747,0 37.65008352924371,36.94860223490612,0 37.65040398455962,36.94817558609187,0 37.65078834844623,36.94758664979175,0 37.65100194447297,36.94707461205449,0 37.65109812306758,36.94654546363073,0 37.65126891695453,36.94616991718806,0 37.65135434800435,36.94565776912665,0 37.65135442151442,36.94500920151041,0 37.6513544107439,36.9442580820665,0 37.65131163301973,36.94340455479619,0 37.65118355685191,36.94272172248815,0 37.65088446766254,36.9420047697737,0 37.65071368229112,36.94080985838497,0 37.65031573914254,36.93991359516411,0 37.65415900904524,36.93889397898098,0 37.66113103478391,36.93863398552686,0 37.66169304653334,36.93617802286663,0 37.66004400604177,36.93248297831775,0 37.6599959810663,36.93232198115834,0 37.65996199619666,36.93218502875148,0 37.65999196119971,36.93202996992112,0 37.66003604269209,36.93191103070814,0 37.6601730320152,36.93183702311168,0 37.66027196859211,36.93182698857949,0 37.66039399125812,36.93182699430963,0 37.66047198427378,36.93179895882441,0 37.66053002177809,36.93176002830875,0 37.66050999361401,36.93160503774605,0 37.66044000437238,36.93150697817432,0 37.66033400272489,36.93140897250159,0 37.66021301666076,36.93139696638337,0 37.66014902492936,36.93136199456265,0 37.66016497683752,36.93124804449375,0 37.66013798223642,36.93115596263321,0 37.66007403149622,36.93109296410042,0 37.65998204206136,36.9310690170326,0 37.65988897713208,36.93106797539721,0 37.65963399629918,36.93093501279672,0 37.65954197447461,36.93085402255519,0 37.65949304360473,36.93074503464458,0 37.65948003209235,36.93065302749874,0 37.65936798538586,36.930463997602,0 37.65918996821177,36.93042196729093,0 37.65909801983282,36.93038702510648,0 37.65901999542067,36.93034098457492,0 37.6589780036672,36.93028299536143,0 37.65895695899049,36.93020903361768,0 37.65892996819974,36.93011704149323,0 37.6588380226831,36.9300480345409,0 37.65873898599823,36.92993803434803,0 37.65859097448558,36.92982799642991,0 37.65847103764835,36.92971900870766,0 37.65841503487755,36.92960399146236,0 37.65836701664465,36.92942596115846,0 37.65832600077601,36.92928901626703,0 37.65823502013625,36.92916196095489,0 37.65820298177457,36.92880698956732,0 37.6581770005841,36.92861197956071,0 37.65817300360327,36.92838899684725,0 37.65810901201262,36.92837096603795,0 37.65799499776508,36.92831299097917,0 37.65793901208581,36.92824997011341,0 37.65789798274037,36.92804399606664,0 37.65787901891125,36.92787799619355,0 37.65786003514554,36.92769397323598,0 37.65786799180657,36.92755697511706,0 37.6578549863128,36.92744802546633,0 37.65780603661542,36.92738499639266,0 37.65766501489411,36.92726395587627,0 37.65751701367353,36.92713697508564,0 37.65742501795084,36.92702696550734,0 37.65732699578746,36.92687801908233,0 37.65727901406322,36.92675703194459,0 37.65724498387224,36.92654501159677,0 37.65725395870427,36.92642503154822,0 37.65729904398359,36.92623695995008,0 37.65732102795433,36.92616203693643,0 37.6573159552983,36.92596195868956,0 37.65731700028064,36.92589904344107,0 37.65736797702937,36.92584200854739,0 37.65746100618696,36.9257689780135,0 37.65757602486109,36.92574096827533,0 37.65764797883707,36.92567796333459,0 37.65903001487196,36.92383695932586,0 37.65872200143146,36.92385703189681,0 37.65856798395277,36.92365299643979,0 37.65851897863597,36.92367702184222,0 37.6581129828534,36.922989964682,0 37.65771300496772,36.92232400060929,0 37.65745998677875,36.92176700747944,0 37.65738499846925,36.92132197645552,0 37.65738795702288,36.92115503966146,0 37.65731201614607,36.92076003750986,0 37.65715904366846,36.92000501195013,0 37.65705999763646,36.91932502303296,0 37.65693798206385,36.91848602713254,0 37.65687600896698,36.91783796253792,0 37.6569229795318,36.91751901483523,0 37.65696400632105,36.91718203744465,0 37.65704699872143,36.91677400274424,0 37.65718695674142,36.91579897075159,0 37.65728596003973,36.91513000484593,0 37.65728597025781,36.91501501593542,0 37.65729204374261,36.91491499254168,0 37.65722904056142,36.91441599373858,0 37.65703295957827,36.91333201276223,0 37.65687997874598,36.91257996096924,0 37.65674100270154,36.91170497435436,0 37.65669497807586,36.91104497086813,0 37.65673303896253,36.91051103854639,0 37.65679702521696,36.90989203524344,0 37.65693802529039,36.90882002259845,0 37.65747195529277,36.90870398192772,0 37.66307999399544,36.90760204520188,0 37.66369801536425,36.90356895847288,0 37.66626997981427,36.89912601839709,0 37.66925498147128,36.89534002780953,0 37.67129198607687,36.89423196784018,0 37.67206703308604,36.8904769791089,0 37.67125302616888,36.88557499273568,0 37.67150397142741,36.88556299112759,0 37.67154197909838,36.88557903821135,0 37.67174502389499,36.88533502805988,0 37.67203999539245,36.8849999679155,0 37.67218200838001,36.88483395619071,0 37.67228804152296,36.88471098658282,0 37.67240203721359,36.88458402962616,0 37.67250197303673,36.88446997628255,0 37.67256999684976,36.88438602107006,0 37.67261897189844,36.88432801677617,0 37.67260003853345,36.88424898075291,0 37.67261696209945,36.88420197200888,0 37.67259703934608,36.88410303349112,0 37.67259700114907,36.88402499282962,0 37.67259499035475,36.88395400947639,0 37.67257399139084,36.88382696975317,0 37.67255597527985,36.8836669955226,0 37.67253900795429,36.88349997788247,0 37.67251698217323,36.88338097322278,0 37.67251201816334,36.88321703015715,0 37.67250004396312,36.88310500271847,0 37.67247598731915,36.88285896244912,0 37.67247800794205,36.88278197397827,0 37.67246697352346,36.88267903511798,0 37.6724649594585,36.88231102627962,0 37.67249498398515,36.88218597209003,0 37.67251001158564,36.88208600090003,0 37.6725219672906,36.88194696269141,0 37.67256098229762,36.88177600250855,0 37.6725790104741,36.88171600121847,0 37.67258097312963,36.88168299007081,0 37.67260802712884,36.88156599829657,0 37.67263195309182,36.88148798061909,0 37.67263996801579,36.88144398045522,0 37.67266401806243,36.88134199012931,0 37.67272402194682,36.88112801924602,0 37.67280098597288,36.8809069601882,0 37.67284095911214,36.88077996293347,0 37.67297604319106,36.88045796534214,0 37.67298399297536,36.8804109927945,0 37.67300496283421,36.88032896129675,0 37.67377102848231,36.87886296352646,0 37.67381998304233,36.87871096750916,0 37.67394401241816,36.87847203205194,0 37.67409399227471,36.87819704520718,0 37.67417096109757,36.87805699969877,0 37.6742610120921,36.87790595697889,0 37.67433097400607,36.87778403355885,0 37.67439299444266,36.87766699907888,0 37.67442200434895,36.87764397082496,0 37.67455095377359,36.87762196760526,0 37.67454597696928,36.87750001905684,0 37.67452195964587,36.87731102211939,0 37.67427100667496,36.87719001641405,0 37.67427700400003,36.87429095920611,0 37.67432197185367,36.87414298436624,0 37.67452797852264,36.87388802390132,0 37.67479097251638,36.87361198387242,0 37.67493200996606,36.87349996290096,0 37.67502697348127,36.87339201508506,0 37.67513204137293,36.87328500682952,0 37.6752169908422,36.87317602965793,0 37.67526899685845,36.87310896980604,0 37.67532204127686,36.8730090036434,0 37.67537996199429,36.87291203207403,0 37.67551196425785,36.87293702567687,0 37.67572196270291,36.8729539796885,0 37.67581304338847,36.87258799120119,0 37.67585400280533,36.87237104274978,0 37.67586297693967,36.87226097341268,0 37.67593597649273,36.87205402632831,0 37.67597198561224,36.87187301437835,0 37.67601299971471,36.87175600503029,0 37.67605001340651,36.87162102773279,0 37.67610096586163,36.87145503442886,0 37.67611701720212,36.87138100225545,0 37.67617499389282,36.87120202292517,0 37.67621797904379,36.87102704012963,0 37.67626596918662,36.87086099843928,0 37.67628397960691,36.87066500990944,0 37.67629297479516,36.87061099370714,0 37.67629603536649,36.87049704247431,0 37.67630996612413,36.87039798717039,0 37.67631100830357,36.87028902077279,0 37.67635095773029,36.86995403281875,0 37.67636904072052,36.86960899011853,0 37.67639399413793,36.86922699263344,0 37.67640900192549,36.86893597359146,0 37.67643199874669,36.868637992468,0 37.67645600910137,36.86836099377852,0 37.67648300187977,36.86797500216493,0 37.67650503123306,36.8676539647015,0 37.67648403330185,36.86752701545744,0 37.6764570375208,36.86713403607848,0 37.67670300123363,36.86702395638657,0 37.67674498599911,36.86699804151039,0 37.6769579741518,36.86692402307293,0 37.67721803685075,36.86681996290326,0 37.67766400358182,36.86666398238108,0 37.67780495514255,36.86660801188268,0 37.67800397661156,36.86651301184861,0 37.67818999276006,36.86640702014326,0 37.67839596733133,36.86631696772293,0 37.67870999497895,36.86618096136885,0 37.67899803743034,36.86607496855834,0 37.67927298590017,36.86599196064481,0 37.67955301830521,36.86592996798873,0 37.67978700082818,36.865910979575,0 37.67998396122537,36.865890982453,0 37.68027900739695,36.86584301421863,0 37.68059201813135,36.86579596246502,0 37.68084199732522,36.86576403902184,0 37.68105798831566,36.86574296002986,0 37.68138899308014,36.86571502656955,0 37.6818919823718,36.86568402727031,0 37.68233395674273,36.86568002392332,0 37.68256804327552,36.8656700403033,0 37.68283696042425,36.86563703451444,0 37.68300304312167,36.86557998118457,0 37.68395998722021,36.86534500618075,0 37.68411597264534,36.86529998931132,0 37.68424899004889,36.86527899931212,0 37.68481795992955,36.86516099049016,0 37.68519198839859,36.86507899674659,0 37.68562803318989,36.8650200038079,0 37.68615502525596,36.86492403222947,0 37.68645403218223,36.8648630146255,0 37.68679498176042,36.86476598556472,0 37.68728800669572,36.86460200222326,0 37.68791298188852,36.86441496474863,0 37.68842904058592,36.86426804137243,0 37.68888603701971,36.86407698761821,0 37.69211302220209,36.86479698172524,0 37.69400500131037,36.86485500474365,0 37.69601198316693,36.86470904307365,0 37.69801999181644,36.86386598018185,0 37.69848503782445,36.86322500082982,0 37.69953296090294,36.86145102754593,0 37.70104597362345,36.86063598877986,0 37.70293698998881,36.859559042859,0 37.70410099037096,36.85824999161863,0 37.70479898417521,36.85717398768605,0 37.70503199925443,36.85583502321093,0 37.70491596171179,36.85487496074649,0 37.70540995771014,36.85403095675694,0 37.70552697697527,36.85336196244224,0 37.71909298130091,36.85493899715885,0 37.72437199205135,36.85012300926952,0 37.71875197574117,36.83903696533558,0 37.71977303445096,36.82731500988692,0 37.71968098167913,36.82720495724959,0 37.71585995953325,36.82474698781952,0 37.71847098839956,36.81540999013176,0 37.71784999171371,36.81121697678733,0 37.72190796575249,36.81113799663903,0 37.72547603525064,36.8106929935152,0 37.73113900888735,36.81082397723407,0 37.73960898324791,36.81122996057091,0 37.73968498965174,36.81200700888262,0 37.73976002209002,36.8128879755653,0 37.73979897075866,36.8134039563701,0 37.73981000562781,36.81381797215038,0 37.73985395298006,36.81427296089765,0 37.7398619889544,36.81438702155977,0 37.73990095552791,36.81471997344091,0 37.73992099909703,36.81495200187805,0 37.73993196253706,36.81517902663964,0 37.73991597126638,36.81541996258039,0 37.73988995501125,36.81565500768272,0 37.73986398084122,36.81585103198492,0 37.73983096824966,36.8160179608298,0 37.73980200110457,36.81613896184641,0 37.73977098039684,36.81625098028278,0 37.73972702233768,36.81635498810859,0 37.73965596433341,36.8164910227224,0 37.73958597707131,36.81660496371333,0 37.7395129972392,36.81669695883715,0 37.73942495726705,36.81682197759629,0 37.73919502120263,36.81708596002741,0 37.73895295932984,36.81733299694073,0 37.7388360306583,36.81745600516692,0 37.73920800817401,36.81931400074789,0 37.74338195996292,36.81998199673319,0 37.74842199876767,36.81830497864247,0 37.75255196165064,36.82127496981416,0 37.75614696644819,36.82386098029831,0 37.75557296249644,36.82859102613125,0 37.75496903481235,36.82853803462375,0 37.75506703842017,36.830095964146,0 37.75618001954015,36.83008304012186,0 37.75603428359602,36.83197061053166,0 37.75596802085655,36.83225500599114,0 37.75599997180693,36.83241503142381,0 37.75627803037122,36.83461598304945,0 37.75642598987082,36.8353889782568,0 37.75595097124145,36.83542798829609,0 37.75531295560768,36.83558502294161,0 37.75508397468124,36.83600402175694,0 37.75457600213459,36.83728802067737,0 37.7535120446477,36.83809999158752,0 37.75473201656471,36.84916800958636,0 37.75805000578261,36.84657102491457,0 37.76055797355784,36.84748597643303,0 37.76097802390485,36.84676098584976,0 37.76411003110044,36.84766598264833,0 37.76431996585633,36.84829404003188,0 37.76490198991516,36.84805100499894,0 37.76665899757615,36.84756503662318,0 37.76745401379394,36.84749599229123,0 37.76808401008675,36.8473570335229,0 37.77428203903339,36.84620002975772,0 37.777455970646,36.84571896430156,0 37.78484802520482,36.84669398299719,0 37.78463702845536,36.84695803728101,0 37.78420800717628,36.84754599706012,0 37.78788901482779,36.8484760024376,0 37.78886300211868,36.85342798604153,0 37.79392095564813,36.85353701722538,0 37.79389202317856,36.8531420266291,0 37.80114000897502,36.85263299977952,0 37.80822802457594,36.85210595959631,0 37.80955602097264,36.8567669717748,0 37.80947782440981,36.85692595514682,0 37.81017625600956,36.85765723698292,0 37.81102283946445,36.85837156889178,0 37.81182708550962,36.85923892488439,0 37.81250434058137,36.8598511132757,0 37.81324502963469,36.8609395802027,0 37.8138164721007,36.86202792189599,0 37.81443026664179,36.86315030850946,0 37.81476996921521,36.86414585020344,0 37.81377301443779,36.86428597224705,0 37.81362299561543,36.86403999478778,0 37.81283595842223,36.86431099688054,0 37.81286704538583,36.86437396387244,0 37.81202504194585,36.86451900587789,0 37.81251298631657,36.86565900182159,0 37.81165399083201,36.86579799281781,0 37.80803999390035,36.86580401829242,0 37.80797297222571,36.86626102205798,0 37.80852397555804,36.87178003633722,0 37.80893304704283,36.87154104102733,0 37.81238297261888,36.8732669778933,0 37.81252704040213,36.87355801482136,0 37.81509099336642,36.87403396962885,0 37.81632901356267,36.87418104117268,0 37.81791903581546,36.8745270053868,0 37.8183919588052,36.87458996742444,0 37.81922696103658,36.87464098601488,0 37.81987195699751,36.87470401098109,0 37.82018001399418,36.87481698232466,0 37.82054598756836,36.8750470252682,0 37.82087704532442,36.8751350412477,0 37.8218219796091,36.87514804016833,0 37.82255402499139,36.8751289722354,0 37.82325500291465,36.87527402561875,0 37.82427896609115,36.87546295842541,0 37.82475099604391,36.87558898937134,0 37.82531096088545,36.87582198501702,0 37.82641603134685,36.87709301414367,0 37.82796295676882,36.87919701462133,0 37.82852695415921,36.88025700779968,0 37.82895304328807,36.88089900472287,0 37.83165497316486,36.87899200098094,0 37.83256999915595,36.87926896102836,0 37.83362597239162,36.87979903306214,0 37.83476098247385,36.88029101796526,0 37.83558096843192,36.88073198872721,0 37.83622801146384,36.88095899140222,0 37.83739403474862,36.88134999332244,0 37.83852900110141,36.88184203227838,0 37.83904999885989,36.88214396286869,0 37.84065804427891,36.88282501654977,0 37.84214003366541,36.88355702452157,0 37.84316502979032,36.88422500499718,0 37.84374797268152,36.88456596441264,0 37.84469402659136,36.88498202494099,0 37.84576600259209,36.88548596494115,0 37.84631795446177,36.885687985281,0 37.84800496081385,36.88605402203249,0 37.84907302042427,36.88623303976247,0 37.84919899245386,36.88649196026766,0 37.84936496348713,36.88663698470712,0 37.84971898546039,36.8868450434032,0 37.84978197582205,36.88698995797352,0 37.85003501920512,36.88743803169051,0 37.85001899195536,36.8877399836283,0 37.85060202163741,36.88867998704389,0 37.85008199089317,36.8887170147262,0 37.85027902513787,36.88901402638095,0 37.85049297025489,36.88947099856121,0 37.85062703086756,36.88959696267841,0 37.85094903554679,36.8896509697944,0 37.85120103399284,36.88969498424176,0 37.85152504511252,36.88960603819107,0 37.85165102163797,36.88956199041048,0 37.85173396837705,36.88944499079395,0 37.8517769654729,36.88939403668172,0 37.85176304342386,36.88935397239568,0 37.85174903164654,36.88931400050395,0 37.8517490305782,36.88926804221563,0 37.8517780435071,36.88922802939982,0 37.85182795577151,36.88919904565569,0 37.85192100742393,36.8891710110942,0 37.85212699237925,36.88909904234211,0 37.85227001267634,36.88909798357508,0 37.85242500840445,36.88913296394939,0 37.85249898277628,36.8891769577806,0 37.85262196286651,36.88920802243491,0 37.85281602006383,36.88919003612497,0 37.85295801714972,36.88916195898908,0 37.85308900627487,36.8890880041136,0 37.85321096729556,36.88903104161801,0 37.8533660099643,36.88897996062013,0 37.85347702250341,36.88896002540675,0 37.85358102838866,36.88894497544473,0 37.85368296355332,36.88891698198794,0 37.85382200418864,36.88893499745011,0 37.85388903400828,36.88938803747038,0 37.85388703302767,36.88966102543,0 37.85387803318456,36.88996602221599,0 37.85365996441452,36.8916960160317,0 37.85337098560234,36.89360103526777,0 37.85324896358463,36.89424500332451,0 37.85315095849566,36.89484903692733,0 37.85431296335487,36.89535996288406,0 37.85462396672933,36.89682396990313,0 37.85738802588718,36.89696902818095,0 37.85745100734035,36.89745997632531,0 37.85865596458619,36.89736597233548,0 37.87223997708078,36.8948959968836,0 37.87666897701855,36.89359496771938,0 37.87765701251292,36.89420204084229,0 37.87785804474827,36.89506503786583,0 37.87787701175417,36.89514800311386,0 37.87833500470621,36.89616896084395,0 37.87869696699421,36.89774500515679,0 37.8787630027694,36.90048702576506,0 37.87778302487268,36.90082404991726,0 37.87781398712877,36.90093196676752,0 37.87764800546788,36.9018509584613,0 37.87720401133775,36.90279597177809,0 37.87651404267794,36.90407802012707,0 37.87611904293855,36.90527502437831,0 37.87601704560777,36.90583002371437,0 37.87554404497349,36.90643503930269,0 37.87497396659393,36.90706699725441,0 37.87406096754609,36.90860604209164,0 37.87325796764952,36.91082199269158,0 37.87007802622952,36.91981103161224,0 37.87137096260196,36.9201520196021,0 37.87823103524227,36.92245902868041,0 37.87784297120273,36.92312596846998,0 37.87771702735198,36.9233880270485,0 37.87922301074501,36.92397598481072,0 37.87977401405141,36.92419597174172,0 37.88056800532399,36.92450600593233,0 37.88116995693878,36.92476104470474,0 37.88204298016953,36.92514497195268,0 37.88296696185363,36.92556800419987,0 37.88359701648804,36.92589602718238,0 37.88394204177305,36.92622000836884,0 37.88428695755955,36.92649803242981,0 37.88450995906134,36.92665201137175,0 37.88470304449814,36.92674897286589,0 37.88456298928961,36.92703496289938,0 37.88437402845231,36.92738003159567,0 37.8843130457246,36.92767801323144,0 37.88420500252116,36.92831304438118,0 37.88409696862133,36.92892599820753,0 37.88403100367292,36.92931498234061,0 37.88440496425228,36.92941096614307,0 37.88514401093911,36.92954702167503,0 37.88706503923098,36.92986596645058,0 37.8876570069696,36.92987503028262,0 37.88679095814042,36.93108396818416,0 37.88661497681028,36.93141099145858,0 37.88630502681623,36.93191802755458,0 37.88641502610018,36.93200504126315,0 37.88667497133674,36.93218095720653,0 37.88697003407943,36.93237298575597,0 37.88721003785294,36.93252101298322,0 37.88737003805939,36.93258199887681,0 37.88757403836219,36.932629039228,0 37.88776603977394,36.93268501106518,0 37.88789897070875,36.9327220071069,0 37.88813500470751,36.9327840362777,0 37.88847596551109,36.93286998870345,0 37.88870999340291,36.9329519642415,0 37.88897696211291,36.93311199386812,0 37.88920100635244,36.93324702323137,0 37.88956301178309,36.93346897827911,0 37.8899819712386,36.93371399643094,0 37.89015203168651,36.93381104486486,0 37.89035602959128,36.93389899186252,0 37.89050603067739,36.93398599635461,0 37.89083901285819,36.93420201182543,0 37.89103097960899,36.93433502488817,0 37.89115597716787,36.93454903612325,0 37.89117296296928,36.93459201951154,0 37.89131398015811,36.93471998649481,0 37.89145199194823,36.93484998418038,0 37.89158598078316,36.93495202069432,0 37.89173402205432,36.93505698649884,0 37.89192998658839,36.93518299699794,0 37.89218600808597,36.93537896780555,0 37.89226702758459,36.93545796786137,0 37.89237797916739,36.93561299624336,0 37.89249898676017,36.93577399161768,0 37.89269995475299,36.93594497686603,0 37.89293399036173,36.93610903688861,0 37.89321202639865,36.93627401655421,0 37.89338396594025,36.93638301472539,0 37.89347004204977,36.93646797057554,0 37.89351602155978,36.93651896288225,0 37.89358097931338,36.93661101349723,0 37.89364399684216,36.93670697002182,0 37.89371102802227,36.93679304029195,0 37.89387298947015,36.93689904353065,0 37.89408096011855,36.93701602677606,0 37.89423802316686,36.93708498113374,0 37.89438297316196,36.93714700921069,0 37.89446602466219,36.93720696063875,0 37.89452200982443,36.93724697873473,0 37.89460401668327,36.93731703921669,0 37.8946979765982,36.93740997871587,0 37.89478598466633,36.93751301551057,0 37.89487603068252,36.93766098541279,0 37.89498596231081,36.93783801525307,0 37.89510502724689,36.93792397585155,0 37.89526801638514,36.93800400783865,0 37.89537901872987,36.93805603269933,0 37.89555999407376,36.93815199791295,0 37.89575396101912,36.93827902389996,0 37.89586896812562,36.93833197629606,0 37.89603802567379,36.93839902396007,0 37.8962610369186,36.93843898742158,0 37.89640896819575,36.93846798413974,0 37.89675295957815,36.93854404167016,0 37.89704502464132,36.93861696189134,0 37.89734304310615,36.93869095928797,0 37.8974779707234,36.9387219643728,0 37.89766503589843,36.93876096712583,0 37.89787201061633,36.9388149711352,0 37.89812704239342,36.93891398301719,0 37.89832097621549,36.9390170353874,0 37.89853899961962,36.93913195788859,0 37.89874896189622,36.93925403723144,0 37.89899802303154,36.93936602991849,0 37.8993209946465,36.93949396052654,0 37.89956798151404,36.93962301588686,0 37.89975500540859,36.9397720439165,0 37.89981299957326,36.93984798251867,0 37.90010399941023,36.94007897077699,0 37.90036801750589,36.94028596985331,0 37.90051696485533,36.9403780244072,0 37.90090204349999,36.94055704136782,0 37.90121598618672,36.94067898387437,0 37.90158702481398,36.94080703938906,0 37.90185099329292,36.9409000428637,0 37.90202899669658,36.9409690116145,0 37.90220698228039,36.94106699644707,0 37.90239902575063,36.94118295858644,0 37.90256996054025,36.94125798695799,0 37.90295496370659,36.94141501058868,0 37.90315498806163,36.94151300199881,0 37.90351104080702,36.94168598783897,0 37.9035829837484,36.94168600558822,0 37.90372302551401,36.94201898000426,0 37.90380801659548,36.94229399314354,0 37.90386295529691,36.94255200696435,0 37.90388295449458,36.94276399193674,0 37.90388200545528,36.94296396799314,0 37.90387198085977,36.94336098537066,0 37.90390298153631,36.9437359886641,0 37.90393203781565,36.94401802688382,0 37.90423599495634,36.94356700251375,0 37.90454595507705,36.94308199989177,0 37.90462600289475,36.94293896811505,0 37.90466895929738,36.94284203841659,0 37.90478503265167,36.94267698141628,0 37.90489200694648,36.94256298487784,0 37.90504296140847,36.94244900240289,0 37.9053019813523,36.94225002227757,0 37.90643803139709,36.94113402981284,0 37.90883202328138,36.93980595910469,0 37.91066595736922,36.9405309746717,0 37.91092798220566,36.94029003087213,0 37.91111704065906,36.94005999403677,0 37.91143597027527,36.93965097337269,0 37.91191697997619,36.93981101877174,0 37.91272898653864,36.94001898623434,0 37.91287104171096,36.94011996725443,0 37.91412401000043,36.94099603428917,0 37.91417200801736,36.94105302307454,0 37.91410900364136,36.94116595854148,0 37.91414800939332,36.94120398855593,0 37.91538596316727,36.94143102211806,0 37.91570100341464,36.94154398611648,0 37.91585103812719,36.94163798567986,0 37.91604003070022,36.94172000255152,0 37.91696195463773,36.94180902058267,0 37.9169470017553,36.94151900836095,0 37.91674896540952,36.94089502105412,0 37.91672601067616,36.94051097152547,0 37.91682204351842,36.93998703755866,0 37.91684396668753,36.93978302830561,0 37.91684598353879,36.93954203478645,0 37.91682498910951,36.93933601557578,0 37.91681703317219,36.93921800600848,0 37.91682595872852,36.93898302829209,0 37.91685698331101,36.93880599608135,0 37.91692299967799,36.93845502270246,0 37.91697704356245,36.93818795710051,0 37.91694702702735,36.93781402293403,0 37.91693196332632,36.93762295650775,0 37.91691503244525,36.93739803817092,0 37.91686996256858,36.93721403492026,0 37.9168229716384,36.93712702386823,0 37.91676800231149,36.93704302464128,0 37.9167459687958,36.93698399598891,0 37.91672603188768,36.93693097165597,0 37.91676801430963,36.93689199538479,0 37.91696303716678,36.93663499941201,0 37.91722897903841,36.93628196892976,0 37.91755799061247,36.93585600898899,0 37.917582018137,36.93582101811565,0 37.91771900106879,36.9355350404274,0 37.91787499909788,36.93517297015671,0 37.91804703778109,36.93478604009137,0 37.91833001424193,36.93423403361009,0 37.91855896794942,36.93368398054587,0 37.9189429904475,36.93279800335353,0 37.91919197131195,36.93221996078513,0 37.91935601283324,36.93186902313604,0 37.91956501804945,36.93145797396919,0 37.9209060055519,36.93193397940067,0 37.9225849733811,36.93258895870004,0 37.92329397008498,36.93277797731578,0 37.9241380130104,36.93292902829744,0 37.92561195256158,36.93332595965764,0 37.92656600736239,36.93361001718679,0 37.92731502187362,36.93371104302473,0 37.92785097347912,36.93370396372566,0 37.92822896621482,36.93375495667912,0 37.92874903082225,36.93374200396875,0 37.93010503671901,36.93388100059384,0 37.93158701434403,36.93407001620179,0 37.93260400825335,36.93420197205813,0 37.93363698204242,36.93439097094091,0 37.93456699814165,36.934649042814,0 37.93503998752706,36.93474397294818,0 37.93816197092722,36.93548099437241,0 37.93935995656205,36.93567004302359,0 37.94073103973627,36.93591599380574,0 37.94132298851014,36.93606103966927,0 37.94175602910413,36.93611703719071,0 37.94192198310608,36.9360860278294,0 37.94186100198007,36.93664896569717,0 37.94184097118752,36.9374210165267,0 37.94224800288479,36.93778697311117,0 37.94276901784584,36.9380620324811,0 37.94295399537966,36.93819300236587,0 37.94319701671746,36.93838195557699,0 37.94340396751577,36.93852500085892,0 37.94363295954582,36.93859901930264,0 37.94382504055857,36.93865597947189,0 37.9440040369625,36.93866800714926,0 37.9441959653179,36.93865702524204,0 37.94430997172677,36.93861100289153,0 37.94463097674763,36.93842200653229,0 37.94481602942022,36.93831904061465,0 37.94500203577204,36.93823903742511,0 37.94531501277645,36.93794203648537,0 37.94552102613288,36.93768400293757,0 37.94568503914413,36.93748198715908,0 37.94590998794988,36.93713497240191,0 37.94602498872118,36.93696800171702,0 37.94610198852902,36.93685400870581,0 37.94617599869415,36.93677899364139,0 37.94647896089371,36.9365800155492,0 37.94670796135072,36.93644704007303,0 37.94682401655785,36.93639800773514,0 37.9470310008818,36.93633495921446,0 37.94722397631109,36.9362889913906,0 37.94747302738835,36.93626003500578,0 37.94765202058461,36.93624304142568,0 37.94785798310628,36.93620902500882,0 37.94798701163334,36.93621501751358,0 37.94837903685605,36.93624895536831,0 37.94854297360642,36.93627699355525,0 37.9486149702467,36.93631203717821,0 37.94865795864551,36.93637504112424,0 37.9486790082948,36.93644903809948,0 37.94867903907551,36.9365520355414,0 37.94870795764464,36.93662599435151,0 37.94881504536787,36.93671200590104,0 37.94901495657412,36.93682199578484,0 37.94912500543506,36.93708602047194,0 37.94932203638605,36.93725003366195,0 37.94981503646846,36.93743495872307,0 37.95007103285904,36.93765297163807,0 37.9502680277195,36.93782996011002,0 37.95070397719882,36.9380030223884,0 37.95084696554289,36.93805897584743,0 37.95100999206157,36.93816001650631,0 37.95119898436691,36.93829901768272,0 37.95134400581723,36.93843099131647,0 37.95145797192783,36.93853599097889,0 37.95155497806831,36.93864397304456,0 37.95186002477595,36.9387809753251,0 37.95220702013634,36.93888196278907,0 37.95279102081168,36.93888803862342,0 37.95312203581548,36.93890701373624,0 37.95425697905906,36.9391400210134,0 37.95499000085687,36.93911903175332,0 37.9552100445261,36.93906701844303,0 37.95543098165327,36.93899201051844,0 37.95567299362181,36.93888304349667,0 37.95596703818422,36.93875600712914,0 37.95707900359905,36.93872398549225,0 37.95788702978939,36.93886998161474,0 37.95825597515979,36.93877198244365,0 37.95873504419021,36.93876597256596,0 37.95886299845857,36.93876602376068,0 37.95898404410761,36.93879998142368,0 37.95916197192745,36.93885696993986,0 37.95936202964937,36.93891404344051,0 37.9595180077898,36.93893102325625,0 37.95963602629942,36.93894799876239,0 37.96007800161134,36.9389360170072,0 37.96049800344939,36.93895899990899,0 37.96092501964678,36.93900998031948,0 37.96140299328175,36.93908399595892,0 37.96153696326644,36.93910196825698,0 37.96189502168517,36.93915002929253,0 37.96216604249535,36.93918700193259,0 37.96297101445194,36.93930003195813,0 37.96324201672503,36.93932898313409,0 37.96336296153483,36.93931202384262,0 37.963426969804,36.93930600921816,0 37.96357602334839,36.9392659675697,0 37.96369698448576,36.93914501898433,0 37.96388202403477,36.93897398911125,0 37.96400196352075,36.93887098949804,0 37.96417301599642,36.93877903932199,0 37.96433696657503,36.93869901056613,0 37.96452104301505,36.93862396503571,0 37.96469197827047,36.9385779731803,0 37.96487000656001,36.93852699679735,0 37.9649839733928,36.93849798772024,0 37.96516197638083,36.93846404275312,0 37.96528301420575,36.93845798410057,0 37.96583204582305,36.93840401859759,0 37.96591202362377,36.93840701973711,0 37.96591603600486,36.93841902863875,0 37.96609795684395,36.93827102557157,0 37.96870302825265,36.93788299841181,0 37.9687419575405,36.9379890452269,0 37.96867202934834,36.93824702391761,0 37.96860900949427,36.93857202176055,0 37.96856702079636,36.93885801229622,0 37.96852499612883,36.9391210248631,0 37.96849702132083,36.93930396562343,0 37.96845598851582,36.93958399312788,0 37.96844902216052,36.93972702605466,0 37.9687660283532,36.93983098547982,0 37.96834700485553,36.94117402293862,0 37.96824604249744,36.94216197280677,0 37.96769402731878,36.94254004116002,0 37.96729995918958,36.94269102177775,0 37.96769401192402,36.94504803641227,0 37.96510099268487,36.94550396944413,0 37.9650619528349,36.94592697019551,0 37.96502702695076,36.94622897294737,0 37.96502303350506,36.9463150060537,0 37.96510902821969,36.94631403307901,0 37.9649959916476,36.94697795607665,0 37.96490001355664,36.94697603101507,0 37.96483095759103,36.94727598494143,0 37.96476602555764,36.94753099464327,0 37.96469800149137,36.94774496531242,0 37.96466202667738,36.94796300034776,0 37.96460398835558,36.9481440041999,0 37.96457803796167,36.94824400756785,0 37.96455401974843,36.94837596870224,0 37.96452100438084,36.94852898417776,0 37.96448997644011,36.94862600744577,0 37.96446704517321,36.94873902718632,0 37.9644339711443,36.94887897724313,0 37.96440997933244,36.94897597414975,0 37.96439502404014,36.94903902989003,0 37.96434398079404,36.94922199092034,0 37.96431700374873,36.9493649942499,0 37.96428301757223,36.94957398501468,0 37.96426495447973,36.94975396684379,0 37.96423395691106,36.94996399016636,0 37.96420196994242,36.95023999140099,0 37.96416998234861,36.95049797018963,0 37.96415504243752,36.95069502180472,0 37.96414903688863,36.95086498202447,0 37.96415404339126,36.95101304373824,0 37.96415099075784,36.95119701248508,0 37.96415602252717,36.9514650116314,0 37.96412004304237,36.95170097974398,0 37.96408103890044,36.95196700374406,0 37.96402503425332,36.95201100436471,0 37.96398799318472,36.95230303846615,0 37.96393199897116,36.95257096699348,0 37.96389295826136,36.95281401390402,0 37.9638799783601,36.95293596926298,0 37.96385302717359,36.95302598673833,0 37.96385595941354,36.95308604273763,0 37.96390396664827,36.95310200872827,0 37.9638979769929,36.95325097308145,0 37.96394801022998,36.95337098499142,0 37.96402701726037,36.95345095896925,0 37.96413398370724,36.95349100093603,0 37.96423497550516,36.9535940399866,0 37.96432102954577,36.95371399624916,0 37.96434302343523,36.95391404128806,0 37.96436501918462,36.95412498947584,0 37.96435901351089,36.9543490169044,0 37.96434495551166,36.95456596824422,0 37.96435298779752,36.95473803942354,0 37.96437500769101,36.95490303017242,0 37.96436098808014,36.95503500589572,0 37.96431897746737,36.95518402482984,0 37.96432603845537,36.95529303357733,0 37.96440495998252,36.95538400194805,0 37.96450998127405,36.95553203007808,0 37.96456200636807,36.95564299748026,0 37.9645629907113,36.95575697275206,0 37.96453700280751,36.95581597572786,0 37.96458701172511,36.95591697423193,0 37.96462204176183,36.95599001576361,0 37.96462900547724,36.95607001037887,0 37.96461104112142,36.95617096172372,0 37.96456600828679,36.95624199484054,0 37.96453000223997,36.95632197895346,0 37.96444701780044,36.95645500590341,0 37.96450201741527,36.95645103159283,0 37.96458299082463,36.95645599987363,0 37.96548702797159,36.95645995769265,0 37.96573898729952,36.95673999806144,0 37.9661020417414,36.95697899879442,0 37.96666997266333,36.95734499637126,0 37.96694503456288,36.95777396683386,0 37.96697104078454,36.95803603117746,0 37.96725297148615,36.95813796101018,0 37.9675999979537,36.95803804292402,0 37.96805000053448,36.95767896658271,0 37.96824601372043,36.95730697885593,0 37.96844000125702,36.95728799296818,0 37.96875100449211,36.95730698490527,0 37.96904996012226,36.95750901265896,0 37.96941303752573,36.95815098321243,0 37.96955599461432,36.95828999668446,0 37.96990198243181,36.95829002227848,0 37.97056303939264,36.95797798644689,0 37.97105198773306,36.9575459834647,0 37.97157300391716,36.9573450324522,0 37.97223504398173,36.95724401263223,0 37.97332299324358,36.95670202246449,0 37.97351197000663,36.95668995965339,0 37.97374798469581,36.95677803946668,0 37.97393303601871,36.95717704081488,0 37.97385903190966,36.95752096534735,0 37.97403197294047,36.95787403074365,0 37.97430904411564,36.95845803148575,0 37.97450498224822,36.95855398557502,0 37.974667036346,36.95853200610508,0 37.97502895459795,36.95850697138068,0 37.97547095448727,36.95846303091302,0 37.97581800415679,36.9585829599594,0 37.97630604218916,36.95899800003669,0 37.9768660021766,36.95972299469544,0 37.97692898246959,36.95995596548057,0 37.97697701768966,36.96025199316605,0 37.97705495658568,36.96033999515904,0 37.97726002757175,36.96035901717016,0 37.97808798911053,36.96019500607397,0 37.97836396973736,36.96019500227917,0 37.97879803291597,36.96025201641303,0 37.97905003119109,36.96021997073836,0 37.98028004310277,36.96002500064257,0 37.98036596380049,36.95994904518287,0 37.98038998275823,36.9598609660577,0 37.98035799395686,36.95947699379312,0 37.98043700904667,36.959181010163,0 37.98080403862575,36.95876704113622,0 37.98111203651396,36.95855897012885,0 37.98117800546416,36.95850299114419,0 37.98125196691093,36.95841597113617,0 37.98128204093427,36.95836500671589,0 37.98138603851697,36.95814700240587,0 37.98149904279278,36.95812997759175,0 37.98155000837188,36.95812399055339,0 37.98160699217242,36.95811799311826,0 37.98165601605715,36.95810500933024,0 37.98173995965531,36.95810297724493,0 37.98184499300361,36.95812501291179,0 37.9819179927755,36.95812595722818,0 37.98198299731342,36.95811495972578,0 37.98207098323739,36.95810096482507,0 37.98214701946478,36.95809401833505,0 37.98225102132594,36.95808696426065,0 37.98232097021909,36.95810598164159,0 37.98240095571762,36.95813699582651,0 37.98242701463074,36.95819197911601,0 37.98247598063537,36.95821603171524,0 37.98250004202026,36.95821896422392,0 37.98253302361185,36.95822300905637,0 37.98257496025572,36.95822600337203,0 37.98260899124279,36.95821696435283,0 37.98264800225922,36.95820000308197,0 37.98267302899123,36.95815804281129,0 37.98270303036634,36.95811500931146,0 37.98277204638477,36.95807303589467,0 37.98287602952885,36.95805102421422,0 37.98299801423538,36.9580660177508,0 37.98305398361945,36.95810301941531,0 37.98311697554254,36.95811800643282,0 37.98317403338906,36.95812200922147,0 37.98324302714253,36.95812202862004,0 37.98331001562467,36.95810901428078,0 37.9833800162351,36.95810496075453,0 37.98343496312111,36.95809899647779,0 37.98353600234552,36.95809199168287,0 37.98361702505381,36.95808802501539,0 37.9837640188514,36.95808899206557,0 37.9838879730457,36.95807998231921,0 37.98400300479324,36.95808400678836,0 37.98433901598843,36.95811001933561,0 37.98475695802652,36.95821702293283,0 37.98505704061584,36.95834302651345,0 37.98519900869902,36.9583429956,0 37.98526204368822,36.95824903667923,0 37.98541101756486,36.957720023581,0 37.9854110165176,36.95734200548976,0 37.98527698766264,36.95702002674425,0 37.98523802546956,36.9566679819735,0 37.98513501802918,36.95616399837309,0 37.98495400727429,36.95596202236566,0 37.984748978106,36.95583001268198,0 37.98344700503726,36.95544699411876,0 37.98338503143114,36.95533196626593,0 37.98343300406589,36.95522501255346,0 37.98365796143543,36.95510798396542,0 37.98390603220791,36.95498597207914,0 37.98389804335406,36.95482795940952,0 37.98372404438948,36.95466398110995,0 37.98337002340089,36.95440001258086,0 37.98333801643363,36.95427997838354,0 37.98342503807411,36.95412902898158,0 37.98377199939313,36.95397103295685,0 37.98387398531993,36.9538329895578,0 37.98383504322145,36.95328504186854,0 37.98397704639217,36.95265504155513,0 37.98412302843063,36.95257096039681,0 37.98433903087706,36.95249102504405,0 37.98473301888387,36.95255400435872,0 37.98561597824537,36.95298195673188,0 37.98577398730998,36.9529759792266,0 37.98588400123602,36.95289403010053,0 37.98600999774578,36.95269304550546,0 37.98621495408975,36.9525479618335,0 37.98662496382598,36.95238998377245,0 37.98676704043761,36.95225198775449,0 37.98702099970583,36.95187602711151,0 37.98709103549395,36.95181303781253,0 37.98713497161699,36.95174697171695,0 37.98759901560009,36.95133099773128,0 37.98764103711495,36.95125901641741,0 37.9876689820782,36.95118699960619,0 37.98770003758256,36.95110997464378,0 37.98772599490714,36.95102204179278,0 37.9877520320804,36.95089797277146,0 37.98774899058369,36.95078096931031,0 37.98773795755383,36.95067004585398,0 37.9877279608102,36.95051702402082,0 37.98700201931919,36.94990902989591,0 37.98690103676855,36.94992495765263,0 37.98685596825459,36.94992598225487,0 37.98679604421049,36.94989697763286,0 37.98675097027446,36.94985501941377,0 37.98671599708511,36.94979198585607,0 37.98670698768454,36.94974104351431,0 37.98671103099367,36.94968997281902,0 37.98671803470829,36.94965300001542,0 37.98675596894848,36.94963398240093,0 37.98681001526897,36.94964704511198,0 37.98686104326437,36.9496579951627,0 37.98690604277367,36.94966499186951,0 37.98695701206017,36.94966296754585,0 37.98700999587738,36.94965297942053,0 37.98704100416797,36.94962398533166,0 37.98707500411794,36.94958899316261,0 37.98710997044476,36.94952704224404,0 37.98712104485787,36.94946503987832,0 37.98716001031432,36.94941798028385,0 37.98722503301373,36.94935102060676,0 37.98730701901638,36.94929900548071,0 37.98738796148515,36.94924601673694,0 37.9874470434591,36.94920699989862,0 37.98750201597414,36.94913101695771,0 37.98752198359126,36.94908697812876,0 37.98753396602154,36.94903496364255,0 37.98759002824572,36.94895103235697,0 37.98764003794157,36.94879096767751,0 37.98765404209245,36.94871702201882,0 37.98766899279326,36.94862602916859,0 37.98767602817761,36.94856896124789,0 37.98771202335609,36.94851095705727,0 37.98780500325271,36.9484259570474,0 37.98789101897504,36.9483580148318,0 37.98795002525107,36.94830899679868,0 37.98804100256516,36.94826097582734,0 37.98814102777671,36.94824398203434,0 37.98821899546508,36.9482440276476,0 37.98828396748024,36.94824996858576,0 37.98836895920409,36.94827801114013,0 37.988477024748,36.94829602529644,0 37.98856997962072,36.94832402531346,0 37.98969899772894,36.94844099514848,0 37.99043804423373,36.94849204454054,0 37.99067803561896,36.94875096633459,0 37.99075598952807,36.94893898310209,0 37.99076399396387,36.94900102530021,0 37.99079700873524,36.94903498477488,0 37.99082598432262,36.9490560357694,0 37.99086797662356,36.94907200159135,0 37.99092603099002,36.94907895802078,0 37.99103000387106,36.9490819900989,0 37.99113699284361,36.94908704455506,0 37.99122699398599,36.94909400465205,0 37.99132400348612,36.94910697619889,0 37.99140699087793,36.94912198386573,0 37.99150096200852,36.94913203224052,0 37.99157399021252,36.94914504461422,0 37.99164398879871,36.94915198049339,0 37.99172999239807,36.94916901038674,0 37.99180596942884,36.94918503632954,0 37.99183102704346,36.94920498159268,0 37.99186301671296,36.94922796381894,0 37.99185096643783,36.9492630395094,0 37.9918299958394,36.94930403087312,0 37.99180103511406,36.9493439859785,0 37.99178701327794,36.94937801271627,0 37.99177999746967,36.94941795998706,0 37.99178000145889,36.94947500099053,0 37.9917869697337,36.94951498300959,0 37.99180202019723,36.94955600153995,0 37.99183000091019,36.94957796991169,0 37.99187297334348,36.94959599198216,0 37.99192999266559,36.94961296749059,0 37.99201298631123,36.94962103649758,0 37.99209300188689,36.94962501020746,0 37.99214002490423,36.94963503505426,0 37.9921880353194,36.94965098950023,0 37.99225898073043,36.94967998659607,0 37.99230198717135,36.94970999311108,0 37.99234501292896,36.94975495755273,0 37.99233301232078,36.94979904273097,0 37.9922150268721,36.94983400346462,0 37.9921589738654,36.94984701940965,0 37.99212299554584,36.94986997093941,0 37.99208797902618,36.94990498068439,0 37.99218802359879,36.9499099705228,0 37.99225203894305,36.94990403023863,0 37.9923349739707,36.94988497637225,0 37.99241799526644,36.94985501785388,0 37.99243401217847,36.94989403711233,0 37.99253002788215,36.94981195650289,0 37.9926119552691,36.94974002351184,0 37.99268704558786,36.94965802373812,0 37.99276600509974,36.9495539706846,0 37.99286503371917,36.94941696132394,0 37.99293000403343,36.94930196957988,0 37.99290800923816,36.94918997028987,0 37.99293203888297,36.94900700088487,0 37.99277398106339,36.94873003835604,0 37.99274303841501,36.94856601412145,0 37.99279003369754,36.94847195925839,0 37.99302601413084,36.948263985736,0 37.9931779784106,36.94806201719715,0 37.9932000276807,36.94799496498491,0 37.99320802020742,36.94792499460223,0 37.99318796359168,36.94786603794147,0 37.99315696009253,36.9477920356211,0 37.99311297794897,36.94745098169816,0 37.99315203307294,36.94723703166039,0 37.99325498596912,36.94712996272258,0 37.99350696111001,36.94703499011654,0 37.99392496040515,36.94700399973678,0 37.99423197746774,36.94676500336492,0 37.99445298976743,36.94665099405207,0 37.99471302744194,36.94666996379151,0 37.99492597131349,36.9467329783711,0 37.99507596626216,36.94668296926413,0 37.99516302769298,36.94658796985684,0 37.99515497255,36.94636796293231,0 37.99520200555245,36.94627904365116,0 37.99536798569498,36.94621002151807,0 37.99562801236072,36.94617897840909,0 37.99584801118234,36.9461220237306,0 37.99602196214494,36.94587597840977,0 37.99616402065646,36.94581997321391,0 37.99639197746354,36.94573098513596,0 37.99648696044658,36.9456309856005,0 37.99657399622259,36.94537198344927,0 37.99652598670467,36.94527799332184,0 37.99639996897287,36.94527804043397,0 37.99621902131967,36.94533397818483,0 37.99614000276867,36.94528998159907,0 37.99610902999029,36.94519597511008,0 37.99619496778104,36.94505098280777,0 37.99633699603638,36.94496902551887,0 37.99636904563808,36.94485602792587,0 37.99633702420793,36.94473599662226,0 37.99611604243807,36.94452804075107,0 37.99585596176703,36.94416295694035,0 37.99583299436296,36.94407404210754,0 37.99591902996924,36.94401798802754,0 37.99666798850198,36.94390401853899,0 37.99703896872058,36.94391697212161,0 37.99728300656547,36.94389799852839,0 37.99743297249307,36.94391097515141,0 37.9976159945912,36.94400197153275,0 37.99773196038334,36.94415600307002,0 37.99791403236699,36.94419997701785,0 37.99819197430777,36.94421701622759,0 37.99856800335788,36.94437703192623,0 37.99914403582741,36.94485600779441,0 37.9993799762302,36.94493097179323,0 37.99979003669596,36.94494398016021,0 38.00001900002347,36.9448300059682,0 38.00011298447621,36.94468496545089,0 38.00008899777085,36.94449000857029,0 37.99985304206717,36.94416300364441,0 37.9992539685939,36.94376597113285,0 37.99908795657565,36.94358899369735,0 37.99901697057236,36.94341303048314,0 37.99905699494798,36.94303496914821,0 37.9990570324801,36.94288403175725,0 37.99894599610714,36.94277695734544,0 37.99869396674588,36.94277696537463,0 37.99856004004113,36.94266901374766,0 37.99806400907931,36.94251200862887,0 37.99792196968533,36.94245501559567,0 37.99785899546447,36.94238002091438,0 37.99794500195743,36.94189404378854,0 37.99798500923198,36.94158600024407,0 37.99829997547382,36.94108202283378,0 37.9987180114287,36.94071003382555,0 37.99924602942509,36.94031303273898,0 38.00098801295737,36.93949403863045,0 38.007301966352,36.93902403380234,0 38.00811597519638,36.95158196376241,0 38.00793102390831,36.95408802075585,0 38.00757998143114,36.95885299809556,0 38.00686497913211,36.9609389967086,0 38.00555400928977,36.96231002772275,0 38.00364596900091,36.96368004185905,0 37.99887802475136,36.96522996560556,0 37.9883290226947,36.96803101311593,0 37.98457501528332,36.96946101147027,0 37.98268598849497,36.97052498840358,0 37.9803430140474,36.97184503888255,0 37.97754201559729,36.97428897571405,0 37.97402599121342,36.97834196691914,0 37.96902900406275,36.98474295947685,0 37.96710504026945,36.98720697337017,0 37.96660496554685,36.98784802377186,0 37.96267202366518,36.99380696177592,0 37.9618369680797,36.99607202210318,0 37.96188803854285,37.00014303601507,0 37.9628050224349,37.00599897586935,0 37.96599999543933,37.01268899830649,0 37.96674098722004,37.01391700402749,0 37.96586702829642,37.01425796124047,0 37.96461198679991,37.01496296507494,0 37.96412795602898,37.01534196684832,0 37.96379302754858,37.01557999728734,0 37.96349596405113,37.01579496326661,0 37.96288197297196,37.01606896926135,0 37.9624920425802,37.01624798235458,0 37.96166400732111,37.01647001444987,0 37.9611529925448,37.01675203977347,0 37.96070697473967,37.01705695893899,0 37.96055796456742,37.01721999947907,0 37.96031895413964,37.01727098783662,0 37.96046201807669,37.01772404461606,0 37.9608859549095,37.01847802568183,0 37.96133604495792,37.0190629747505,0 37.96179998362206,37.01954100178336,0 37.96262097242882,37.01996599253612,0 37.9612170105521,37.02013600242091,0 37.96174701595201,37.02105997734922,0 37.96133602679786,37.02112399409945,0 37.9604480337681,37.02126203446544,0 37.96055397836521,37.02161198611097,0 37.96038199955914,37.02173999307223,0 37.96006402201472,37.0218889741229,0 37.95953395603659,37.02204803651212,0 37.95916295324587,37.02218599694481,0 37.95843400229186,37.02249395765199,0 37.95802399353729,37.02261102171286,0 37.95504102772831,37.02425946909811,0 37.95306635947844,37.02609170970402,0 37.95130911170364,37.02843820265952,0 37.95284677126879,37.02871794399,0 37.95384703491051,37.02895987422546,0 37.95335794613416,37.02994053039056,0 37.95418500638985,37.03009595875201,0 37.95498901415986,37.0302100372524,0 37.95542403179692,37.03026396165468,0 37.95600798237782,37.03029497386311,0 37.95619401905859,37.03030199820177,0 37.95703395593441,37.03033500166748,0 37.95805100628662,37.03037399576018,0 37.95978800909042,37.03029304491909,0 37.96171696232244,37.03002398802436,0 37.96271701352062,37.02987804489829,0 37.96346204149049,37.02972802554959,0 37.96360898888202,37.0296929730404,0 37.96421201575306,37.02954701229926,0 37.96438397693996,37.02949703603155,0 37.96465004181493,37.02941900904976,0 37.96523001239935,37.02924900441216,0 37.96637298184444,37.02889097555065,0 37.9670329930019,37.02866196490732,0 37.96844199481553,37.02816100434713,0 37.96947504246258,37.02779395608498,0 37.97349697707367,37.02637797311041,0 37.97541502737509,37.03159400222732,0 37.97574901953811,37.03284602290886,0 37.97784603262381,37.03596404284912,0 37.97885004087984,37.03745799870685,0 37.9810679616011,37.04382998885097,0 37.98069096855208,37.04797397235292,0 37.97843095591878,37.05236898151384,0 37.97554300895709,37.05563397352444,0 37.97252898013413,37.05726603388833,0 37.96687796000681,37.05764302377258,0 37.96492897486215,37.05739896564204,0 37.95984598516386,37.05676399849572,0 37.95293998907368,37.05362403540379,0 37.94327095390793,37.04470897641471,0 37.9368669618154,37.04169498943865,0 37.93545004100802,37.04142399652231,0 37.93395897672148,37.04113896792763,0 37.93135800679733,37.04064203465832,0 37.92953495964678,37.04029396095695,0 37.92899100204098,37.04031100929706,0 37.9217869658112,37.04053302481749,0 37.9130849670059,37.04196301778848,0 37.90979899730018,37.04334701014457,0 37.90855601552372,37.04387002085866,0 37.90327398076333,37.04767398265753,0 37.89957097987229,37.05041497870395,0 37.89022403071392,37.0541110239599,0 37.8862079549864,37.05798002005167,0 37.88612400723343,37.05799397109959,0 37.88587098167498,37.05801799959821,0 37.88546904149797,37.0580350237238,0 37.88548703114213,37.05830101736638,0 37.88509897949961,37.05830601533282,0 37.88456095834069,37.058133983316,0 37.88408800105713,37.05798299173878,0 37.88369399255698,37.05785201089598,0 37.88353700346149,37.05781098098414,0 37.88314198228395,37.05766902020321,0 37.88273398396912,37.05756096644786,0 37.88203703710585,37.05760302784527,0 37.88181101215608,37.05760895804896,0 37.88142297660102,37.05763701223429,0 37.88147604088466,37.05769798650991,0 37.88106195645886,37.05762498718921,0 37.88068497013676,37.05755599287519,0 37.88033004104891,37.0575089963267,0 37.88002496338635,37.05748301475551,0 37.87963501141024,37.05747099354091,0 37.87948702536026,37.05746396744851,0 37.87933704498811,37.05744003150453,0 37.87920203049664,37.05741000120684,0 37.87906803385226,37.05742501062571,0 37.87895503150456,37.05743401043516,0 37.87879196741452,37.05742100408502,0 37.87860395516644,37.05748300585982,0 37.87826599782629,37.05751503228044,0 37.8780750080509,37.05750895580935,0 37.87796802941813,37.05748397673383,0 37.87786396533711,37.05753203205514,0 37.87708000836026,37.05754300194798,0 37.87660796817307,37.05757903786888,0 37.87632698877663,37.05760898589208,0 37.87600999588784,37.05761499198967,0 37.87582097576565,37.05763996947176,0 37.87566601021463,37.05764701628328,0 37.87556103449102,37.05767697151649,0 37.8753239819623,37.05773595886571,0 37.875071963951,37.05780103938549,0 37.87486199418007,37.05784896469748,0 37.87477098777917,37.0578549991483,0 37.87468598506938,37.05784498927418,0 37.87460798676084,37.05783703087307,0 37.87452801403248,37.05789200098147,0 37.8744809726455,37.05790599107932,0 37.87434402292907,37.05799700644543,0 37.87427896313671,37.05804002665548,0 37.87423796093587,37.05806203057406,0 37.87405903651801,37.05811297838326,0 37.87394101184533,37.05814403934674,0 37.8738610420555,37.0581690022432,0 37.87376795993397,37.05820003018418,0 37.8736879710074,37.05822796727183,0 37.87347197716401,37.05829499876935,0 37.87336802636106,37.05832899101881,0 37.87329596439035,37.05835499983849,0 37.87318897063785,37.05840102521233,0 37.87312003504654,37.05842599350821,0 37.87305796406903,37.05845103352873,0 37.87294104023005,37.05849298020156,0 37.87280597864817,37.05854404422139,0 37.87274503357684,37.0585809605161,0 37.87270595589434,37.05860203347983,0 37.87260796395318,37.05862196368782,0 37.87248800729672,37.05869901070405,0 37.87245097307733,37.05870896704703,0 37.87240903126748,37.058722965905,0 37.87235097219526,37.05874902424448,0 37.8722850217404,37.0587860202354,0 37.87224803614984,37.05879795781716,0 37.87215896605516,37.05883000229547,0 37.8720579591782,37.05888196934819,0 37.87194502957679,37.05892799632247,0 37.87189097508652,37.05895101722086,0 37.87180097124417,37.05897902103852,0 37.87166797600575,37.05903500723575,0 37.8715109761634,37.0590990310172,0 37.871299036518,37.05918401703179,0 37.87116501781618,37.05925497713962,0 37.87104096697186,37.05932397794684,0 37.87089599166087,37.05938303531663,0 37.87072203562268,37.05945904050649,0 37.87059501252115,37.05950898419387,0 37.87040199878213,37.0596019596409,0 37.87023300554543,37.05967995891132,0 37.87016798136445,37.05971702832536,0 37.87011498334042,37.05973399455881,0 37.87001996692708,37.05974297253893,0 37.86991597687884,37.05973397852796,0 37.8698190183112,37.05971297933627,0 37.86973902508866,37.05968801871897,0 37.86967600989499,37.05968603824515,0 37.86963903433766,37.05972104345275,0 37.86960001586714,37.05975599166375,0 37.86955597821339,37.05979795713645,0 37.86950900057943,37.05985997343184,0 37.86945897191978,37.05991104452682,0 37.86941896971283,37.05995501939765,0 37.86937202516818,37.06000703287302,0 37.86932304151011,37.06004403005876,0 37.86923997598949,37.06007904091501,0 37.86911302209366,37.06014700436258,0 37.86891297887555,37.06022197569624,0 37.8687750430941,37.0602959688764,0 37.86864199903059,37.06036898297459,0 37.86855504418465,37.06040802058529,0 37.8683879862779,37.06046300736467,0 37.86832599405822,37.06048002442075,0 37.86826303905499,37.06050696786389,0 37.86820496479116,37.06052500426096,0 37.8681320263551,37.060522999116,0 37.86802996974392,37.06052100214374,0 37.86797600491724,37.06050995799078,0 37.86791995302745,37.06049696371651,0 37.86784999157578,37.06048400831749,0 37.86778399173718,37.06046999854377,0 37.8677190354682,37.06045696423289,0 37.86765898242052,37.06045097189944,0 37.86758698117903,37.06045697183461,0 37.86754698289694,37.06048598679951,0 37.86751900536208,37.06052499578296,0 37.86749604128891,37.06056798004252,0 37.86746901617768,37.06060796414972,0 37.86742995488247,37.06064498449739,0 37.86738697328162,37.06068098543678,0 37.86736596891938,37.06069798720571,0 37.86729000840702,37.0607429771695,0 37.86722901784859,37.06076304108351,0 37.86704197499317,37.06081996325484,0 37.86679698119206,37.061020984886,0 37.86671898976579,37.06105501317751,0 37.86662402146477,37.061084984131,0 37.86650100850687,37.06112098226181,0 37.86643803408305,37.06115098915287,0 37.86636996832403,37.06122297891179,0 37.86630695898285,37.06127803785191,0 37.86624997349565,37.06131398759642,0 37.86603000715569,37.06138602427204,0 37.8659289727996,37.06142203724131,0 37.86580795687301,37.06142601352087,0 37.86568601003389,37.06142604018179,0 37.86558798319982,37.06144100911163,0 37.86551404193856,37.0614700168244,0 37.86545099781257,37.0615010153291,0 37.86534003539209,37.06153303874721,0 37.86525001251592,37.06153400429989,0 37.86513996614632,37.06155799294455,0 37.86509499182735,37.06159600647921,0 37.86502801132697,37.06164797301349,0 37.86494696823984,37.06168997823153,0 37.8648740227357,37.06173699231798,0 37.86481700944888,37.06178700010704,0 37.86479103688114,37.06183597828024,0 37.86479598006442,37.06187500950433,0 37.86485899591126,37.06187699164196,0 37.86495902795161,37.06185298055853,0 37.86503702831106,37.06184202186942,0 37.86511199074098,37.06186598454139,0 37.86513400340407,37.06192799516334,0 37.86510501732786,37.06201297646069,0 37.86505003647419,37.06209295914046,0 37.86501899818734,37.06213201568465,0 37.86494597594391,37.062191015343,0 37.86485400861312,37.06224896147707,0 37.86467901085555,37.06233596847806,0 37.86451196367894,37.06240302500559,0 37.86437701535965,37.06246299887507,0 37.86426997254345,37.06253397764624,0 37.86417002515125,37.06258799357609,0 37.8640679943309,37.0626440251448,0 37.86396895926075,37.06268604224616,0 37.86389401785507,37.06269704225645,0 37.86385995787962,37.06282103087916,0 37.86369900334621,37.06281499985836,0 37.86360496061847,37.06288298080596,0 37.86352697835957,37.06289096427403,0 37.86345003311968,37.06291100671089,0 37.86337698633543,37.0629539663467,0 37.8633189907411,37.06299804175045,0 37.8632589937697,37.06302097104749,0 37.86318104651787,37.06301904248457,0 37.86311095496136,37.06301599851028,0 37.86303002408874,37.06302096477963,0 37.86294496906995,37.06302797785511,0 37.86286601099243,37.06303399414967,0 37.86278500623977,37.06303598740525,0 37.86269998718678,37.06305201095579,0 37.86259602842568,37.06308995903182,0 37.86251000976034,37.06314096188096,0 37.86241602435062,37.06318100550922,0 37.8623560373719,37.06317401843753,0 37.86226804385178,37.06320495663068,0 37.8621149699916,37.06325196606038,0 37.86199396001464,37.06329802136044,0 37.86187198152926,37.06335003795833,0 37.86174602418293,37.06337202095106,0 37.86181202491235,37.06327600657769,0 37.86185498955778,37.06318603158885,0 37.86169200828804,37.06317300052478,0 37.86166396728404,37.06318299253121,0 37.86159499914734,37.06320696367484,0 37.86151596965995,37.06322902055646,0 37.86147397837227,37.0632449984352,0 37.86140695444941,37.06328398737702,0 37.86132098744097,37.06332201230189,0 37.86116702361728,37.06349203732814,0 37.86108602478527,37.0635360213187,0 37.86105502106594,37.06358796247106,0 37.86099599013743,37.06367701809395,0 37.86091401169964,37.06377202054293,0 37.86085697005711,37.06382103586926,0 37.86081398818913,37.06386099861187,0 37.86072295871623,37.06391198871813,0 37.86065897102097,37.06396904213011,0 37.86057599658022,37.06404603844462,0 37.86047997795541,37.06413197939146,0 37.86039402962288,37.06422398057148,0 37.86032500401934,37.06429499004667,0 37.86022500428322,37.06436603491451,0 37.86012699003905,37.06445002481502,0 37.86005901779167,37.06451101626284,0 37.85995996885769,37.06458303703248,0 37.85986495428921,37.06465697741715,0 37.85977201019119,37.06471700715128,0 37.85965299347497,37.06480303874655,0 37.85961599934627,37.06483002189381,0 37.85945298046879,37.06473201337157,0 37.85900498355879,37.06523095789774,0 37.85867598578537,37.06558998430678,0 37.85833996993845,37.06593902745644,0 37.85803799510551,37.06629600693725,0 37.85768901735703,37.06678303236974,0 37.85720004669593,37.06727603432151,0 37.85546395553077,37.06803600253339,0 37.85536503134646,37.0680640435131,0 37.85528902768824,37.06808496693013,0 37.85530196775684,37.06812504466998,0 37.85533201449258,37.06828100865663,0 37.85533603053787,37.06830500546688,0 37.85535300555761,37.06840404345719,0 37.855387972495,37.0685259577278,0 37.85936101270396,37.07222300847358,0 37.86183104245372,37.07706704316822,0 37.86509601138768,37.08245702714841,0 37.86492903689405,37.08547000897895,0 37.86600396327248,37.08997002311518,0 37.86683602803812,37.09345603891725,0 37.86940199597731,37.10120995904205,0 37.87154596956194,37.10769098469174,0 37.87756400019853,37.12587796210018,0 37.8772059691368,37.13279197365981,0 37.87703095838233,37.13330504245423,0 37.87648201709754,37.13491401182196,0 37.87452399470362,37.14065900922037,0 37.86101901092467,37.15707198446629,0 37.85516999474327,37.16410196505733,0 37.85283897846791,37.16716300732215,0 37.85029198107715,37.17064801355043,0 37.84901596489351,37.17230596784248,0 37.84591801817817,37.17919700692413,0 37.84287001483504,37.18565799257332,0 37.83935996523467,37.1932849843048,0 37.8353079897195,37.20568098025719,0 37.83566497304746,37.21283299201104,0 37.83666097036371,37.21606601841686,0 37.83721503911845,37.21855401342032,0 37.8397180320065,37.22260704500631,0 37.84329395862603,37.22487202872254,0 37.84853902660721,37.22499101901776,0 37.851653973331,37.22421200490791,0 37.85568996033043,37.22320302496176,0 37.8647499656454,37.21617098331612,0 37.87047096774344,37.21330996431254,0 37.87476198656675,37.2123559653481,0 37.87976901682448,37.21366697509711,0 37.88203299170732,37.21640899835442,0 37.88203295609036,37.22153397397327,0 37.87881500804193,37.22856702876586,0 37.87130495549378,37.23631499476181,0 37.87047799428335,37.23733098029238,0 37.86451103675086,37.24465900128389,0 37.86129299883547,37.2468039667643,0 37.85139896799419,37.2490690413035,0 37.8488960151209,37.2503799677887,0 37.84079099280964,37.26301502008337,0 37.84055198563511,37.26682901278457,0 37.84055200975393,37.26683000341774,0 37.84186300469731,37.2712400135015,0</coordinates></LinearRing></outerBoundaryIs>
        </Polygon>
      </MultiGeometry>
    </Placemark>
    <Placemark id="ID_00002">
      <name>{E2A0D610-4A82-4138-941E-9E6C785BFA53}</name>
      <Snippet></Snippet>
      <description><![CDATA[<html xmlns:fo="http://www.w3.org/1999/XSL/Format" xmlns:msxsl="urn:schemas-microsoft-com:xslt">
<head>
<META http-equiv="Content-Type" content="text/html">
<meta http-equiv="content-type" content="text/html; charset=UTF-8">
</head>
<body style="margin:0px 0px 0px 0px;overflow:auto;background:#FFFFFF;">
<table style="font-family:Arial,Verdana,Times;font-size:12px;text-align:left;width:100%;border-collapse:collapse;padding:3px 3px 3px 3px">
<tr style="text-align:center;font-weight:bold;background:#9CBCE2">
<td>{E2A0D610-4A82-4138-941E-9E6C785BFA53}</td>
</tr>
<tr>
<td>
<table style="font-family:Arial,Verdana,Times;font-size:12px;text-align:left;width:100%;border-spacing:0px; padding:3px 3px 3px 3px">
<tr>
<td>FID</td>
<td>2</td>
</tr>
<tr bgcolor="#D4E4F3">
<td>ID</td>
<td>{E2A0D610-4A82-4138-941E-9E6C785BFA53}</td>
</tr>
<tr>
<td>AD</td>
<td>OĞUZELİ</td>
</tr>
<tr bgcolor="#D4E4F3">
<td>KIMLIKNO</td>
<td>1549</td>
</tr>
<tr>
<td>ILID</td>
<td>{FFB0E469-39AF-48CD-826C-9FA775F95571}</td>
</tr>
</table>
</td>
</tr>
</table>
</body>
</html>
]]></description>
      <styleUrl>#PolyStyle00</styleUrl>
      <MultiGeometry>
        <Polygon>
          <extrude>0</extrude><altitudeMode>clampToGround</altitudeMode>
          <outerBoundaryIs><LinearRing><coordinates> 37.52354798191246,37.05371497874186,0 37.52153401768808,37.05394097925183,0 37.52144616184294,37.05394602915087,0 37.52151485815669,37.05368192655791,0 37.52150632684825,37.05356656557912,0 37.52071791011893,37.05360933570395,0 37.51970957257941,37.0536542626857,0 37.51872127817213,37.05370173193485,0 37.5177189481017,37.05373291513164,0 37.51658170188477,37.05376470321847,0 37.51601025404696,37.05377825607837,0 37.51588106188229,37.05289554881256,0 37.51568494830241,37.05294370448428,0 37.51543709115352,37.05299581316438,0 37.51524133505663,37.05302556898412,0 37.51522718729251,37.0530270597572,0 37.51488835831594,37.05305550541928,0 37.51460229722778,37.05308461156126,0 37.51439431999658,37.05310796466084,0 37.51387063455626,37.0532042764983,0 37.51381554661688,37.05283054546262,0 37.51378605458442,37.05249751687086,0 37.51373238939915,37.05229686530779,0 37.51361426728499,37.05195695613986,0 37.5135044326243,37.05131525797923,0 37.51367899756284,37.05122130261817,0 37.51370830631672,37.05094861947909,0 37.51369193183159,37.05068113238458,0 37.51369098176801,37.05054049852102,0 37.51366200100485,37.05051697596713,0 37.5136898765039,37.0503771112878,0 37.51368946255072,37.05031575389703,0 37.51374222931875,37.05007028571632,0 37.5138339727856,37.04965420274401,0 37.51388131446532,37.04941668196173,0 37.51392095660067,37.04914761673179,0 37.51396356554477,37.04905392875641,0 37.51402255139936,37.04898159957636,0 37.51402712507858,37.04897293676186,0 37.51412476919847,37.04877375232267,0 37.51416033884897,37.04855232015778,0 37.51418600473565,37.04838086426822,0 37.51416145579736,37.04826603678539,0 37.51412902451786,37.04809743263067,0 37.51408156380206,37.04789822093106,0 37.51401670429738,37.04756100889427,0 37.51396955848261,37.04723117865362,0 37.51386058891679,37.0467520562061,0 37.51374781298806,37.04681148127259,0 37.51354569831597,37.0468733634723,0 37.51338863633411,37.04691433882444,0 37.51322306619718,37.04693373572233,0 37.51293153918487,37.04700165347593,0 37.51275222847514,37.04703877082383,0 37.5127232893125,37.04692031033709,0 37.51263876480079,37.04667589954727,0 37.51260379263629,37.04652336669216,0 37.51253768335298,37.04625055607514,0 37.51244416986656,37.04578057290936,0 37.51239295128885,37.04554552554688,0 37.51268454319115,37.04555203538656,0 37.51278405848452,37.04555202945661,0 37.5129620003484,37.04555201603583,0 37.51298358913346,37.0455388186936,0 37.5130315752778,37.04553564240366,0 37.51314448666422,37.0454690642447,0 37.51326667534768,37.04538470644807,0 37.51376979435522,37.04499735794186,0 37.51487759014471,37.0441648746929,0 37.51526077598463,37.04386011526645,0 37.51543114745695,37.04359384645972,0 37.51554356306069,37.04332327235351,0 37.51559757305597,37.04318616901644,0 37.51561486481763,37.04298597726928,0 37.51561834834879,37.04280708652134,0 37.51557775636832,37.0425990136719,0 37.51552830863081,37.04238725177004,0 37.51547854322984,37.04207707168881,0 37.51546933330773,37.04186223325561,0 37.51547602367958,37.04151876293187,0 37.51544453390242,37.04141637501635,0 37.5151679498785,37.04117671682466,0 37.51516034735239,37.04110862709035,0 37.51531585922834,37.04091732486425,0 37.51537604084316,37.04080713818201,0 37.5153555376887,37.04071383600335,0 37.51523740042323,37.04059068064794,0 37.51513889609748,37.04049103168445,0 37.51510032927907,37.04040823865484,0 37.5150665054677,37.04031119085194,0 37.51495736607937,37.04018457040072,0 37.51493630397889,37.04011988888342,0 37.51492109959641,37.03998370754451,0 37.51487781039446,37.0398570172819,0 37.5147738312847,37.03969467319786,0 37.51464352695857,37.03950873757572,0 37.51456864881986,37.03939954318311,0 37.51451753142325,37.03927364827951,0 37.51452195780883,37.03916097531759,0 37.51455196079628,37.03905309522854,0 37.51460265857285,37.03897142016684,0 37.5147192910533,37.03882794405656,0 37.51488518932629,37.03867613704975,0 37.51509207250027,37.03842553545995,0 37.51522972728513,37.03823400908951,0 37.51525101221632,37.03811528414707,0 37.51524612935206,37.03802217520987,0 37.51522294195879,37.0379521005129,0 37.51515554109059,37.03786000092643,0 37.51501697615295,37.03775448264054,0 37.51478620714944,37.03762723304548,0 37.51470276916593,37.03755640310403,0 37.51468404311438,37.03748638304797,0 37.51471235447262,37.03740800667615,0 37.51475199945769,37.03732082526804,0 37.51473965499654,37.03726699019628,0 37.51471352101072,37.03717630052728,0 37.51463252327771,37.03709476444317,0 37.51454483247954,37.03701314616863,0 37.51445152732727,37.03687598681982,0 37.51421720492315,37.03670216782813,0 37.51406232553255,37.03663223127317,0 37.51386965174797,37.03655466431717,0 37.51353615178225,37.03671689391547,0 37.51264071179586,37.03713779516073,0 37.51180607370278,37.03753082209496,0 37.51175793897656,37.03753827042952,0 37.51177134581305,37.03748028486118,0 37.51176015700754,37.03736741449286,0 37.51173090671973,37.03726505458275,0 37.51167704077109,37.03716596358981,0 37.51157669613927,37.03704660870253,0 37.5114339915417,37.03692493009171,0 37.51094118136131,37.03650092932799,0 37.51055722423884,37.03621786441963,0 37.51035708356032,37.03600868003929,0 37.51028731846976,37.03592370388248,0 37.51019673912973,37.03587604317676,0 37.51013016455672,37.03579915864429,0 37.50999768233108,37.0356114010239,0 37.50990505134843,37.03544024944016,0 37.50982816633434,37.03520577399016,0 37.50983810557494,37.03515400632752,0 37.50984660816737,37.03514966706188,0 37.50993730354324,37.03510336228956,0 37.51012861799573,37.0350216669497,0 37.51008355924856,37.0348716904393,0 37.50999776357165,37.03469346561299,0 37.50981130249103,37.0343556194377,0 37.50955051293332,37.03393810713791,0 37.50921713965926,37.03403680498403,0 37.50862898123872,37.03421013315027,0 37.50850672466105,37.03424169981406,0 37.50838383747499,37.03402006355399,0 37.50828991860777,37.03391509934976,0 37.50819818650228,37.03392647202219,0 37.50811991343828,37.03393443356254,0 37.5079847080107,37.03388620857829,0 37.50787324437108,37.03387943898865,0 37.50779972621645,37.03392950985257,0 37.50772605533302,37.03393037229797,0 37.50760656573436,37.03399149681138,0 37.50759649472161,37.03398119492678,0 37.50756936736624,37.03395345217616,0 37.50736401388227,37.0334981618512,0 37.50722801159321,37.03320568026496,0 37.50715617769207,37.03308315983311,0 37.50700447421122,37.03282441862149,0 37.50698249811124,37.03274988309163,0 37.50674750592989,37.03278271235953,0 37.50652349517991,37.0328246242555,0 37.50619979681147,37.03294222329886,0 37.50597785115147,37.0330494730547,0 37.50573887375772,37.03317171663085,0 37.50567368668283,37.03308142676151,0 37.50559428040295,37.03291938578203,0 37.5055450623526,37.03281140492901,0 37.50552499265249,37.03269663188164,0 37.50535215255637,37.03251909726201,0 37.50485362354929,37.03204847691375,0 37.50437284580006,37.03158344607873,0 37.50389845267662,37.03113459877051,0 37.50343299028994,37.03068586155034,0 37.50294344473667,37.03021355663942,0 37.50246070572854,37.02973596829328,0 37.50229733910976,37.02958807239843,0 37.50225399711182,37.0294085904047,0 37.50223920255432,37.02925272951902,0 37.50218402797432,37.02905073015588,0 37.50215860532934,37.02886789657126,0 37.5021444522501,37.02873619935315,0 37.50200917403775,37.02880606495883,0 37.50188320612939,37.02885636553449,0 37.5018303589649,37.02881991005268,0 37.50180488342745,37.02875338252603,0 37.50181707693245,37.02858712665407,0 37.50182492224469,37.02847181386174,0 37.50186464411827,37.02815381036262,0 37.50189023337403,37.02804408793956,0 37.50214415203541,37.02772879112551,0 37.50250244931971,37.02726897901728,0 37.50276914196397,37.02692789668051,0 37.50306578571533,37.02653887812112,0 37.50329391422499,37.02622951517712,0 37.50343458622923,37.02605503943766,0 37.50347904475328,37.02572278109584,0 37.50353357546165,37.02527523562742,0 37.50359560489718,37.0247866305478,0 37.50364584655299,37.02433008615731,0 37.50372316253591,37.02397229515348,0 37.50371718278654,37.02396263301368,0 37.50385762639083,37.02324061557595,0 37.50400391036133,37.02248997321973,0 37.50429010182497,37.02092396921134,0 37.50422492794675,37.020682581551,0 37.5040192380612,37.02005543457302,0 37.50327441259701,37.01904757489459,0 37.50234505134608,37.01909809607472,0 37.50158363642429,37.01926255062654,0 37.5003744703851,37.0195299416708,0 37.49982597960719,37.0197724807841,0 37.49946841838438,37.01997021824094,0 37.49923555969144,37.02015564452162,0 37.49896708092228,37.02034509731491,0 37.49867643360997,37.02054198702103,0 37.4982925899227,37.0207650987748,0 37.49795725765849,37.02095897226816,0 37.49755514468546,37.02116084343525,0 37.49738982649924,37.02123780073252,0 37.49722227387478,37.02093448282143,0 37.49700724478007,37.02056466305743,0 37.49702860040767,37.02047646561121,0 37.49670263099421,37.02004094163594,0 37.49651025314927,37.0197957840908,0 37.49644042412343,37.01976658423072,0 37.49630074715115,37.01956009542857,0 37.49643488821216,37.01948436178661,0 37.49655735154426,37.01940183222892,0 37.4965987192075,37.01930412741148,0 37.49666157642567,37.01912516655131,0 37.49674337793687,37.0190292671928,0 37.49684857713393,37.01894926887393,0 37.49697617316325,37.01883427979305,0 37.4970877768468,37.01878659480429,0 37.4972397689292,37.01873840005903,0 37.49737161083505,37.01869277317148,0 37.49750813225567,37.01859155340366,0 37.49738365243567,37.01842421144467,0 37.49729835656574,37.01834198914464,0 37.49719795405534,37.01822524750408,0 37.49712942438944,37.01811504666949,0 37.49702318258953,37.01814183846069,0 37.49681751435369,37.01824855751241,0 37.49663794416347,37.01836188827747,0 37.49651016684465,37.01846762247176,0 37.49636246831598,37.0185874920903,0 37.49628107511614,37.01870421162477,0 37.49619606880425,37.01878395481195,0 37.4960163625918,37.01889034510272,0 37.49590552915428,37.0189773549865,0 37.49578942488795,37.01908988430387,0 37.49570630684036,37.01911869716383,0 37.4955973443913,37.01900669138397,0 37.49556942940576,37.01890754645265,0 37.49548245706542,37.0187397296872,0 37.49543194373053,37.01851823520393,0 37.49539049518101,37.01831745022547,0 37.49531717675099,37.01811012561256,0 37.49524399474244,37.01790974048603,0 37.49519300304098,37.0178108862514,0 37.49511495896243,37.01765684098283,0 37.49500243260921,37.01751016959568,0 37.49492836175047,37.0174116060288,0 37.49481056532672,37.01729045394403,0 37.49474222122316,37.01718950435138,0 37.49466508507994,37.01708172420708,0 37.49466372328232,37.0170123251282,0 37.49459483583279,37.01688361543175,0 37.49440317249859,37.016442758149,0 37.49408306291082,37.01567329252256,0 37.49395988459274,37.01538230486449,0 37.49381300409323,37.01503872524815,0 37.49376105944661,37.01491211544764,0 37.49381127930029,37.01484537179725,0 37.49396117017209,37.01471126541732,0 37.49410810509085,37.0146366941828,0 37.49423295661708,37.01459214992337,0 37.49434950066443,37.01454440530888,0 37.49447759827492,37.01445519542941,0 37.49442649662478,37.01437154735734,0 37.49455485279309,37.01429555714294,0 37.49483635456649,37.01414656885426,0 37.49494999576461,37.0140558881684,0 37.4950164725328,37.01397737041455,0 37.49501655780345,37.01387655159536,0 37.49504091518406,37.01375228759743,0 37.49513150176525,37.01364206271475,0 37.49531631865397,37.01350255547326,0 37.4955359057892,37.01334938670692,0 37.49561320210569,37.0132971782606,0 37.49577551409144,37.01316621609931,0 37.49589903414844,37.01305392485341,0 37.49593727488105,37.01300716583847,0 37.49626094509369,37.01259154628487,0 37.49648376129525,37.01228793375182,0 37.49672482654389,37.01196921698681,0 37.49705859599425,37.01154355152978,0 37.49729164123525,37.01123650358346,0 37.49772756548043,37.01066079827724,0 37.4979585801067,37.01035542708536,0 37.49820764604367,37.010025035746,0 37.49839684642072,37.00979456700423,0 37.49863030961826,37.00947924543772,0 37.49886108775952,37.00916230670733,0 37.49912947754444,37.00881183664752,0 37.49923875369161,37.00867941528037,0 37.4993601831973,37.00849135515422,0 37.49904927343402,37.00840083732294,0 37.49891904698942,37.00836588576009,0 37.4988606896426,37.00839259499919,0 37.49870051873112,37.00848197677779,0 37.49849983594655,37.00845735883085,0 37.49826661406168,37.00842488566416,0 37.49804689407378,37.0084052285325,0 37.49790977219073,37.00839397259485,0 37.49773863194336,37.00836583414991,0 37.4976646328265,37.00834889418385,0 37.4974421715816,37.00827001204559,0 37.4972551868681,37.00819327492064,0 37.49696152601117,37.00808128484959,0 37.49672724112648,37.00799451723223,0 37.49657852228674,37.00791729635905,0 37.49644727720531,37.00783040889702,0 37.49623603319674,37.00771737942089,0 37.49595018589057,37.00755334406895,0 37.49592362159903,37.00748747197446,0 37.49590376907705,37.00743823414248,0 37.49589971376741,37.00738161983077,0 37.49583894241211,37.00721002539383,0 37.4957981569742,37.00708185927493,0 37.49575300388586,37.00695610880167,0 37.49574145320476,37.00689250532697,0 37.49562633962307,37.0068774283892,0 37.49525198389346,37.00685381160645,0 37.49506928836043,37.00684548721203,0 37.49492915757821,37.00683072478874,0 37.49486097671949,37.00680679190211,0 37.49459622438258,37.00666727926823,0 37.49446526325814,37.00659455324039,0 37.49412474208528,37.00641939708079,0 37.49398216834754,37.00635508066146,0 37.49363415358584,37.00669945799022,0 37.49335989716973,37.00697679640096,0 37.49321446285281,37.00712897401306,0 37.49319545229683,37.00714886396027,0 37.49309699624158,37.00723274040628,0 37.49263197206354,37.00723976920712,0 37.49259430434088,37.0071953824052,0 37.49246791400923,37.00705530486267,0 37.49234729642886,37.00690925305234,0 37.492207224259,37.006746917877,0 37.49205949377529,37.0065693312468,0 37.4918333700009,37.00629710543242,0 37.49168872235313,37.00612656318911,0 37.49157542055438,37.005978057969,0 37.4914410525586,37.00580620408465,0 37.49135534703691,37.0057140190763,0 37.49124524279828,37.0055784584972,0 37.49112299494186,37.00542416010592,0 37.49108916657636,37.0053502115027,0 37.49099233050718,37.0052156642564,0 37.49093146085558,37.0051137208162,0 37.49066664837004,37.00489510329101,0 37.49035980218176,37.00463451304465,0 37.49009950459661,37.00449611452996,0 37.49022968742661,37.00430323233644,0 37.49011307873521,37.00424388656763,0 37.48985918936211,37.00412774455037,0 37.48972882509467,37.0040626965949,0 37.48952553715365,37.00396083370444,0 37.48927597168106,37.00384200342808,0 37.48910257790497,37.0037581900163,0 37.48907810824188,37.00373781377935,0 37.48875701452769,37.00419298262638,0 37.48870660166853,37.00426953039476,0 37.48863400187621,37.00436568646318,0 37.48836929635185,37.0046222158311,0 37.48811613522501,37.00482006926855,0 37.48787603625326,37.00503684511914,0 37.4877770016848,37.00516532922446,0 37.48768185886321,37.00524922816966,0 37.48762490690455,37.00525757719487,0 37.48755382543721,37.00519230173761,0 37.48744425706901,37.00510587752241,0 37.48720415575715,37.00493740367202,0 37.48702636726278,37.00480274858632,0 37.48690400640119,37.00474664684551,0 37.48654913105266,37.00451334675552,0 37.48560477137882,37.00422258744289,0 37.48518067537074,37.00409842982081,0 37.48502658229138,37.00405331537956,0 37.48455714029973,37.00393311071497,0 37.48425749154481,37.00376755611877,0 37.48386213889398,37.00376169201797,0 37.48357722289057,37.00366079086231,0 37.48332148845359,37.0036747925164,0 37.48318201071665,37.00366212711104,0 37.48306870486992,37.00360951037296,0 37.48285703350546,37.00357973585991,0 37.48273509723688,37.0035452357897,0 37.48248399088869,37.00356638399053,0 37.4824672910399,37.00363143023041,0 37.48255505389847,37.00375641045994,0 37.48269376229494,37.00372946392989,0 37.48278275885822,37.00388739428065,0 37.48278370008485,37.00388906197988,0 37.48281470639698,37.00394408231055,0 37.48240425918387,37.00408609174643,0 37.48219419504273,37.00413914454636,0 37.48213814396959,37.00402817854735,0 37.48204805872702,37.00401489309871,0 37.48194955233777,37.0040305320675,0 37.48187012563468,37.00410356773572,0 37.48184521141831,37.00420834235564,0 37.48161718535853,37.00426161843502,0 37.4814337823334,37.00429992825782,0 37.48127815956337,37.00438111911386,0 37.48118000189938,37.00441476224351,0 37.48100564878141,37.00445656244167,0 37.48074493168473,37.00444540542189,0 37.48028580321777,37.00439349673964,0 37.48028875707629,37.0043142135053,0 37.48035152010339,37.00384514759843,0 37.48005460368584,37.00382003184644,0 37.47968591301033,37.00379941432416,0 37.47966083373106,37.00412752460949,0 37.4793459552363,37.0041026310592,0 37.47892724215922,37.00405021324983,0 37.47877408413386,37.00402690657977,0 37.47851751020573,37.00399768386026,0 37.47847428143849,37.00408467324334,0 37.47818571749075,37.00402703083135,0 37.4783359781853,37.003465116425,0 37.47833648507291,37.00346321440961,0 37.47797468502159,37.00333443814159,0 37.47771348400374,37.0032980668984,0 37.47760916274071,37.00324533121793,0 37.47710747085153,37.00308227393638,0 37.47679611210665,37.00300689905298,0 37.47661138583751,37.00297677802523,0 37.47646741999911,37.00296416054432,0 37.47632014506627,37.0029179876139,0 37.47613432136403,37.00287303823961,0 37.47602171672991,37.002890191943,0 37.47580818694999,37.00293616767767,0 37.47561905155541,37.00297396316362,0 37.47538737221629,37.0030122872959,0 37.4752244185684,37.00304975664135,0 37.47497944256356,37.00307774323279,0 37.47476264100777,37.00312375595856,0 37.47453142064266,37.00324671976848,0 37.47450732867539,37.00325953039349,0 37.47447739690705,37.00312808616064,0 37.47441550169574,37.00296251277265,0 37.47436497750425,37.00277796899416,0 37.4742830356731,37.0025875373433,0 37.47411845400588,37.00237302496588,0 37.4740100361978,37.00222999918873,0 37.47390498650099,37.0020586869517,0 37.47385910405598,37.00191174702838,0 37.47385216214038,37.0017549062166,0 37.47380109725925,37.00154212253135,0 37.47369286301942,37.00140851139315,0 37.47332087955528,37.00119343233229,0 37.47318977952637,37.00109148820381,0 37.47281519600982,37.00074148449333,0 37.47257405073677,37.00041179559913,0 37.47207835839723,36.99986870330968,0 37.47162649315842,36.99936586803683,0 37.47141407262477,36.99910486583646,0 37.47109994027663,36.99884512410517,0 37.47082390301002,36.99853155576056,0 37.4706245531467,36.99833943730666,0 37.47038999779818,36.9981477547048,0 37.47020636013334,36.99795857992556,0 37.46994242805049,36.99766369035989,0 37.46960796042627,36.99736339549082,0 37.46905188203498,36.99774690024118,0 37.46878819742899,36.99848143567523,0 37.4686738063781,36.99884064037852,0 37.46845248244579,36.99954012803697,0 37.46812839265462,36.99977952412651,0 37.46786051906543,37.00009354943047,0 37.46749313900315,36.99994449226256,0 37.46720033160945,36.9998793339575,0 37.46606300707907,36.99959763989425,0 37.46562300891672,36.99945863892366,0 37.46534729700533,36.99908220165728,0 37.46497834530528,36.99857745536015,0 37.46485754705974,36.99837790620861,0 37.46451610352605,36.99800014283331,0 37.46431987360893,36.99778812064631,0 37.46438387021006,36.99763990202189,0 37.4641190196733,36.99733490676706,0 37.46389837652497,36.99715669144251,0 37.46388771232471,36.99703619877805,0 37.46370729391423,36.99677707255216,0 37.46363482029486,36.99648310657686,0 37.4635434580781,36.99607545269171,0 37.46345363777841,36.99574819404616,0 37.46321334310353,36.99541608898546,0 37.46304925172559,36.99513665539035,0 37.46286138633447,36.99492452656896,0 37.46251995655896,36.99498234418666,0 37.46209564280238,36.99507468930713,0 37.46207057724195,36.99507499810566,0 37.46148732966148,36.99512564812292,0 37.46134064376717,36.99513845924581,0 37.46101211240259,36.99520865115385,0 37.46058805167919,36.99531438928954,0 37.46008958604526,36.99546125033582,0 37.45980841346623,36.99561213653083,0 37.4595522977513,36.99576271571189,0 37.45933317853613,36.99610047661798,0 37.45915326109441,36.99630372754277,0 37.45863203056391,36.99657148491865,0 37.45809944408914,36.995807373966,0 37.45793332125615,36.99542073527301,0 37.45737561108253,36.99552810283902,0 37.45741170857149,36.99566838884702,0 37.45647181646564,36.99588766412811,0 37.4561882094971,36.99591124749281,0 37.45578753401959,36.99592956462605,0 37.45544698765625,36.99603425910008,0 37.45497598942194,36.99630808612732,0 37.45441336304727,36.99659643756461,0 37.45392093085727,36.99662257273833,0 37.45371185618901,36.99661173062292,0 37.45321209054678,36.99669156412047,0 37.45244643797783,36.99684836270359,0 37.4507825685347,36.99678159115761,0 37.44977951018227,36.99719592488189,0 37.44739451574246,36.9983780549939,0 37.44660669533697,36.99912783448951,0 37.44414300483216,36.99943407172035,0 37.44339179275576,36.9995069495369,0 37.44347866362572,36.99960139022566,0 37.4399200195307,36.99709701840327,0 37.43976595533559,36.99703003827821,0 37.43973967897333,36.99702670258248,0 37.43896749159324,36.99721469006509,0 37.43893668629134,36.99716046635437,0 37.43914956578196,36.99642345345534,0 37.43898592233035,36.99623216162311,0 37.43829034525886,36.99623420899152,0 37.43788667711715,36.99602633015114,0 37.43737612284717,36.99547470497561,0 37.43504798392686,36.99620737627995,0 37.43485514263579,36.99626806238089,0 37.43341231614198,36.99603896490034,0 37.43271602373965,36.9957213406035,0 37.43209893026826,36.99590593878099,0 37.43192584331506,36.99541265669971,0 37.43256349233781,36.99500345754051,0 37.43256036690804,36.9945710255904,0 37.43265220199289,36.99425532219915,0 37.43259265984314,36.99398876325724,0 37.43255040533031,36.99369922540431,0 37.43246367319623,36.993406007659,0 37.43230379867639,36.99305497388586,0 37.43220627972371,36.99275320129708,0 37.43235861037541,36.99266150120568,0 37.43260810225043,36.99248520407881,0 37.43279073907483,36.99242032273835,0 37.43296356256506,36.99232237648796,0 37.43314229517947,36.99229440997595,0 37.4333197823439,36.9922000938086,0 37.43347881894469,36.99210231331585,0 37.43359594228325,36.99197554359366,0 37.4339289756689,36.99184247843333,0 37.4340597539839,36.99175757426397,0 37.43443104736809,36.99165501564967,0 37.43531419570447,36.99139658018296,0 37.43564737200244,36.99132028803746,0 37.43558384540247,36.99102167774087,0 37.43626929630169,36.99085853619925,0 37.43678835344251,36.9907438591895,0 37.43802608934318,36.99052240540177,0 37.43823760857043,36.99047854933581,0 37.43842827335617,36.99035235954967,0 37.43862692733897,36.99030865871649,0 37.44004312346132,36.98999727183559,0 37.44025354206963,36.99091866631584,0 37.44051604169117,36.99084837915584,0 37.44081119356778,36.9908035034023,0 37.44109932740594,36.99072774280845,0 37.44146592548629,36.99071812997302,0 37.44161993544984,36.99069561375995,0 37.44197766393161,36.99055706523971,0 37.44206197904753,36.99059217288982,0 37.4422598494843,36.9905071824801,0 37.44261104611545,36.99036354868459,0 37.44302062811546,36.99024501417085,0 37.44229435695211,36.98926795236734,0 37.44253608592048,36.98912048807767,0 37.4433713159443,36.98871288616779,0 37.44409805178395,36.98835305254092,0 37.44381684460269,36.98811387285657,0 37.44378613677657,36.98785099811842,0 37.44366176415909,36.98773895377977,0 37.44350805340333,36.98777695361864,0 37.44337364312682,36.98781472034912,0 37.44329011291018,36.98782089708862,0 37.44321086724482,36.98771346445672,0 37.4431140808232,36.98769915664175,0 37.44287605978508,36.98770204866122,0 37.44275119905011,36.98756419910431,0 37.44232633086902,36.98721320297119,0 37.44199727754496,36.98682491091768,0 37.44210842319275,36.98678222241817,0 37.442199878103,36.98667615132407,0 37.44223300451534,36.9864508363573,0 37.44241010687728,36.98642619332358,0 37.44250269111045,36.98638008456457,0 37.44250070937779,36.98627514878842,0 37.4423217674708,36.98620235260677,0 37.4423663632718,36.98608935264203,0 37.44242086531783,36.98600622312215,0 37.44258055356153,36.98604926592785,0 37.44270329252501,36.98611524853194,0 37.44270824624905,36.98588277770587,0 37.44261396397522,36.98583894011588,0 37.44253813307409,36.98573707512525,0 37.44209851069036,36.9857536799345,0 37.4420545556174,36.98565659549427,0 37.44215012362572,36.98551276379388,0 37.44207937006984,36.9854835875562,0 37.44198040066192,36.98544724509763,0 37.44173035627512,36.98534139976441,0 37.44164336868833,36.98519603041364,0 37.44164953876576,36.98502700258852,0 37.44166925105025,36.98483152975222,0 37.4418571939964,36.98462274901416,0 37.44217799182157,36.98450997230084,0 37.44278739790826,36.98431484348981,0 37.44275255772812,36.98424438131161,0 37.44264208944352,36.98422364761534,0 37.44271323384445,36.98410504131959,0 37.44265695659657,36.98403949607038,0 37.44247409591608,36.98407115255667,0 37.44232583518031,36.98399200796823,0 37.4421118510362,36.9838327118259,0 37.44250813993872,36.98344523934473,0 37.44218480364249,36.98332406749453,0 37.44274212977258,36.98126418052853,0 37.44287053030949,36.98094614154602,0 37.44297318901132,36.9807254897073,0 37.44301027895926,36.9806530466538,0 37.44309488064477,36.9806074507684,0 37.4434923188109,36.98038321424352,0 37.44327793317821,36.98011842076365,0 37.44356694452589,36.97980979687956,0 37.44383408310956,36.97992653644325,0 37.44389272622243,36.9798641150206,0 37.44421798010578,36.97943848919574,0 37.44429623827109,36.97950953094771,0 37.44444698789889,36.97934657151874,0 37.44477923194744,36.97906484341775,0 37.44506163590798,36.97885914255222,0 37.44545840850173,36.97860062615713,0 37.44600715484821,36.97824426765066,0 37.44625830574532,36.97841947540728,0 37.44665481457979,36.9781472449606,0 37.44674964292737,36.97819065653914,0 37.44709132419426,36.97795680358084,0 37.44737740439669,36.97772019841074,0 37.44763980063286,36.97758672758657,0 37.44770006237993,36.97760999181707,0 37.44793695497656,36.97748368623862,0 37.44811384276354,36.97734782997455,0 37.44830769053426,36.97720490986406,0 37.44847156698888,36.97705892594844,0 37.448728095068,36.97729234171312,0 37.44934438926572,36.97689400538824,0 37.44986771351243,36.97654803087552,0 37.45004897747769,36.97639961955826,0 37.45016175114367,36.97623818185311,0 37.45017671335997,36.97621554600444,0 37.45065030592923,36.97587078471961,0 37.45035435551479,36.97533503399315,0 37.45043862408135,36.97530088517559,0 37.44704752160627,36.97151813577025,0 37.44704748251748,36.97151814705882,0 37.44507759169483,36.96922809681477,0 37.44495392485598,36.96907806178888,0 37.44482439537583,36.96916358249072,0 37.44404407908365,36.96968547902001,0 37.44310478394124,36.9701021725831,0 37.44267689290969,36.97023549764958,0 37.44242152956381,36.9703908539122,0 37.44242654493563,36.97061655112406,0 37.44239641929544,36.97065653265814,0 37.44238564978184,36.97089793970542,0 37.44225597193508,36.97099412105409,0 37.44186520969298,36.97149468952071,0 37.44167221009598,36.97162425220268,0 37.44175057088554,36.97170111688018,0 37.44155333121109,36.97209962740899,0 37.4414023788091,36.9721218223077,0 37.44102952248922,36.97243512335876,0 37.4402500205895,36.97275912508475,0 37.43968393003336,36.97294898660125,0 37.43915194838856,36.97332344742152,0 37.43902029998757,36.97341011470627,0 37.43865578755319,36.97364828667775,0 37.43839712259071,36.97402750077506,0 37.43796289484738,36.97435311118483,0 37.43777339772021,36.97452177842969,0 37.43744224926005,36.97482032814041,0 37.4372960630516,36.97509627204175,0 37.43474948948675,36.9766757233762,0 37.43406934906041,36.97616171940766,0 37.43377781162213,36.97633803184947,0 37.43315146887637,36.97602126003648,0 37.43290398304742,36.97589414322037,0 37.43270506457422,36.97579358164437,0 37.43270496603617,36.97579377655031,0 37.43256652611516,36.9757235442945,0 37.43254074990536,36.97574587959909,0 37.4316770443281,36.97535700937082,0 37.43063965157524,36.97638201696436,0 37.42794262428703,36.97720132394177,0 37.42794259703768,36.97720130805143,0 37.42637891400164,36.97767628871284,0 37.42421721041621,36.97785841705992,0 37.42341128438827,36.97792629467274,0 37.4203501447602,36.97806807121866,0 37.41837575415292,36.97862056668268,0 37.41623518474161,36.97941966325111,0 37.41404811309555,36.98145533790113,0 37.41309257254265,36.98281397689452,0 37.41142854087308,36.98517993022053,0 37.41100564219063,36.98531770393309,0 37.40983391293796,36.98645232358479,0 37.40149561900797,36.99038588958555,0 37.40131419400107,36.98969756167989,0 37.40089652900901,36.98797672110175,0 37.40057833893594,36.98633769841737,0 37.3997508301502,36.98529940589285,0 37.3997346832781,36.98525609916928,0 37.39965806794699,36.98505067143935,0 37.3995679072619,36.98495909458278,0 37.39901522962825,36.98509907315858,0 37.39870611615929,36.98465194460118,0 37.39870609994404,36.98465191776197,0 37.39862759104984,36.98445648761206,0 37.39888546066472,36.98408076579617,0 37.39888549593698,36.98408072934007,0 37.39894219880644,36.9839037892628,0 37.39891605300512,36.9837583356262,0 37.39889765062328,36.98365584458067,0 37.39872297685294,36.98315432137009,0 37.39854060861673,36.98263063715462,0 37.39843576536719,36.98268783597417,0 37.39839866581845,36.98200255380907,0 37.39746446023051,36.98028741113016,0 37.39758317877935,36.97937321385587,0 37.39779723299809,36.97772476638421,0 37.39756623130973,36.97633938867435,0 37.39736365113917,36.97512452895301,0 37.39590058799132,36.97397092679243,0 37.39557518216233,36.97367799024455,0 37.39414351163785,36.97329324283421,0 37.39226186737586,36.97251209770152,0 37.39169583040599,36.97218380535536,0 37.39044808273721,36.97146013001001,0 37.38912931429063,36.97069522927699,0 37.38872561569544,36.96966500940805,0 37.38879824822865,36.9694833498048,0 37.38879827214168,36.96948330627641,0 37.38871295728899,36.96941688512831,0 37.38851754626307,36.96934131978049,0 37.38800262366735,36.96876609421297,0 37.38804123904632,36.96873153395163,0 37.38807899747376,36.96869776938157,0 37.38834300687564,36.96863241126069,0 37.38839336422185,36.96855909613411,0 37.38851759075389,36.96850573401447,0 37.38857948442742,36.9684791455762,0 37.38857949509754,36.96847911481692,0 37.38859092653332,36.96839594191723,0 37.38854751432873,36.96814220356895,0 37.38832860695064,36.96819658292762,0 37.38783722157499,36.96737454587787,0 37.38748146793471,36.96677936267587,0 37.38738335613633,36.96671823485708,0 37.38705975930983,36.96599547654272,0 37.38588997075975,36.96639313972407,0 37.38588992832866,36.9663931528336,0 37.38540724456844,36.9665233158542,0 37.38502142516214,36.96664720388289,0 37.38502138289398,36.96664722600035,0 37.38468869713786,36.96684306070817,0 37.38434154068772,36.96696128951569,0 37.38396826238613,36.96706423430276,0 37.38390364324861,36.96700965273759,0 37.38391160457103,36.96694305248254,0 37.38399050359912,36.96620018187296,0 37.38377776390414,36.96547071573744,0 37.38377555591017,36.96534874234548,0 37.38385266173672,36.96496380966628,0 37.38391037058071,36.96457910303553,0 37.38396518223936,36.96439163694948,0 37.38398259048201,36.96392436437051,0 37.38397441835102,36.96347295949399,0 37.38392979833261,36.96315172015554,0 37.38393220838755,36.96257045116139,0 37.38390820812432,36.96231643757071,0 37.38392646423026,36.96189586356659,0 37.3839496019556,36.96174509375495,0 37.38400253317071,36.96145385621015,0 37.38407476772727,36.96115720374714,0 37.38429522370827,36.96047478891288,0 37.38435320946847,36.9601056463499,0 37.38440978554893,36.9596586778918,0 37.38441713641662,36.95863622840891,0 37.38440099459344,36.95810188217496,0 37.38439834565219,36.95759851584529,0 37.38465844843563,36.95553518838952,0 37.38446462046483,36.9553790411821,0 37.38423902242307,36.9552732145581,0 37.38373955020479,36.95496862785297,0 37.38355014429334,36.95480254162553,0 37.3832531772407,36.95461526756919,0 37.38281955906483,36.95485966808387,0 37.38249289434341,36.95509160044887,0 37.38224846715219,36.9552328207449,0 37.38193868162873,36.95562537019866,0 37.38153625001532,36.956048914257,0 37.38054582104289,36.95720108310841,0 37.37982954531945,36.95709133524122,0 37.37996971073848,36.95662660023802,0 37.38006604161807,36.95643197476526,0 37.38006622629165,36.95643188071503,0 37.38006613037744,36.95643179172833,0 37.38000598685777,36.95639896761195,0 37.37962200148726,36.95618299841296,0 37.37950302920801,36.95614400628907,0 37.37923801545293,36.95604903663165,0 37.37908099572192,36.95597497882173,0 37.37894595539288,36.95595401829409,0 37.37888601310125,36.95595795812586,0 37.37885452704408,36.95595417912087,0 37.37874502784987,36.95594103088276,0 37.37861520007323,36.95590604009152,0 37.37859837658716,36.95589889575924,0 37.37752065109949,36.95558235901441,0 37.37665621978192,36.95534872516549,0 37.37658071204727,36.95537919723812,0 37.37646027530281,36.95543358413838,0 37.37623246132859,36.95548588005586,0 37.37588950598801,36.95552139767882,0 37.37580051736526,36.95550674760061,0 37.37567675265974,36.95550087625062,0 37.37558065032228,36.95549631872483,0 37.37532669355862,36.95558838932958,0 37.37470620485973,36.95580591222836,0 37.37447058842295,36.95585198800608,0 37.37422450673464,36.95596496239312,0 37.37405955828555,36.95609880734155,0 37.37401323368204,36.95618095213138,0 37.37289690323399,36.95641868941783,0 37.37007923626606,36.95751761831145,0 37.36774411044343,36.95850428386574,0 37.36454574878099,36.95842816213737,0 37.36133443719644,36.95806354813292,0 37.35943156267674,36.95773000092763,0 37.35837837410011,36.95754537935341,0 37.35574538005702,36.9562895178971,0 37.35423919482241,36.95554140723383,0 37.35300888119481,36.95492186626676,0 37.35200349855854,36.95464476043969,0 37.35091094146794,36.95429963605724,0 37.35052858892411,36.9540965567517,0 37.34998856173861,36.95387412755084,0 37.34906486827933,36.95279555684231,0 37.3506071380017,36.95190408652371,0 37.34878004170169,36.95184417671916,0 37.34809884502229,36.95142026492295,0 37.34779903298095,36.95005859609136,0 37.34775678119516,36.94766097751896,0 37.34703558765283,36.94586136046715,0 37.34674231294822,36.94486855254129,0 37.34668906225383,36.94184386040444,0 37.34676084012194,36.94069933642411,0 37.347215519944,36.93864322266617,0 37.34950432975459,36.93718600420048,0 37.35013739968829,36.93618869330217,0 37.34943175500447,36.93569847935876,0 37.34986970940194,36.93483721736153,0 37.34951321895608,36.93340397805854,0 37.35432152537842,36.93414276114998,0 37.35481640988243,36.93421878849367,0 37.35793097637618,36.93417034660684,0 37.35878386115515,36.93429620012035,0 37.36006457576683,36.93439293617111,0 37.36126463518826,36.93470367621416,0 37.36240447551454,36.93501993698932,0 37.36286384170899,36.9350679415562,0 37.36380162109521,36.93521700034727,0 37.36470337024373,36.93503713733075,0 37.36531680179359,36.93492838444862,0 37.365846042923,36.93483512661396,0 37.36669410385654,36.93468976782265,0 37.36688668890882,36.93466333544811,0 37.3672183490003,36.93465467720706,0 37.36760343188955,36.93459697117288,0 37.36761577918473,36.93495037133324,0 37.36748922555566,36.93529568508688,0 37.36751294603221,36.93561021038517,0 37.36754125288101,36.93618136546587,0 37.36753282361143,36.93638486963075,0 37.36751503875924,36.9367330141551,0 37.3674352184209,36.93691027375977,0 37.36743686371275,36.9370023444675,0 37.36736352408885,36.93713250515919,0 37.36735212472948,36.93730462311583,0 37.36743283539587,36.93799055205458,0 37.36753933577459,36.938683053228,0 37.36761249206683,36.93915123654338,0 37.36765739693961,36.93961189547203,0 37.36767556509304,36.93990928939387,0 37.36765270128942,36.94005239856756,0 37.36787014404512,36.94063585762324,0 37.36808348953859,36.94119312571814,0 37.36835650209064,36.94183716232793,0 37.36847339309415,36.94207778038398,0 37.36895650857827,36.94228502525225,0 37.36942008856683,36.94247761579233,0 37.3697199693758,36.94255217987475,0 37.37049841061536,36.94259892959298,0 37.3707496026251,36.94266847929327,0 37.37146013039209,36.94279959956013,0 37.37205235672975,36.9429153650485,0 37.37255314424427,36.94296530733028,0 37.37272818089864,36.94304687866418,0 37.37348126593719,36.94322765266955,0 37.37427490169243,36.94334664906227,0 37.37478108709217,36.94345699577883,0 37.37497807662206,36.94346671287258,0 37.37525256751813,36.94349153054242,0 37.37558279035883,36.94356769431541,0 37.37581782459316,36.94361496521201,0 37.37633612775361,36.94362095850074,0 37.37651871071272,36.94366083671088,0 37.37676771878645,36.94365395111819,0 37.37694537511776,36.94364149519434,0 37.37734008576353,36.94348014212019,0 37.37766368000857,36.94343719571514,0 37.37785810179926,36.94338734808976,0 37.37927471386057,36.94320259245675,0 37.37962879790188,36.94313163160933,0 37.37996012264683,36.94313058378632,0 37.3802908413211,36.94309594493201,0 37.38050197180462,36.94305949242546,0 37.3823714679157,36.94281419068368,0 37.38268403997061,36.94274056217085,0 37.38313518177878,36.94261492854125,0 37.38518737258574,36.94225104027331,0 37.38526985278516,36.94223730886858,0 37.38557261667288,36.9422001829047,0 37.38600490787064,36.9421895407838,0 37.38657309401793,36.94217171140289,0 37.38720313029581,36.94210276467927,0 37.38739158043915,36.9419949043202,0 37.38768579985099,36.94202968208008,0 37.38826358841797,36.94209511612819,0 37.38886529224534,36.94216663422246,0 37.38985044677385,36.94227479856462,0 37.38986536747326,36.94226134653784,0 37.38999561992291,36.94214389886572,0 37.39029980697251,36.94180041287909,0 37.39072887064481,36.94136933182888,0 37.3913422352854,36.94074689979631,0 37.39166773599885,36.94041700382419,0 37.39204631726264,36.94005572400458,0 37.39244691972895,36.9397464815943,0 37.39295740093672,36.93936826998103,0 37.39345424253885,36.9389779119632,0 37.39397262826495,36.93861344829971,0 37.39411510270524,36.93854563747082,0 37.39424787874228,36.93857637824881,0 37.39461693286844,36.93863972351385,0 37.39503042526657,36.93872238416925,0 37.39562645828712,36.93883700342757,0 37.39599092572821,36.9388137006707,0 37.39618682657733,36.9386421216981,0 37.39630816528061,36.93851955328916,0 37.39651365773262,36.93844690075832,0 37.39665356560305,36.93837661406272,0 37.39666245965952,36.93831904260842,0 37.39658694279351,36.93821297828848,0 37.39663121618132,36.93813264191785,0 37.3967585825799,36.9380289811762,0 37.396997995489,36.93785376434189,0 37.39714974565014,36.93777854974887,0 37.39737949899048,36.93772795730744,0 37.39743014268633,36.93766989449931,0 37.39750921072116,36.93753487469484,0 37.39761116578254,36.93745545571967,0 37.39777002097153,36.93733386428072,0 37.39802264121631,36.93722872779985,0 37.39815497495267,36.93717928074008,0 37.3982567247189,36.9370886892239,0 37.39840858874968,36.93701985630106,0 37.39851264963611,36.93694679816797,0 37.39877765842952,36.93697560350077,0 37.39915174878343,36.93709730632305,0 37.39953373602234,36.93721572348304,0 37.39980710889135,36.93726677674239,0 37.40009946773989,36.93735394351366,0 37.40020594327493,36.93739512055002,0 37.40041535060929,36.93746425856769,0 37.4006241251088,36.9374989253815,0 37.4007798062536,36.93752095877652,0 37.40100432373088,36.93715232627482,0 37.40287182701561,36.93701889881184,0 37.40277033983031,36.9359884448173,0 37.40381574723308,36.9358859246142,0 37.40380039464901,36.93576941548046,0 37.40415303818308,36.93572281556983,0 37.40412387747962,36.93521396360453,0 37.4041225152635,36.93513972154567,0 37.40418770091929,36.93509121312258,0 37.40446689612524,36.9350030465087,0 37.40460503746301,36.93496958874856,0 37.40474366538708,36.93496264558767,0 37.4048232309439,36.93497761811332,0 37.40485679585073,36.93500639234401,0 37.40494942545369,36.93501325425964,0 37.40509208727116,36.93504604283586,0 37.40520181481443,36.93508452614189,0 37.40529240909707,36.93516036484489,0 37.40538018461887,36.93526275734686,0 37.40540500990749,36.9353552862375,0 37.40549443592369,36.93536748721627,0 37.40547675122878,36.93530404693676,0 37.40540762419305,36.93513778602105,0 37.40531552039072,36.93497975113967,0 37.40522764568418,36.93487205637324,0 37.4051434642998,36.93478553316659,0 37.40514628106629,36.93475897932252,0 37.40521758384521,36.93468387744372,0 37.40537111788843,36.93458923965007,0 37.4055217397507,36.93451585145796,0 37.40567600584097,36.93446098447991,0 37.40577149781407,36.93444394215413,0 37.40597919671603,36.93442026794231,0 37.40614084673865,36.93440774720365,0 37.4061313651461,36.9342513871847,0 37.40631253945826,36.9342227212807,0 37.40670806526319,36.93417295342051,0 37.40702461270146,36.93414003198099,0 37.40738769136725,36.93412247199671,0 37.40774081475676,36.93410237452351,0 37.40779148755592,36.93488148069617,0 37.40799913810699,36.93485515092799,0 37.40806130295411,36.93536095961321,0 37.40815030243739,36.93606800545381,0 37.4081825824073,36.93638587045841,0 37.40826943603901,36.93643788148077,0 37.40835541366994,36.93644216701364,0 37.40845888124746,36.93649928423412,0 37.40852227451616,36.93653301059608,0 37.40857639123203,36.93660132162194,0 37.40859742908145,36.93666737421563,0 37.40864159058257,36.93673315250798,0 37.4087150393669,36.93677471364774,0 37.40877852834713,36.93681374211085,0 37.40882530811561,36.93684236021746,0 37.40884343530836,36.93692966260765,0 37.40885830766707,36.93701965619918,0 37.40889221674203,36.93706699150113,0 37.40895546418021,36.93709276158317,0 37.40903517692126,36.93711568547327,0 37.40907195041186,36.93713911702943,0 37.4090797762388,36.93720532629906,0 37.40991890435294,36.93720332580167,0 37.41037759075768,36.93717401279947,0 37.41031686132119,36.93620938246409,0 37.41102574197435,36.93613201034754,0 37.41097844990999,36.93589653864722,0 37.41143052289571,36.93586730022491,0 37.41153396500714,36.93646013360406,0 37.41228913790562,36.9363848562576,0 37.41223210497604,36.93597976767485,0 37.41210612433949,36.93506100106578,0 37.4120793829905,36.93486506525088,0 37.41212941740842,36.93489099077271,0 37.41214370602631,36.93494916702238,0 37.41216785432798,36.93500457343126,0 37.41222143490707,36.93504371788885,0 37.41231411393808,36.93505322424981,0 37.41242291731547,36.9350413216447,0 37.4124786760633,36.93501944313088,0 37.41253073959034,36.93497638963027,0 37.41256712154801,36.93497860945754,0 37.41263421042518,36.93503350497681,0 37.41270489448159,36.93510427142253,0 37.41276902032088,36.93517776483186,0 37.41281032141594,36.93526744529386,0 37.41282475744739,36.93533357386289,0 37.41286561584927,36.93539938986906,0 37.41292560849352,36.93542784915633,0 37.41304131108909,36.93543177762607,0 37.41328543887388,36.93541296052518,0 37.41337481707228,36.93542250533585,0 37.41355051255633,36.93545489233354,0 37.41384975248001,36.93545854889867,0 37.41436304662792,36.93542348689621,0 37.41441056990462,36.93579929834501,0 37.41447882106706,36.93607714956477,0 37.41502704124343,36.9359801455255,0 37.41550428080964,36.93594550818236,0 37.41545606246001,36.93577598931341,0 37.41625244770609,36.9356904970732,0 37.41690923836407,36.93561390395215,0 37.41699150936506,36.93567444538448,0 37.4171636556164,36.9357194403233,0 37.41740879226033,36.93581060940811,0 37.41773795959148,36.93581391875954,0 37.41791965833279,36.93588774995514,0 37.41792030139165,36.93592233403605,0 37.41792200705325,36.93601438656675,0 37.41790315685247,36.93621365841523,0 37.4179765478904,36.93628154392642,0 37.41832448367424,36.93632443795143,0 37.41867356012676,36.93642883860364,0 37.41894110427685,36.93651249982739,0 37.41916781184365,36.9365821727838,0 37.41954036799061,36.93673695790243,0 37.41951952009784,36.93658520777515,0 37.42003002250711,36.93567073379418,0 37.42018657660434,36.93536124621605,0 37.42030733896102,36.93506666221588,0 37.42043160180335,36.93471775008361,0 37.42052646272145,36.93448499874657,0 37.42081225486724,36.93360939927177,0 37.42111754673479,36.93281318297689,0 37.42085943154839,36.93275112815725,0 37.42093155873022,36.93226531729386,0 37.42130261643357,36.93234049599433,0 37.42164562611198,36.93236172495779,0 37.42216461143992,36.93239170286117,0 37.42202174003671,36.93149589660356,0 37.4220448834074,36.93128571722519,0 37.42213354618473,36.93096256426014,0 37.42248422094202,36.92994142107359,0 37.42278847531643,36.92909092837837,0 37.42330871001534,36.927734802506,0 37.42357326062815,36.92693182911789,0 37.42389753187921,36.92594718993642,0 37.42410375724675,36.92540186435527,0 37.42406131217835,36.92530104149411,0 37.42111060372136,36.92403030217483,0 37.42102498482416,36.92392237216617,0 37.42117172919983,36.92358727273049,0 37.42119118629637,36.92345838019529,0 37.42114574631734,36.923356761316,0 37.42106284304449,36.9232950948376,0 37.42173375059185,36.92240089605548,0 37.42210829322739,36.92195780435815,0 37.42261675430063,36.92132214606448,0 37.42284865999969,36.92140291387269,0 37.42313518842343,36.92102353183152,0 37.42479434374066,36.92162319973658,0 37.42616053189232,36.92211839917313,0 37.42645777132866,36.9216056078021,0 37.42686746647123,36.92095409220958,0 37.42710277040437,36.92060073021472,0 37.42722704474791,36.9207792418493,0 37.4273277230728,36.92095803691765,0 37.4274270797297,36.92106579366622,0 37.4275519618453,36.92111876810459,0 37.42768824507428,36.92115028912696,0 37.42776800842899,36.9211564356874,0 37.42785481691617,36.92122408012287,0 37.42788044273709,36.92133272106474,0 37.42788058555457,36.92149851345405,0 37.42795559610847,36.92156629784589,0 37.42806899467735,36.9216359902839,0 37.42815048777444,36.9217349600432,0 37.42831960580391,36.92194514252409,0 37.4284364532928,36.92201005558077,0 37.42863113389334,36.92204087312314,0 37.42883426009664,36.92208153775281,0 37.42899696030999,36.92216910876443,0 37.42911905359004,36.92229364308911,0 37.42923307309428,36.92242822345494,0 37.42938062090098,36.92258892608098,0 37.4294898338474,36.92268708912869,0 37.42975731124713,36.9228562949188,0 37.4299787489202,36.92299289707206,0 37.43041989676873,36.92317327490056,0 37.43074875540417,36.92331189748705,0 37.43138508584425,36.92354960882111,0 37.43162618306303,36.92363291552727,0 37.43187134769978,36.92371285876626,0 37.43219828860259,36.92374870720947,0 37.43243395583605,36.92376244550474,0 37.43278812640713,36.92370843725424,0 37.43308818226188,36.92363186900137,0 37.43342946629217,36.92355148666373,0 37.43364337128533,36.92350579839385,0 37.43376857502178,36.922806811358,0 37.43398020714031,36.92162959587288,0 37.43509082651768,36.92179972691102,0 37.43525332788126,36.92071283491747,0 37.43540418238454,36.91981777970043,0 37.43657018613887,36.91996275622326,0 37.43657232835633,36.92007693396207,0 37.4366708118678,36.92018178856579,0 37.4372204610956,36.92023632103379,0 37.43731233689347,36.92025968077021,0 37.43746699524462,36.92038017044409,0 37.43788049198763,36.92075856312242,0 37.43803145071558,36.92095251330336,0 37.43817771753053,36.92116691185819,0 37.43837538376692,36.92141331888021,0 37.43858821063875,36.921655462122,0 37.43930531867577,36.92169980032591,0 37.43933379751892,36.92159340939685,0 37.43940334651811,36.92069933676121,0 37.43912804171389,36.92037637594872,0 37.43864422217044,36.91979199170806,0 37.43841868266539,36.91947928536,0 37.4382133038838,36.9191154559094,0 37.43781816542459,36.91849940289151,0 37.43720079273627,36.9178088406271,0 37.43684023927452,36.91756722761044,0 37.43638185505326,36.91740657073658,0 37.43601377665527,36.91720493410959,0 37.43529119018498,36.91664194332861,0 37.43510840313285,36.9164255728618,0 37.43688550120397,36.91676908142417,0 37.43833346948013,36.91703591038075,0 37.44017969086176,36.9173997529192,0 37.44263531656899,36.91784529265117,0 37.44343811573464,36.91799844768749,0 37.44346525638327,36.91764106740302,0 37.44348599052591,36.9169437202298,0 37.44349362959061,36.91667498986214,0 37.44352603126416,36.91637195423268,0 37.44357088223313,36.91583073538383,0 37.44362375175706,36.91526561420431,0 37.44364383959022,36.91475870052641,0 37.44369157708581,36.91414603557936,0 37.44385971654668,36.91385495154026,0 37.44394497215564,36.91366008876643,0 37.44412042324555,36.91330770771032,0 37.44422659208328,36.91309898873421,0 37.44431165363694,36.91289392675662,0 37.44438857222667,36.91248153382545,0 37.44446317768142,36.91217118370301,0 37.44459186057441,36.9118091693668,0 37.44483440342393,36.91097310450009,0 37.44504365002786,36.91016804984736,0 37.44524822674665,36.90961154085526,0 37.44541461284537,36.9092441688834,0 37.44548757657584,36.90889320580661,0 37.44566753705048,36.90825727553798,0 37.44591970679152,36.90777462077321,0 37.44616629680784,36.90699657231104,0 37.4462349486858,36.90667886543375,0 37.44648242152003,36.90594790880463,0 37.44667626420717,36.90548308913721,0 37.44678602142132,36.90508352493907,0 37.44684303852155,36.90471457622072,0 37.44694449388479,36.90441006383887,0 37.44717076948061,36.90424860959934,0 37.44703501542435,36.90392243409907,0 37.44664336554357,36.90274077145483,0 37.44631062134371,36.90193305248923,0 37.44592665152717,36.90115717798109,0 37.4455627142194,36.90041228212625,0 37.44524765921129,36.89985411892595,0 37.44493731925468,36.89920223312223,0 37.44472891138293,36.89897609337571,0 37.44466263439519,36.89882759906202,0 37.44455808046919,36.898737698387,0 37.44439407763346,36.89857437936145,0 37.44425950271068,36.89818528043067,0 37.44414573270021,36.89790713735662,0 37.44403553527849,36.89761993334461,0 37.44385108233881,36.89696693926813,0 37.44355841178331,36.89652866407503,0 37.44342055026223,36.89636202193046,0 37.4432210181472,36.89615094100921,0 37.44306131426994,36.8959581026891,0 37.44287516204092,36.89573266939665,0 37.44287211530316,36.89572898159394,0 37.44276701046534,36.89550269526256,0 37.44262309605406,36.89525566835264,0 37.44256465411857,36.89508474133299,0 37.44246596546059,36.89498372819728,0 37.44243244862248,36.89494942434498,0 37.44238673078397,36.89494419309868,0 37.44214514930374,36.89499340949759,0 37.44179794419987,36.89504390555642,0 37.44163365086146,36.89511725280929,0 37.441478014798,36.89514035314023,0 37.44122363148675,36.89514729587253,0 37.4407867369008,36.89515259354243,0 37.44071153006411,36.89498379887262,0 37.44065108315925,36.89496139017024,0 37.44057193822442,36.89496620628088,0 37.44038141974081,36.89506147983859,0 37.4401406214744,36.89517921051291,0 37.43992425133076,36.89527211890445,0 37.4397223813748,36.89513788289818,0 37.43961930738222,36.89508641163638,0 37.43956687430967,36.8950128499705,0 37.43946480208887,36.89488521417173,0 37.43941343032614,36.89486826316499,0 37.43932969232908,36.89481069893873,0 37.43926168524866,36.89468460543688,0 37.4391665397054,36.8945373603812,0 37.43917751967614,36.89447474354638,0 37.43925242514662,36.89445040600786,0 37.43932718389071,36.89441825837118,0 37.43934051968952,36.89435170976768,0 37.43929155499627,36.89420390527825,0 37.43920719463668,36.89411315497457,0 37.43913431553761,36.89411599126098,0 37.43905941035049,36.89414032872011,0 37.43897460036143,36.89415502447265,0 37.43889649392381,36.89413839705914,0 37.43883271547012,36.89410792761258,0 37.43876977770458,36.89412235651069,0 37.4387091614958,36.8941309006408,0 37.43865042710539,36.89411013344572,0 37.43847942562867,36.89393647129192,0 37.43843306200429,36.89392726923787,0 37.43836533907512,36.89394566087446,0 37.43823743738286,36.89399602475488,0 37.43813384372296,36.89404609243708,0 37.43803444914063,36.89406096407262,0 37.43794846694025,36.89401318944904,0 37.43784437016183,36.89390705698681,0 37.43777816081156,36.89387661638821,0 37.43770071627382,36.89389512530262,0 37.43766020222959,36.89393857255423,0 37.4376949620919,36.89397720384826,0 37.43771778874502,36.89402769639381,0 37.43761242232625,36.89411293201074,0 37.43738621833324,36.8942058394635,0 37.43725633033301,36.8942074109429,0 37.43718135286594,36.89423187964647,0 37.43710681709951,36.89427990639827,0 37.43699857347536,36.89431824222311,0 37.43695597853305,36.89428173098599,0 37.43691930441518,36.89421805268658,0 37.43686933979374,36.89413130325815,0 37.43669525588032,36.89423439122724,0 37.43652592704282,36.8943677154945,0 37.4363768543083,36.89446376815162,0 37.43606894015826,36.89458193627292,0 37.43600457746301,36.89450192714906,0 37.43576760590726,36.89438024533142,0 37.43525636717949,36.89438305488238,0 37.43487151976056,36.89442136219814,0 37.43481742879085,36.89444221274133,0 37.43464472500749,36.89461933399826,0 37.43405500815521,36.89468367600203,0 37.43387446224959,36.89466565804508,0 37.433711183043,36.89422666999806,0 37.43366895859727,36.89407387118638,0 37.43356284279029,36.89368988500461,0 37.43347319007319,36.89337792033646,0 37.43328270144539,36.89282817861979,0 37.43307312760272,36.89215412244572,0 37.43303147953751,36.89216808965992,0 37.43257740460044,36.89224890744485,0 37.43217610274701,36.89235165966296,0 37.4316591922338,36.89243891506133,0 37.43129397169278,36.89246252905102,0 37.43054873734444,36.89256067722253,0 37.4299405949945,36.89264076855853,0 37.42993916140929,36.89256392883905,0 37.43033689282339,36.89226818548145,0 37.4306339701885,36.89207246956531,0 37.43077183060296,36.89176887406433,0 37.43097713570116,36.89123389691068,0 37.4308133456985,36.89124684946535,0 37.4306798439269,36.89123473109278,0 37.4305428726784,36.89121991164254,0 37.43042365218675,36.89124056049617,0 37.43035236613653,36.89126612293927,0 37.43014451832593,36.89129881655103,0 37.4300530894361,36.89134383463844,0 37.42986869774611,36.89135154306302,0 37.42968052936736,36.8913400833034,0 37.42959791751638,36.89130813794497,0 37.42951250383048,36.89130916572597,0 37.42906100422356,36.8912871471175,0 37.42853745091028,36.89124952437106,0 37.42841682587419,36.89082826301159,0 37.42800617057461,36.8896968204831,0 37.4277887583933,36.88903242979496,0 37.42735839132009,36.88794239445205,0 37.4292712082957,36.88679949838148,0 37.43047096008799,36.88608512134235,0 37.43118391651111,36.88565382682604,0 37.43159829931351,36.88551982813854,0 37.43186130344672,36.88551391427566,0 37.43200219313363,36.88555613557141,0 37.43200096289597,36.88549027319285,0 37.43189712115949,36.88523625122922,0 37.43187206232761,36.88499225955043,0 37.43228951640265,36.8850229117901,0 37.43247404636015,36.88502343340379,0 37.43232753700932,36.88486325213141,0 37.43225333299029,36.88473239225396,0 37.43229207352045,36.8846111506442,0 37.43241377606873,36.88454106171019,0 37.43249132501546,36.88448522935978,0 37.43251675862346,36.88438336327926,0 37.43262215117683,36.88433593142353,0 37.43360328955953,36.88433784641601,0 37.43471177582661,36.88443902172116,0 37.43522367948501,36.88438216211019,0 37.43554999843654,36.88435897398013,0 37.43579513456445,36.88434155227011,0 37.43646927538671,36.88428437727755,0 37.43709810804929,36.88425225965714,0 37.43735271940181,36.88420015159502,0 37.43726086412117,36.8839806264245,0 37.43701865637468,36.88367941141887,0 37.43685748897153,36.88354302699002,0 37.43656302008492,36.88330632174412,0 37.43622886825047,36.8831283409985,0 37.43603847391367,36.88288309784573,0 37.43560229819209,36.88233867075749,0 37.43518823524458,36.88176485207015,0 37.43501191534339,36.88154491800979,0 37.43475619376154,36.88119853097977,0 37.43469937448517,36.88106816362357,0 37.43473545003339,36.88081654143578,0 37.43466061184636,36.88044976734598,0 37.43458032517321,36.88027599997467,0 37.4344847073577,36.88025166994662,0 37.43439842240103,36.88024179127295,0 37.43437934616077,36.88019105622131,0 37.43436889283732,36.87987446995408,0 37.43433667158866,36.8796054716767,0 37.43421094203844,36.87942496873178,0 37.43388111128474,36.8789921039097,0 37.4336251972394,36.87863479431891,0 37.43338829264916,36.87832458005365,0 37.43292280356995,36.87766400467137,0 37.43277327440379,36.87742190134101,0 37.43251945343836,36.87693351035371,0 37.43247195063529,36.87657368521545,0 37.4322949031284,36.87631371231964,0 37.43210625125507,36.87608028614674,0 37.43216391454017,36.8759276680598,0 37.43238988145871,36.87587633052009,0 37.43568935392754,36.87499990040738,0 37.43496978443252,36.87215834527311,0 37.43461227119097,36.86935798179127,0 37.43364413716446,36.86902479063552,0 37.43378864974205,36.87011583234771,0 37.43405972294597,36.87244356338788,0 37.43263414663299,36.87281809055364,0 37.43126858514921,36.87308384527054,0 37.43108374707706,36.87204730087831,0 37.43079158541769,36.87024751255013,0 37.43043050685427,36.8702975631688,0 37.42955038668875,36.87052421629621,0 37.42862148294923,36.87063095026005,0 37.42722870290871,36.87082219529663,0 37.42586670753989,36.87100058810619,0 37.42588523227868,36.87116241483103,0 37.42480197114835,36.87131252095034,0 37.42427658258076,36.87142685037156,0 37.42378206221355,36.87153249658382,0 37.42359971938907,36.87062471611456,0 37.42343212093508,36.86967520877207,0 37.42433633609804,36.8701328232285,0 37.42416996086633,36.86895678672973,0 37.42403209533356,36.86831731914838,0 37.42389089272377,36.867497928008,0 37.42354810207168,36.86750765736097,0 37.4226400443711,36.86760851005074,0 37.42222758281505,36.86763594044468,0 37.42198088451131,36.86754328691564,0 37.4216595026078,36.86757524960338,0 37.42153854132105,36.86784664169939,0 37.42128503654943,36.86814211400226,0 37.42112564619045,36.86822837596874,0 37.42102277267575,36.8682382326157,0 37.42098613364551,36.86824174144265,0 37.42079026433333,36.86826050556084,0 37.42013799433393,36.86818956567063,0 37.41972342533889,36.8684813334491,0 37.41935260767615,36.86886818489997,0 37.41900506983217,36.86937848224438,0 37.41860250921722,36.86956325030126,0 37.41801643575024,36.86966584775545,0 37.4180064946048,36.86988529730058,0 37.41802160043616,36.87032377884715,0 37.41717011032877,36.87045765835078,0 37.41653011825222,36.87067336822784,0 37.41592289126164,36.87114738454876,0 37.415914085732,36.87142868111092,0 37.41652989387934,36.87179814278496,0 37.41683119689014,36.87219384658381,0 37.41673789499545,36.87244803144331,0 37.41634376290819,36.87271142654249,0 37.41600406135677,36.87288981245914,0 37.41557819566153,36.87295112490789,0 37.41532614885983,36.87294850130064,0 37.41525803292119,36.87305054265881,0 37.41498058605679,36.87318881843946,0 37.41452776165267,36.87330668468243,0 37.41377286139243,36.87336628115779,0 37.4132020962829,36.87354178388976,0 37.41295493894193,36.87394956048878,0 37.41262194775933,36.8743676916364,0 37.41242062390133,36.87463299471121,0 37.41150605660712,36.87462945139568,0 37.41100653601328,36.87476863843109,0 37.41047966188007,36.87488293741963,0 37.41013285437028,36.87503831581485,0 37.40945208585867,36.87531650196072,0 37.40923857212778,36.87491926611484,0 37.40957886616153,36.87489722368813,0 37.4099243503436,36.87466983291355,0 37.41001047836934,36.87447793069806,0 37.41012674231651,36.87446214542986,0 37.41037585058078,36.8741134460263,0 37.41057508378707,36.87397782497232,0 37.41068179086273,36.87387846186584,0 37.41089839559224,36.87377311389383,0 37.41127274557704,36.87355026905312,0 37.41168085118501,36.87313431272455,0 37.41203537627295,36.87299306533669,0 37.41219375220212,36.87290981890454,0 37.41228686519054,36.87277608507238,0 37.41089013721113,36.87258025731773,0 37.40891536335717,36.87274665051554,0 37.4079612033029,36.87283965424683,0 37.40677874030543,36.87295986130862,0 37.40556053962162,36.87307231067309,0 37.40497715348843,36.87314456493177,0 37.40463178707441,36.8731649871824,0 37.40349304433568,36.87317435208904,0 37.40332448095892,36.87174254477591,0 37.40262859869983,36.87177935229376,0 37.40257342971318,36.8718208523879,0 37.40209560341061,36.87182648962824,0 37.40142683469055,36.87185016120689,0 37.40143528954551,36.87259341126985,0 37.40143516367904,36.87363842577721,0 37.40078089067055,36.87359980619442,0 37.40005511819432,36.87350539960555,0 37.39958756164857,36.87336542984436,0 37.4001214627926,36.87376325007673,0 37.40032953368865,36.87401686243781,0 37.40050413445201,36.87438145176157,0 37.40004262310916,36.8746839404778,0 37.39905006623616,36.87544556907933,0 37.39882289799679,36.87532931363288,0 37.39777802080415,36.87555814772143,0 37.39762263296145,36.87561611843429,0 37.39794822419731,36.87266685669271,0 37.39805722755694,36.87270619971833,0 37.3983331731553,36.87280273776541,0 37.39848751407586,36.87285966468465,0 37.39868563441931,36.87292782366259,0 37.39878392021694,36.87192879852338,0 37.39882788619001,36.87186642373017,0 37.39885357646779,36.8718882901468,0 37.39893874892336,36.8717672059172,0 37.39903106586518,36.87161162011888,0 37.39916272100435,36.87139207755737,0 37.39925983040779,36.87116924744024,0 37.39929361227814,36.8710044322041,0 37.39931701566177,36.8709007025973,0 37.39932838068527,36.87076755748912,0 37.3994839220088,36.87063857292793,0 37.39958655899257,36.87053845846117,0 37.39987375677491,36.87030911793094,0 37.40025109924019,36.87012769068443,0 37.4005465384312,36.87001087788917,0 37.40070781658538,36.86810000876331,0 37.40080115036993,36.86711174946102,0 37.40086908824775,36.86618913899021,0 37.4012164002641,36.86615581851768,0 37.40123322998312,36.86547896350899,0 37.40126711523122,36.86371545458134,0 37.40125993578202,36.86346700177462,0 37.40085783480279,36.86345262624287,0 37.39982905593498,36.86344908199784,0 37.39996464702023,36.86229561882906,0 37.39999383658739,36.86215666993975,0 37.40014971711157,36.86092012328212,0 37.40028599771001,36.8598048872521,0 37.4000791220445,36.85980079399351,0 37.39989429248291,36.85979677586711,0 37.39949344400657,36.85977131254989,0 37.39932168813423,36.85976737744501,0 37.39915972132734,36.8597693529157,0 37.39896927597107,36.85976309643809,0 37.39876726297044,36.85975706590916,0 37.39828432721422,36.85974760820329,0 37.39805218523008,36.85973838810721,0 37.3978228540938,36.85972773610042,0 37.39782339467987,36.85959219533033,0 37.39782966401667,36.85950227109106,0 37.3978320969795,36.85938788581756,0 37.39783709196275,36.85928980604321,0 37.39783930109922,36.85903928168239,0 37.39784940135126,36.85883415919987,0 37.39785748674728,36.85856496307949,0 37.39787152033402,36.85834334154418,0 37.39787231131348,36.85824198460617,0 37.39788634171958,36.85805614111903,0 37.39789231753193,36.85790382050943,0 37.39793961854695,36.85702834236236,0 37.39794827636038,36.85682161132289,0 37.39796002849397,36.85657793055215,0 37.39796312243417,36.85649983988049,0 37.39796778218553,36.85638361549017,0 37.39797726683684,36.85616023451158,0 37.39798342610856,36.85600223882208,0 37.39799419999632,36.85584963826648,0 37.39799271235088,36.85576796853228,0 37.39800722769192,36.85532488825697,0 37.39801145758081,36.85518506916335,0 37.39802143794689,36.85498891139147,0 37.39802825384085,36.85486721579326,0 37.39802839484302,36.85474298392577,0 37.3980405490555,36.85457334847362,0 37.39735742625302,36.85454524019543,0 37.39713102033139,36.85324398179289,0 37.39717025118604,36.85320591527069,0 37.39726761918721,36.85317786227028,0 37.39753517773598,36.85316022424792,0 37.39769775367614,36.85317694570918,0 37.39772434910254,36.85265707268587,0 37.39777845487548,36.85237492070912,0 37.39758098520665,36.8517148569042,0 37.39704186462842,36.84983132070071,0 37.39678717722612,36.84885729723938,0 37.39654709480908,36.84882699840752,0 37.39632016050855,36.84767876688721,0 37.39627141718849,36.84740610404086,0 37.39605694111763,36.84667270547664,0 37.3960535098522,36.84661791991125,0 37.39616636880625,36.8466197406598,0 37.39657906774751,36.84653578534376,0 37.39708655046545,36.84647708406465,0 37.39789692099962,36.84638515141866,0 37.3991896319511,36.84620513339446,0 37.39980752126115,36.84612863734267,0 37.40069642275961,36.84600676383335,0 37.40163159700313,36.84586101579122,0 37.40298255238948,36.84565937311122,0 37.40432024627429,36.84547607981014,0 37.40577470475041,36.84523676656854,0 37.40628121541608,36.84518708396988,0 37.4062407756742,36.84495816223932,0 37.40624352287665,36.84482977634725,0 37.40625591168335,36.84476408711724,0 37.40636012278065,36.8447027735083,0 37.40646843003837,36.84467964380389,0 37.40655695400675,36.8446895203418,0 37.4066157042631,36.84474344547071,0 37.40669039591143,36.84473982960692,0 37.40668569692902,36.84466888052756,0 37.40664677768696,36.84458468223774,0 37.40660520744024,36.84435577399551,0 37.40663148491677,36.84430630647901,0 37.40694147540588,36.84434906576674,0 37.40695075702606,36.84411409186284,0 37.40699332098772,36.84402620081902,0 37.40705381588768,36.84398998055422,0 37.40738953165355,36.8439532373003,0 37.407579118035,36.84391548816964,0 37.40748663580705,36.84350421115704,0 37.40704335895833,36.84236502969637,0 37.40705951873702,36.8422580285845,0 37.40714974803906,36.84223754145908,0 37.40739131791004,36.8422346813996,0 37.40767240117452,36.84208084677554,0 37.40820169530296,36.84162791902664,0 37.40886152728568,36.8410472093838,0 37.40928912666408,36.84064888436372,0 37.4093306873381,36.84060955363424,0 37.40951754470391,36.84058791540383,0 37.41006147402152,36.84057357473226,0 37.41011388868929,36.84043050562006,0 37.41017937405267,36.84038876434299,0 37.41024111403621,36.84028152479589,0 37.4102684919464,36.84010710129612,0 37.41024206381102,36.83991693545153,0 37.4101190771538,36.83960296757672,0 37.41008804565135,36.83943947990459,0 37.40997944748405,36.83907619000243,0 37.4098335174543,36.8384839424339,0 37.40965723883473,36.83776506519745,0 37.40952060879781,36.83726282598319,0 37.40941744056659,36.83677862668002,0 37.40926961456086,36.83622122000364,0 37.40920320424838,36.83579597871392,0 37.40917612901192,36.83529244007398,0 37.40913398730005,36.83466209600196,0 37.40911309104304,36.83407860406482,0 37.40909735878846,36.8333598674658,0 37.40911147209707,36.83246258920983,0 37.40912414144502,36.83176400159127,0 37.40912455142769,36.83095290514834,0 37.40914083758699,36.82981648883143,0 37.40913097110867,36.829607838729,0 37.40974659437116,36.82958597731271,0 37.40982409149751,36.8292015110504,0 37.40992967294994,36.8277146263646,0 37.41003963414501,36.82679572465637,0 37.41003865426866,36.82674233396048,0 37.40991061025539,36.82667588241748,0 37.40963313097409,36.82669373721858,0 37.40954149348013,36.82663656489319,0 37.40956431264847,36.82656346937746,0 37.40967858649664,36.82653783700232,0 37.40963897661347,36.82635381691989,0 37.4091813507068,36.82478136321571,0 37.40882600935083,36.8248341258974,0 37.40855640455639,36.82396341708257,0 37.4084905941307,36.82373604653021,0 37.40853160780303,36.82365425330333,0 37.40747450613812,36.82020633544849,0 37.40707341363226,36.818831045412,0 37.40699523576523,36.81856965297141,0 37.40663412206224,36.81736224401681,0 37.40654275453539,36.81705674849709,0 37.40650942154881,36.81700777523493,0 37.40569753798814,36.81421724314966,0 37.40508449477407,36.81412617232614,0 37.40382212599813,36.81403296529062,0 37.40372158136098,36.81344426540009,0 37.40341824036596,36.81168894329871,0 37.403255674151,36.81076276437921,0 37.40343233960375,36.81067260676461,0 37.40353308588654,36.81060997064334,0 37.40359795633417,36.8105354696441,0 37.40363938111365,36.81043256907476,0 37.40367267905813,36.81030313886846,0 37.40371473703379,36.8102350503645,0 37.40390488703075,36.81004641920966,0 37.40406578034242,36.80992981952584,0 37.4042334908501,36.80976807658924,0 37.40425547759615,36.80971661294701,0 37.40383068100138,36.80835913531811,0 37.40431698108722,36.80818202148404,0 37.40646896721277,36.80808097469884,0 37.40792401000924,36.80838503635529,0 37.40938002517881,36.80904396595567,0 37.41094399148925,36.80944402880769,0 37.41096201697094,36.80944904270476,0 37.41222696215079,36.81051304347453,0 37.4136829709412,36.81127303520955,0 37.41551795839982,36.8117290248659,0 37.41798599813665,36.81172899758675,0 37.41836899061318,36.81181004371175,0 37.42255998127445,36.81336196423518,0 37.42926899235884,36.81556903919846,0 37.43515096903346,36.81586398436986,0 37.43919498065418,36.81542199410636,0 37.4436070294061,36.81534795783286,0 37.44615796887035,36.81647104142995,0 37.44656046469719,36.81510341020387,0 37.44696201897931,36.81373898576647,0 37.44824798439029,36.80910302412435,0 37.45155696581077,36.80807296890249,0 37.45321203146673,36.80527703622366,0 37.45422301741303,36.79983103074274,0 37.45440597915012,36.79570910196585,0 37.45440597856683,36.79570901186991,0 37.45734703119262,36.79291296660615,0 37.46185095459356,36.79085196047618,0 37.46589498862068,36.7888640430247,0 37.46878399781047,36.7883630135354,0 37.46970303424317,36.78534496317888,0 37.47549404629832,36.783872962018,0 37.48018100148713,36.78335798984231,0 37.48880701568555,36.77693196467604,0 37.49103695567014,36.77434397390044,0 37.49459541738424,36.7686629440005,0 37.49491603809899,36.76815103684464,0 37.49968495849893,36.76398402720966,0 37.49968361196215,36.76398383244378,0 37.49754502203434,36.76367898053768,0 37.49612099708848,36.76063703009923,0 37.49578904152988,36.7573289944615,0 37.49528696410299,36.75414899185456,0 37.49650098936426,36.75162503033282,0 37.50713200966383,36.74508296801157,0 37.51221102347061,36.74105203148271,0 37.5131031043153,36.74070044884951,0 37.51800095682797,36.73876998145269,0 37.52041403246576,36.73854297855485,0 37.52395300270202,36.73783396322366,0 37.52969698895895,36.73853403329633,0 37.53243103007706,36.73943601651886,0 37.53629202053751,36.74194096573912,0 37.54222899340125,36.73989601510375,0 37.54409497819938,36.73875395862839,0 37.54924895485485,36.73477996783544,0 37.55116901035138,36.7344729652233,0 37.55393803153802,36.73394901236585,0 37.55453599636648,36.73336001635351,0 37.55476497339963,36.73214499280262,0 37.55380004367403,36.73078199746367,0 37.5539379982352,36.72975101997262,0 37.55563804075252,36.72967698701995,0 37.55903902897104,36.7300080083569,0 37.56023395461734,36.72978696271156,0 37.56124502168792,36.72901398568239,0 37.56273396120244,36.7292000067162,0 37.56515704056997,36.71612204602416,0 37.56697000898065,36.71260998028316,0 37.56861708693157,36.70388401408464,0 37.5754740169123,36.70651100171266,0 37.58760604209419,36.71108003291648,0 37.60334696825903,36.71730999241731,0 37.61170996401581,36.72035600037789,0 37.61581403958887,36.72185599621911,0 37.62284602815431,36.72519603304766,0 37.64385496895689,36.73939498209232,0 37.64875499014484,36.74288895990675,0 37.64980796684237,36.74354701334876,0 37.65488795634447,36.7462100410951,0 37.6570080163518,36.74850704220493,0 37.65895500321304,36.74919896803208,0 37.65995704010734,36.7493880282591,0 37.66274595739957,36.74952796609882,0 37.66478598475816,36.7491620320882,0 37.6660630269775,36.74866499124557,0 37.66698202409921,36.74810203215554,0 37.66724297643347,36.74795004006447,0 37.67110397638513,36.7449010406589,0 37.67211403053356,36.74429900385814,0 37.67342603046496,36.74381004516043,0 37.67508901909887,36.74354899892298,0 37.68091103928075,36.74366802922977,0 37.68278698825148,36.74385202709962,0 37.68431800593664,36.74438702534849,0 37.68533802243232,36.74510695686624,0 37.69196799788332,36.75163899549268,0 37.69732296599114,36.75577196066632,0 37.69827498620761,36.75632801065908,0 37.70037503924583,36.75720000379607,0 37.70138801685156,36.75747804366914,0 37.70237403679388,36.75763101544456,0 37.70327397687169,36.75768401068125,0 37.70383803597954,36.75766502691988,0 37.70490098353842,36.75759996689892,0 37.72719201420924,36.75175001108271,0 37.73416603004775,36.75125896936528,0 37.75501403576099,36.75021399185158,0 37.77861804143978,36.74898396625848,0 37.77979997883062,36.74898097874971,0 37.77979613328419,36.74902747001001,0 37.77979601605877,36.74902888993144,0 37.77979601590113,36.74902898003339,0 37.78037199403497,36.74907001520006,0 37.78102899386097,36.74913596885552,0 37.78159098231764,36.74922298893452,0 37.78161196967227,36.749184014698,0 37.78332100339144,36.74943200154968,0 37.78003704200588,36.75730904008842,0 37.7781639674543,36.76067301336168,0 37.77746902893655,36.76192097924601,0 37.77657295650675,36.76352898971636,0 37.77480597525248,36.76670298011413,0 37.77356196283507,36.768935985823,0 37.76762801364253,36.7805630087904,0 37.76102496008814,36.779296957269,0 37.75767704555816,36.7829439641955,0 37.75699903709972,36.78590297534985,0 37.7569650401253,36.78675301225194,0 37.75677398904187,36.78745496285842,0 37.75685000216289,36.788294993239,0 37.75625997458699,36.78884098769769,0 37.7558070232116,36.78923499937219,0 37.75527396498042,36.78973103285956,0 37.75412296316131,36.79075795928127,0 37.75322000827037,36.7915599805731,0 37.75212603857646,36.79252503900548,0 37.75043499552176,36.79404399599214,0 37.75065400913315,36.79426696437694,0 37.75102703234062,36.79462996201729,0 37.75117100738734,36.79478797894525,0 37.7514050049289,36.79505596588391,0 37.75154700255459,36.79526501849695,0 37.75166104538257,36.79546799378952,0 37.75175302950987,36.79566002971753,0 37.75184299344341,36.79587696814983,0 37.75190603375112,36.79605600376338,0 37.75197498301712,36.79617799688086,0 37.75201797281079,36.79634101626644,0 37.75205296428394,36.7965869709821,0 37.75214502210406,36.79684704306058,0 37.75226198115718,36.79712098738337,0 37.75241100139045,36.79735003288628,0 37.75259698446847,36.79759096707194,0 37.7527940423732,36.79781903188326,0 37.75299698679695,36.79806602591665,0 37.75323702880079,36.79841196020134,0 37.75348904063374,36.79877204502085,0 37.75368897395937,36.79897600572657,0 37.75392497004746,36.79920097144397,0 37.75407202789705,36.79938002773328,0 37.75417102085452,36.79950202671494,0 37.7542520436696,36.79960203262078,0 37.75432997382176,36.79969199118052,0 37.75438600360509,36.79977803816504,0 37.75444803887009,36.79986399470409,0 37.7544839683125,36.79993997321174,0 37.75468002916311,36.80022103855302,0 37.75496899552494,36.80067303624558,0 37.75512099139535,36.8008859928634,0 37.75523904239301,36.80103699721086,0 37.7554579881435,36.80137296494391,0 37.75566603513581,36.80170503870283,0 37.75588298187788,36.80201796429179,0 37.75615701823929,36.80245503902793,0 37.75626000414696,36.80260996065775,0 37.75642699531327,36.80286396658477,0 37.75678904074817,36.80342302044825,0 37.7569240136537,36.8036590247665,0 37.75707597088737,36.80389802148365,0 37.75715898831096,36.80400403420924,0 37.75368503067445,36.80805002697068,0 37.75304395626341,36.80780796417072,0 37.75086901903857,36.81095895842414,0 37.75058797149044,36.81096499100883,0 37.75054002042573,36.81096596736634,0 37.74927197927598,36.81747096999329,0 37.74842199878816,36.81830497954316,0 37.74338195996292,36.81998199673319,0 37.7392080081944,36.81931400164859,0 37.73883603067868,36.81745600606761,0 37.73895295932984,36.81733299694073,0 37.73919502234327,36.8170859609117,0 37.7394249583873,36.81682197757991,0 37.73951299725959,36.81669695973785,0 37.73958597819156,36.81660496369694,0 37.73965596547404,36.81649102360669,0 37.73972702345793,36.81635498809219,0 37.73977098153747,36.81625098116709,0 37.73980200112496,36.8161389627471,0 37.73983096824966,36.8160179608298,0 37.73986398084122,36.81585103198492,0 37.73988995615187,36.81565500856701,0 37.73991597126638,36.81541996258039,0 37.73993196253706,36.81517902663964,0 37.73992100021725,36.81495200186165,0 37.73990095554829,36.8147199743416,0 37.73986199007461,36.81438702154338,0 37.73985395298006,36.81427296089765,0 37.73981000674802,36.81381797213399,0 37.73979897187886,36.81340395635371,0 37.7397600221104,36.81288797646599,0 37.73968499079231,36.81200700976692,0 37.7396089832683,36.8112299614716,0 37.73113901000751,36.81082397721777,0 37.72547603639104,36.81069299439965,0 37.72190796577267,36.81113799753974,0 37.71784999173384,36.81121697768803,0 37.7184709895198,36.81540999011557,0 37.71585995953325,36.82474698781952,0 37.71968098169928,36.8272049581503,0 37.71977303559154,36.82731501077141,0 37.71875197688191,36.83903696622007,0 37.72437199207158,36.85012301017021,0 37.71909298242173,36.85493899714264,0 37.70552697809607,36.85336196242617,0 37.70540995773015,36.85403095765764,0 37.70491596171179,36.85487496074649,0 37.70503200037527,36.85583502319485,0 37.70479898419521,36.85717398858677,0 37.70410099149183,36.85824999160256,0 37.7029369900088,36.85955904375972,0 37.70104597362345,36.86063598877986,0 37.69953296090294,36.86145102754593,0 37.69848503896534,36.8632250017145,0 37.69801999181644,36.86386598018185,0 37.6960119843078,36.86470904395836,0 37.69400500131037,36.86485500474365,0 37.69211302220209,36.86479698172524,0 37.68888603703955,36.86407698851892,0 37.68842904172672,36.86426804225722,0 37.68791298188852,36.86441496474863,0 37.68728800671553,36.86460200312398,0 37.68679498178023,36.86476598646543,0 37.686454033323,36.86486301551029,0 37.68615502637693,36.86492403221357,0 37.68562803320967,36.86502000470861,0 37.68519198839859,36.86507899674659,0 37.68481795994933,36.86516099139088,0 37.68424899118965,36.86527900019695,0 37.6841159726651,36.86529999021203,0 37.68395998723998,36.86534500708146,0 37.68300304426242,36.86557998206939,0 37.68283696044401,36.86563703541514,0 37.68256804441626,36.86567004118815,0 37.68233395674273,36.86568002392332,0 37.6818919823718,36.86568402727031,0 37.68138899309988,36.86571502747025,0 37.68105798831566,36.86574296002986,0 37.68084199732522,36.86576403902184,0 37.68059201815108,36.86579596336573,0 37.68027900739695,36.86584301421863,0 37.6799839623661,36.86589098333786,0 37.6797870008479,36.8659109804757,0 37.67955301944593,36.86592996887361,0 37.67927298590017,36.86599196064481,0 37.67899803855133,36.8660749685425,0 37.67870999499866,36.86618096226956,0 37.67839596847205,36.86631696860781,0 37.67818999276006,36.86640702014326,0 37.67800397775228,36.86651301273348,0 37.67780495516224,36.8666080127834,0 37.67766400360152,36.8666639832818,0 37.67721803685075,36.86681996290326,0 37.67695797417149,36.86692402397365,0 37.6767449860188,36.86699804241111,0 37.67670300123363,36.86702395638657,0 37.67645703864182,36.86713403606265,0 37.67648403332154,36.86752701635815,0 37.67650503237377,36.86765396558641,0 37.67648300302049,36.86797500304983,0 37.67645601024209,36.8683609946634,0 37.67643199986774,36.86863799245219,0 37.67640900194517,36.86893597449217,0 37.67639399525898,36.86922699261763,0 37.67636904074021,36.86960899101924,0 37.67635095773029,36.86995403281875,0 37.67631100944432,36.87028902165769,0 37.67630996614382,36.8703979880711,0 37.67629603650724,36.87049704335922,0 37.67629297591623,36.87061099369132,0 37.67628398074766,36.87066501079434,0 37.67626597030769,36.87086099842346,0 37.67621798016487,36.87102704011381,0 37.67617499389282,36.87120202292517,0 37.67611701722181,36.87138100315617,0 37.6761009670024,36.87145503531377,0 37.67605001454728,36.8716210286177,0 37.67601300085548,36.87175600591519,0 37.67597198561224,36.87187301437835,0 37.67593597763351,36.87205402721322,0 37.67586297693967,36.87226097341268,0 37.67585400392642,36.87237104273397,0 37.67581304340815,36.87258799210191,0 37.67572196272259,36.87295398058922,0 37.67551196427753,36.87293702657758,0 37.67537996201396,36.87291203297474,0 37.67532204127686,36.8730090036434,0 37.67526899687812,36.87310897070675,0 37.6752169908422,36.87317602965793,0 37.6751320413926,36.87328500773023,0 37.67502697460238,36.87339201506925,0 37.67493200996606,36.87349996290096,0 37.67479097251638,36.87361198387242,0 37.67452797854232,36.87388802480204,0 37.67432197297479,36.87414298435044,0 37.67427700512115,36.87429095919031,0 37.67427100779612,36.87719001639826,0 37.67452195964587,36.87731102211939,0 37.67454597811012,36.87750001994175,0 37.67455095377359,36.87762196760526,0 37.67442200434895,36.87764397082496,0 37.6743929955835,36.87766699996379,0 37.67433097400607,36.87778403355885,0 37.67426101323294,36.87790595786381,0 37.67417096111723,36.87805700059949,0 37.67409399227471,36.87819704520718,0 37.67394401355901,36.87847203293687,0 37.67381998418318,36.87871096839407,0 37.67377102960349,36.87886296351066,0 37.67300496285386,36.88032896219747,0 37.67298399411622,36.88041099367943,0 37.67297604433193,36.88045796622706,0 37.67284095913179,36.88077996383419,0 37.67280098711375,36.88090696107313,0 37.6727240230877,36.88112802013095,0 37.6726640192033,36.88134199101425,0 37.67263996803543,36.88144398135594,0 37.67263195311147,36.88148798151981,0 37.67260802712884,36.88156599829657,0 37.67258097427052,36.88168299095575,0 37.67257901161499,36.8817160021034,0 37.67256098229762,36.88177600250855,0 37.67252196843149,36.88194696357635,0 37.67251001272653,36.88208600178496,0 37.67249498400479,36.88218597299073,0 37.6724649594585,36.88231102627962,0 37.67246697352346,36.88267903511798,0 37.67247800794205,36.88278197397827,0 37.6724759884404,36.88285896243333,0 37.67250004398277,36.88310500361919,0 37.6725120192846,36.88321703014137,0 37.67251698217323,36.88338097322278,0 37.67253900907555,36.88349997786668,0 37.67255597527985,36.8836669955226,0 37.67257399253175,36.88382697063809,0 37.67259499037441,36.88395401037711,0 37.67259700114907,36.88402499282962,0 37.67259703936573,36.88410303439183,0 37.67261696211911,36.88420197290959,0 37.67260003967438,36.88424898163785,0 37.67261897189844,36.88432801677617,0 37.67256999799068,36.88438602195498,0 37.67250197305638,36.88446997718327,0 37.67240203721359,36.88458402962616,0 37.67228804154261,36.88471098748353,0 37.67218200952094,36.88483395707564,0 37.67203999653337,36.88499996880044,0 37.67174502503592,36.88533502894482,0 37.67154197909838,36.88557903821135,0 37.67150397254869,36.88556299111181,0 37.67125302616888,36.88557499273568,0 37.67206703308604,36.8904769791089,0 37.67129198721793,36.89423196872512,0 37.66925498259271,36.89534002779378,0 37.66626998095536,36.89912601928207,0 37.66369801536425,36.90356895847288,0 37.66307999511706,36.90760204518618,0 37.65747195643389,36.90870398281279,0 37.65693802530988,36.90882002349917,0 37.65679702633862,36.9098920352278,0 37.65673303898201,36.9105110394471,0 37.65669497807586,36.91104497086813,0 37.65674100270154,36.91170497435436,0 37.65687997876546,36.91257996186996,0 37.65703295959776,36.91333201366295,0 37.65722904168314,36.91441599372293,0 37.65729204374261,36.91491499254168,0 37.65728597027731,36.91501501683614,0 37.65728596003973,36.91513000484593,0 37.65718695674142,36.91579897075159,0 37.65704699984318,36.91677400272859,0 37.65696400634054,36.91718203834537,0 37.65692298065357,36.91751901481958,0 37.65687601008874,36.91783796252227,0 37.65693798208335,36.91848602803326,0 37.65705999877775,36.91932502391802,0 37.65715904480975,36.9200050128352,0 37.65731201616556,36.92076003841058,0 37.65738795704237,36.92115504056217,0 37.65738499961057,36.92132197734058,0 37.65745998679825,36.92176700838014,0 37.65771300610906,36.92232400149435,0 37.65811298287291,36.92298996558272,0 37.65851897865549,36.92367702274294,0 37.65856798509414,36.92365299732484,0 37.65872200143146,36.92385703189681,0 37.65903001601334,36.92383696021091,0 37.65764797883707,36.92567796333459,0 37.65757602598298,36.92574096825966,0 37.65746100730885,36.92576897799784,0 37.65736797817076,36.92584200943245,0 37.65731700028064,36.92589904344107,0 37.65731595643968,36.92596195957461,0 37.65732102909573,36.92616203782148,0 37.6572990440031,36.92623696085079,0 37.65725395982617,36.92642503153257,0 37.65724498499414,36.9265450115811,0 37.65727901408273,36.92675703284529,0 37.65732699692887,36.92687801996739,0 37.65742501795084,36.92702696550734,0 37.65751701367353,36.92713697508564,0 37.65766501601602,36.9272639558606,0 37.65780603773733,36.927384996377,0 37.6578549863323,36.92744802636705,0 37.65786799182608,36.92755697601778,0 37.65786003516505,36.92769397413669,0 37.65787901893076,36.92787799709426,0 37.65789798275988,36.92804399696735,0 37.65793901208581,36.92824997011341,0 37.65799499776508,36.92831299097917,0 37.65810901203213,36.92837096693867,0 37.65817300362279,36.92838899774797,0 37.65817700170603,36.92861197954505,0 37.65820298291602,36.92880699045237,0 37.65823502013625,36.92916196095489,0 37.65832600189795,36.92928901625136,0 37.65836701664465,36.92942596115846,0 37.65841503601901,36.9296039923474,0 37.65847103877029,36.92971900869198,0 37.65859097560753,36.92982799641425,0 37.65873898601776,36.92993803524873,0 37.65883802382457,36.93004803542593,0 37.65892996934121,36.93011704237827,0 37.65895695901002,36.9302090345184,0 37.65897800480867,36.93028299624648,0 37.65901999654263,36.93034098455924,0 37.65909801983282,36.93038702510648,0 37.65918996821177,36.93042196729093,0 37.65936798650781,36.93046399758632,0 37.65948003211188,36.93065302839945,0 37.65949304360473,36.93074503464458,0 37.65954197561611,36.93085402344023,0 37.65963399631872,36.93093501369744,0 37.65988897715162,36.93106797629792,0 37.65998204208089,36.93106901793331,0 37.66007403151575,36.93109296500113,0 37.66013798225596,36.93115596353391,0 37.66016497797903,36.93124804537878,0 37.66014902605133,36.93136199454697,0 37.66021301778273,36.93139696636769,0 37.66033400274444,36.93140897340231,0 37.66044000549436,36.93150697815864,0 37.66050999473597,36.93160503773037,0 37.66053002177809,36.93176002830875,0 37.66047198539574,36.93179895880873,0 37.66039399125812,36.93182699430963,0 37.66027196859211,36.93182698857949,0 37.6601730320152,36.93183702311168,0 37.66003604271162,36.93191103160886,0 37.65999196121924,36.93202997082183,0 37.6599619962162,36.9321850296522,0 37.65999598108584,36.93232198205905,0 37.66004400716376,36.93248297830207,0 37.66169304655291,36.93617802376734,0 37.66113103480347,36.93863398642757,0 37.65415900906471,36.93889397988169,0 37.65031574028406,36.93991359604923,0 37.65071368229112,36.94080985838497,0 37.65088446768198,36.94200477067442,0 37.65118355799349,36.94272172337327,0 37.65131163414188,36.94340455478059,0 37.6513544107439,36.9442580820665,0 37.65135442151442,36.94500920151041,0 37.65135434914598,36.94565777001176,0 37.65126891809616,36.94616991807316,0 37.65109812306758,36.94654546363073,0 37.65100194561462,36.94707461293961,0 37.65078834958788,36.94758665067685,0 37.65040398455962,36.94817558609187,0 37.65008352924371,36.94860223490612,0 37.64975163738053,36.94872643134747,0 37.64975163543766,36.94872634127591,0 37.64940699626712,36.94924704575725,0 37.64897997116032,36.94944303226719,0 37.6489020433687,36.94953098671252,0 37.64882396832912,36.94962498065701,0 37.64876699568962,36.94969696414169,0 37.64874502399626,36.94978603346748,0 37.64874199609513,36.9499419766588,0 37.64871197429862,36.95006999835545,0 37.64865396053661,36.95021399850527,0 37.64859603042103,36.95031897758192,0 37.64851698145162,36.95045804313688,0 37.64845299119791,36.95057401001699,0 37.64834501039082,36.95070698916723,0 37.648275025063,36.95087999228319,0 37.64824597045578,36.95096699747841,0 37.64819695857742,36.95106896849317,0 37.64812100772971,36.95114995649628,0 37.64802395999464,36.95123601252584,0 37.64790098135008,36.95132197881293,0 37.64778398238145,36.95141903510287,0 37.6476530285865,36.95152601829258,0 37.6475630320508,36.95161702341427,0 37.64750800833124,36.95169799001097,0 37.64745102700701,36.95181701344374,0 37.64739396464329,36.95195802652404,0 37.64736497027108,36.95207801304342,0 37.64730297459913,36.95237697781479,0 37.64728598498112,36.95258997765201,0 37.6472710024583,36.95270697666904,0 37.64724297400473,36.9528029790316,0 37.64714800952982,36.95288702328296,0 37.64703998564933,36.95297097833915,0 37.64687903372752,36.95308702721317,0 37.64673104405745,36.95316000196661,0 37.6466509991681,36.95322302161493,0 37.64648900382049,36.95333800415795,0 37.64642100884836,36.95342302528406,0 37.6463779645166,36.95358303806388,0 37.6463890326264,36.95375302394928,0 37.64637103325219,36.95398802619067,0 37.64638197929138,36.9541480110196,0 37.64637800383632,36.95437200514249,0 37.64637499665882,36.95454200600187,0 37.64639700375662,36.9547769949063,0 37.64643295347603,36.95497997845263,0 37.64641802077692,36.95510797046767,0 37.6464020186067,36.95522498258852,0 37.64636097116551,36.95530999125647,0 37.64519503229387,36.95451898328621,0 37.64487498418262,36.9544289758141,0 37.64460903262318,36.95431803241295,0 37.64421297800106,36.9541989776902,0 37.6439440133459,36.95407699057987,0 37.64346596280725,36.95380100428828,0 37.64304803675334,36.95398702123691,0 37.64224601796707,36.95425296740029,0 37.6420690466589,36.95427902562592,0 37.64188501479434,36.95438601588324,0 37.64167902214599,36.95443202988584,0 37.64118403016028,36.95416897522158,0 37.64105495312862,36.95399296073022,0 37.64097996055848,36.95372202567311,0 37.64090704434117,36.95350900697149,0 37.64074299436074,36.95334302773146,0 37.64047498099312,36.95310098381472,0 37.64039597420825,36.9529450029576,0 37.64025301178499,36.95251000436134,0 37.63939196321313,36.95324904560566,0 37.63625597662192,36.95613502857956,0 37.63537601263474,36.95698496545418,0 37.63500901000226,36.95730200321047,0 37.63438996795615,36.95775597217958,0 37.63262899234276,36.95853096233494,0 37.63054700096429,36.95900303941949,0 37.62912502709383,36.96027797307067,0 37.62728601871354,36.96191303470825,0 37.62589802142619,36.9639369618743,0 37.62480100719486,36.96550495750646,0 37.62398600075875,36.96583097687532,0 37.62361101417955,36.9664609728739,0 37.62342299466355,36.96678399820773,0 37.62292097969749,36.9676349824398,0 37.62276803637223,36.96792202110547,0 37.62271002281185,36.96803401750859,0 37.62269602309773,36.96807701474594,0 37.62248195953403,36.96830802459246,0 37.62239298550391,36.96837097085383,0 37.62229998048661,36.96842297740368,0 37.62217801506593,36.96847204509857,0 37.62203796260332,36.96852000834187,0 37.62187996723721,36.96859101603975,0 37.62175095916163,36.96864000022861,0 37.62166104411537,36.96866303609837,0 37.62157599594352,36.96867095714137,0 37.62146800987271,36.96871100167695,0 37.62140100606511,36.96875301000102,0 37.62134498679637,36.96880198784808,0 37.62125500531744,36.96901399900686,0 37.62079397873058,36.97011800161775,0 37.62068698923138,36.9703929658229,0 37.62063700372718,36.97052999453251,0 37.62056101395602,36.9706899966007,0 37.62044899501864,36.97095502649899,0 37.6203069827604,36.9713040024455,0 37.6202249935509,36.97150004364519,0 37.62019296455569,36.97153598688752,0 37.62014996439655,36.97157000669827,0 37.62010804301239,36.97158499735803,0 37.6200600026111,36.97159096975503,0 37.61999801257831,36.97159001382267,0 37.61992096460697,36.97159097522964,0 37.61974904186522,36.9716040448879,0 37.61905397977074,36.97161001267344,0 37.61842302353072,36.97162501590813,0 37.61798399071226,36.97163100107487,0 37.61750901885755,36.97163702386229,0 37.61747902512832,36.97165104017473,0 37.61737498526557,36.97165903593213,0 37.61724896643469,36.97167895648349,0 37.6170390151005,36.97172903749981,0 37.61691801266225,36.97175402678911,0 37.61674898822132,36.97179904395693,0 37.61661997524557,36.97183504488871,0 37.61654199679858,36.97184899368563,0 37.61645095675073,36.97187600711444,0 37.61633201132138,36.9719150249903,0 37.61627400522143,36.97193600054175,0 37.61617696597576,36.9719859850136,0 37.61613101282977,36.97202499992029,0 37.61609797406221,36.97207897916034,0 37.61602301055256,36.97216101467165,0 37.61591901010677,36.97224101186777,0 37.61583895974934,36.9723409587511,0 37.61573902535506,36.97243802279031,0 37.61561898224465,36.97252598838466,0 37.61550198489838,36.97260904617794,0 37.6154440011743,36.97265300068747,0 37.61538802432404,36.9726780044362,0 37.61533702955728,36.97270203847214,0 37.61523596824316,36.97275901541727,0 37.61502699177249,36.97290802779415,0 37.61488897399718,36.97300903303378,0 37.61473698581039,36.97310202828463,0 37.61461697401187,36.97317404138588,0 37.61449997074201,36.97323501960773,0 37.61436299441347,36.97330203747663,0 37.61425399941852,36.9733649788114,0 37.61410897387378,36.97345003819297,0 37.61398203246529,36.97352295667992,0 37.61388095756263,36.97357497634244,0 37.61377497585758,36.97361399562121,0 37.61363795632997,36.9736790301783,0 37.61344000348397,36.97393801212989,0 37.613392968882,36.97401804369232,0 37.61334496814021,36.97410502776701,0 37.61332399522906,36.97416902519811,0 37.61329098330723,36.97424201682475,0 37.61328696125258,36.97430596405614,0 37.6132440221412,36.97430799013652,0 37.61201799383819,36.97980399119301,0 37.61205396525623,36.98119697104154,0 37.61207699444684,36.98123901269663,0 37.61214599856713,36.98131296177816,0 37.61232095692168,36.98146901004213,0 37.61232100170377,36.98135699528229,0 37.6124040111803,36.98140101511811,0 37.61246903963873,36.98144897502234,0 37.61259598740315,36.98140201179967,0 37.61267495931577,36.98138201450436,0 37.6128059798002,36.98152802469565,0 37.612887962607,36.98151898107265,0 37.61300797964513,36.98164396289103,0 37.61294103107198,36.98168497468449,0 37.61286000179358,36.98172599758622,0 37.61283401602263,36.98173698413492,0 37.61287095758986,36.98179298475104,0 37.61291904556352,36.98188100627557,0 37.61294397025033,36.98194699271362,0 37.6129589876678,36.98202203624385,0 37.61353698976974,36.98197398783226,0 37.61671299834732,36.98170403559341,0 37.6196859808438,36.98305399540474,0 37.620834984969,36.98310796938406,0 37.62198395787811,36.98310804296722,0 37.62509197494678,36.98407897353717,0 37.62657898591279,36.98494300264978,0 37.62813295896438,36.98586097474979,0 37.62995703002692,36.986669961295,0 37.63191704477386,36.98731799513445,0 37.63306604305873,36.98785802624615,0 37.63543097623872,36.98985496035317,0 37.63617399209118,36.99023302857204,0 37.63880896853151,36.9925530202171,0 37.6392149915475,36.99298501455685,0 37.63895503650487,36.99841699944565,0 37.63742803213199,36.99864498409069,0 37.63656897614332,36.99859402360207,0 37.63597802569409,36.99820295927749,0 37.63507302482868,36.99884903687771,0 37.63446803333325,36.99961100898414,0 37.63306801647955,37.00050098250741,0 37.63198600342861,37.00080604149593,0 37.631285976739,37.00050098120799,0 37.63058602011387,36.99989096616121,0 37.62950402670334,36.99925501225793,0 37.62912204525573,36.99877200885373,0 37.62905896599079,36.99806095993999,0 37.62753099298642,36.99816203915685,0 37.62637501752127,36.99886601225675,0 37.62539899592802,36.9994839723206,0 37.62409404048265,36.99973803154862,0 37.62301203163922,36.99953899063559,0 37.62180303924195,36.99968699828879,0 37.62100702013118,37.00019603661945,0 37.62011600028236,37.00039897956755,0 37.61881197575278,37.00088204390174,0 37.61811103621319,37.00225397722953,0 37.61741103733616,37.00278799466128,0 37.61629804025714,37.00365196246856,0 37.61489703702325,37.00408403835893,0 37.61410198711589,37.00438899392226,0 37.61349703523903,37.0045159941169,0 37.612382977859,37.00461800807578,0 37.61123798879408,37.00502403390348,0 37.61018801691183,37.005634042954,0 37.60815095932922,37.00604096513158,0 37.60644797046817,37.00566004269278,0 37.60603498602794,37.00548197659602,0 37.60479396367587,37.00522796819067,0 37.60383896287114,37.00482102967553,0 37.60380701489748,37.00426202097395,0 37.60431596188747,37.00339804626498,0 37.6043479924741,37.00278797882125,0 37.60364798301465,37.00235596240936,0 37.6024390116222,37.00197497119116,0 37.60145203339815,37.00154303224384,0 37.6000680214783,37.00024600512175,0 37.59873102234017,37.0001959881582,0 37.59733100104128,36.99973803655052,0 37.59574002926667,36.99966202473257,0 37.59459403686761,36.99948404006938,0 37.59354398709317,36.99963602309374,0 37.59255803822229,37.00001801418181,0 37.59180230485251,36.99911508326205,0 37.59162466279741,36.99553817367518,0 37.58981544270367,36.9954882221709,0 37.58954056326965,36.99547783807454,0 37.58907077934803,36.99545090203313,0 37.58827394231302,36.99535601858894,0 37.58761891618207,36.99526993463463,0 37.58720341453623,36.99518669841261,0 37.58640061024882,36.99493514913704,0 37.5860205971919,36.99485233081241,0 37.58549431130709,36.99487735496751,0 37.5847400451637,36.99489859819959,0 37.58392063582718,36.99477393166573,0 37.58360227364222,36.99466431083932,0 37.58312030227009,36.99463378999664,0 37.58257950191321,36.99479326179284,0 37.58204162527268,36.99479513377042,0 37.58140203449258,36.99470452628513,0 37.58107678524505,36.99468697404693,0 37.58064802408756,36.99465585676501,0 37.58020983556598,36.99469610005931,0 37.57970522420346,36.99482326755962,0 37.57875667815193,36.995081572328,0 37.57808095191864,36.99547959192772,0 37.57749267962997,36.99574869958241,0 37.57704825458685,36.99590581735397,0 37.57665006811952,36.9959725186002,0 37.57639476654647,36.99597920326546,0 37.57597555313884,36.99587020957241,0 37.57540451943117,36.99564892963399,0 37.57499012372033,36.99593310660015,0 37.57485074239207,36.99602240264498,0 37.57475527423495,36.99599962843848,0 37.57317060796334,36.99707125857302,0 37.57189150321951,36.99674212028693,0 37.57152799229246,36.99625964396806,0 37.56926219739464,36.99590365682771,0 37.56908311949076,36.9965140651728,0 37.56812090679809,36.99617376609726,0 37.56686558693229,36.99854912081798,0 37.56758207951626,36.99908069412628,0 37.56813879956816,36.99974577632101,0 37.56719499566795,37.00039902738207,0 37.56649495971016,37.00050100005114,0 37.56452197522087,37.000246044839,0 37.56429896965591,37.00136498823698,0 37.56359901335426,37.00138998401088,0 37.56289904178102,37.00169496717196,0 37.56248497679349,37.00217803766902,0 37.56229398554776,37.00276198562339,0 37.56184897944211,37.00316904210016,0 37.5603530422701,37.00321999241447,0 37.55977999828644,37.00301701356741,0 37.55901701061432,37.00291502544945,0 37.55841204203681,37.00311798378765,0 37.55799803430711,37.00347397341552,0 37.55631204042611,37.00370300596995,0 37.55577096199244,37.0060409675393,0 37.55440199571468,37.00647299361403,0 37.55402000816585,37.00665102097088,0 37.55354296871302,37.00667601158467,0 37.55223800364346,37.00820101110724,0 37.55090196585982,37.00952201856748,0 37.55077502206949,37.01010700151036,0 37.55051997801934,37.01086902677631,0 37.54994701169876,37.01241903810549,0 37.54918296783325,37.01440103738262,0 37.55122004187593,37.01577303273916,0 37.550615034705,37.01645897785839,0 37.54921503645652,37.01722198855114,0 37.54892899946458,37.01762800347478,0 37.54915198807291,37.01793302027542,0 37.55032895983981,37.0180849940278,0 37.55080601517088,37.01834000648648,0 37.5516019868389,37.01960997573573,0 37.55042395916328,37.02016895765536,0 37.55080602512862,37.02083001588863,0 37.55064702171324,37.0213890143613,0 37.54943800102814,37.02288803527297,0 37.54937397541754,37.02456404662087,0 37.54962898323629,37.02568203428383,0 37.54988303678268,37.02611397889006,0 37.55074298829488,37.02700300396757,0 37.55160203119954,37.02766403971967,0 37.54931101777213,37.02804498525056,0 37.5493419953785,37.02944201465122,0 37.54826103961196,37.02936600995908,0 37.54730597677439,37.02974704588586,0 37.54619201745879,37.03035696866329,0 37.54596700239035,37.03166803118314,0 37.54603301039103,37.03277001549804,0 37.54649168076273,37.03492012707552,0 37.54557995769954,37.03512534092392,0 37.54575791535307,37.03595092128857,0 37.54532659114629,37.0361227150562,0 37.54556457235219,37.03668049835168,0 37.54520577425461,37.03685833931014,0 37.5446960360858,37.03701298741819,0 37.54441004775838,37.03840999940768,0 37.54428299107471,37.03927298518202,0 37.54342301462189,37.04077199691726,0 37.54351902072239,37.04209302514459,0 37.54420299192827,37.04310901294784,0 37.54264404537619,37.04371901916834,0 37.54261201217638,37.04463303304293,0 37.54292996562094,37.04524303978872,0 37.54305695979895,37.04564898446164,0 37.54124402543491,37.04651297736059,0 37.53892098506897,37.04709699559202,0 37.53713800630973,37.04747796624432,0 37.53560102111456,37.04753301980124,0 37.53507001503061,37.0477320210569,0 37.53500595943856,37.04813801245989,0 37.532365039861,37.04826497916276,0 37.53246098876621,37.04895096652981,0 37.5305509816807,37.04968700511459,0 37.52864198195554,37.05047499972474,0 37.52917595573611,37.05225196785494,0 37.52654396924351,37.05306402517413,0 37.52520200250144,37.05337101480649,0 37.52354798191246,37.05371497874186,0</coordinates></LinearRing></outerBoundaryIs>
        </Polygon>
      </MultiGeometry>
    </Placemark>
    <Placemark id="ID_00003">
      <name>{48C8E95D-CD95-444A-8D02-722147A859A4}</name>
      <Snippet></Snippet>
      <description><![CDATA[<html xmlns:fo="http://www.w3.org/1999/XSL/Format" xmlns:msxsl="urn:schemas-microsoft-com:xslt">
<head>
<META http-equiv="Content-Type" content="text/html">
<meta http-equiv="content-type" content="text/html; charset=UTF-8">
</head>
<body style="margin:0px 0px 0px 0px;overflow:auto;background:#FFFFFF;">
<table style="font-family:Arial,Verdana,Times;font-size:12px;text-align:left;width:100%;border-collapse:collapse;padding:3px 3px 3px 3px">
<tr style="text-align:center;font-weight:bold;background:#9CBCE2">
<td>{48C8E95D-CD95-444A-8D02-722147A859A4}</td>
</tr>
<tr>
<td>
<table style="font-family:Arial,Verdana,Times;font-size:12px;text-align:left;width:100%;border-spacing:0px; padding:3px 3px 3px 3px">
<tr>
<td>FID</td>
<td>3</td>
</tr>
<tr bgcolor="#D4E4F3">
<td>ID</td>
<td>{48C8E95D-CD95-444A-8D02-722147A859A4}</td>
</tr>
<tr>
<td>AD</td>
<td>YAVUZELİ</td>
</tr>
<tr bgcolor="#D4E4F3">
<td>KIMLIKNO</td>
<td>1720</td>
</tr>
<tr>
<td>ILID</td>
<td>{FFB0E469-39AF-48CD-826C-9FA775F95571}</td>
</tr>
</table>
</td>
</tr>
</table>
</body>
</html>
]]></description>
      <styleUrl>#PolyStyle00</styleUrl>
      <MultiGeometry>
        <Polygon>
          <extrude>0</extrude><altitudeMode>clampToGround</altitudeMode>
          <outerBoundaryIs><LinearRing><coordinates> 37.5025889927112,37.41932096465633,0 37.50255104285316,37.41982796267114,0 37.50196596023813,37.41985603511738,0 37.50079295793055,37.4199709583375,0 37.49994504369638,37.4190479882128,0 37.49869703595488,37.41806403325191,0 37.49597203866187,37.41768602395985,0 37.49394297913008,37.41621799933508,0 37.49277102725655,37.41562797759322,0 37.49174202324469,37.41486402652825,0 37.48994102286285,37.41426596414217,0 37.4884930120435,37.41445496904532,0 37.48688303025256,37.41522703372908,0 37.48373903971598,37.4154839815233,0 37.47465896997518,37.41527204011206,0 37.46962895734402,37.41717900489522,0 37.4643789699243,37.41713395810439,0 37.46234999948629,37.41727703467366,0 37.46270199563077,37.41591496338093,0 37.46112102033567,37.41522695907938,0 37.45996798471685,37.41421996828527,0 37.45861504489359,37.41367500429887,0 37.45788101649334,37.41255495759754,0 37.45724300775515,37.41006600199018,0 37.4563380420573,37.40849199433752,0 37.45542301696646,37.40731099169805,0 37.45364100550536,37.40636502520324,0 37.45125995848883,37.40598697429255,0 37.44902500902754,37.4050329801223,0 37.44846295670763,37.40473799248578,0 37.44781503528593,37.40441999411525,0 37.44467096354241,37.40351201046118,0 37.44383304609583,37.40323902552329,0 37.4425559740076,37.40262599350303,0 37.44163304220995,37.40338500370279,0 37.44046895550833,37.40353895783242,0 37.43955497084881,37.40325299113093,0 37.43855699081073,37.40272500752268,0 37.43739295609878,37.40290100837356,0 37.43639603340508,37.4027249714651,0 37.43592404084176,37.40201998969501,0 37.43525900420938,37.4012940107629,0 37.43423401893288,37.40091995806723,0 37.43365203914236,37.40017097444486,0 37.4332640268044,37.39893798557893,0 37.43342895872751,37.3975320347294,0 37.43459097610531,37.3955340241983,0 37.43514398138628,37.39409596656331,0 37.43517199038614,37.39283900838883,0 37.43485802137149,37.39150699222803,0 37.43704897388515,37.39011400608453,0 37.4387640032293,37.38939495567175,0 37.43977399210027,37.38791103362283,0 37.44265095705984,37.38676803179505,0 37.44530998513499,37.38638204490208,0 37.44746297739962,37.38625396971988,0 37.44902504395606,37.38588195553939,0 37.45046596944688,37.38590402711896,0 37.45174100152324,37.38568400302648,0 37.45462295694587,37.38546403152945,0 37.45627600525638,37.38366396349473,0 37.4585149677573,37.38394500002598,0 37.46104001905233,37.38390697657297,0 37.46105896047185,37.38380797899034,0 37.45975295853363,37.38236996755776,0 37.45883499935742,37.38065303176099,0 37.45672396552244,37.37971999265665,0 37.45169302442358,37.37966003484775,0 37.45105496267357,37.37903104185935,0 37.45057800581448,37.37807701600116,0 37.4503119853245,37.37595695765527,0 37.4499300290209,37.37485199582096,0 37.44974003621731,37.37321598788492,0 37.45010196682907,37.37211100482156,0 37.45038798767366,37.37067200307564,0 37.4505020417726,37.36799200598338,0 37.44985403071221,37.36612903332583,0 37.44983499071329,37.36513000695052,0 37.45137898399259,37.36216095673566,0 37.45194095465808,37.36108604219528,0 37.45257003032407,37.35911701278381,0 37.45022598619365,37.35704200672412,0 37.44858701578964,37.3558909870714,0 37.44367096158734,37.35271000737067,0 37.44157502205984,37.35122500854086,0 37.43856400701288,37.34895297473432,0 37.43654400224938,37.34752895864857,0 37.43345698213022,37.34513596968259,0 37.43579995747212,37.3450579897687,0 37.43898698836707,37.34482497469644,0 37.43990299987389,37.34473804227974,0 37.44070898036774,37.34450501728026,0 37.44356602413497,37.34278696019446,0 37.44649701873534,37.34100998736532,0 37.44797200163274,37.34019398914311,0 37.44897896249995,37.33985896356421,0 37.4500600080483,37.33952401143116,0 37.45035303316543,37.33943697432757,0 37.45062799211598,37.33930600232731,0 37.45115902279474,37.33802402836535,0 37.45152598822911,37.33732502467704,0 37.45181898530203,37.33706298397652,0 37.45187395970933,37.33665499790102,0 37.45209295537954,37.33639296474853,0 37.45335702341092,37.33611602236775,0 37.45451099065352,37.33589800217732,0 37.45579402563883,37.33559196472405,0 37.4566730286997,37.33537397370553,0 37.45841301833448,37.33315999308486,0 37.45954899325204,37.33164496817601,0 37.46046502130543,37.33117904195507,0 37.46185700663482,37.33074201098429,0 37.46335897252093,37.33021799647146,0 37.46412797460793,37.32972196074715,0 37.46471403574106,37.32890702242759,0 37.46500795820597,37.3278579810255,0 37.46548395644093,37.32663402637789,0 37.46588703824852,37.32628498055977,0 37.46742500385739,37.32616796044748,0 37.46965999539562,37.32680903482398,0 37.47046598650238,37.32718803617042,0 37.47156497569399,37.32733396072165,0 37.47280901023635,37.32748203437404,0 37.47322998898893,37.32707398716844,0 37.47304997185918,37.32606696326317,0 37.47333496558374,37.32558698657967,0 37.47419204074259,37.32510799198783,0 37.4744780256858,37.32442695792463,0 37.47412896897435,37.32326596631187,0 37.47362999522515,37.32309096505558,0 37.47068399674392,37.32301300131747,0 37.46979699870126,37.3229830232559,0 37.46912296115677,37.32295003372347,0 37.4680920229857,37.32295003644036,0 37.46825695544486,37.32210498119598,0 37.46848002384814,37.3211199786602,0 37.46835302674275,37.31968199735827,0 37.46832103451834,37.31816696167373,0 37.46825096294947,37.31712900605604,0 37.46781199576675,37.31667298290738,0 37.46770196330359,37.31615403470945,0 37.46788496183627,37.31568804186743,0 37.46799401092232,37.31490297403758,0 37.46804904138427,37.3140150358241,0 37.46804897366053,37.31302604435213,0 37.46790301201019,37.31244401092883,0 37.46821403005963,37.31190596077384,0 37.46856099217953,37.31120697100687,0 37.46889102151629,37.31049404361529,0 37.46909203895288,37.30973099155251,0 37.46857997614119,37.30929399076597,0 37.46803498571535,37.30855101078078,0 37.46698801603895,37.30832402487682,0 37.46676597845804,37.30746502364372,0 37.46508402734761,37.3071619943826,0 37.4630210109829,37.30638001528808,0 37.4622280044812,37.3057739831714,0 37.46060902211358,37.3049909787217,0 37.4597199994196,37.3042340022642,0 37.45899002955627,37.30362798097445,0 37.45695898922163,37.30327498130427,0 37.45632499452287,37.30292098021406,0 37.45553101815119,37.30181099802119,0 37.45540401578926,37.30059900144877,0 37.45550000712011,37.29981599491117,0 37.4552139673115,37.2983019999925,0 37.45785998997979,37.29969097150554,0 37.45844600035756,37.29904998172839,0 37.45921402469706,37.29832996768594,0 37.46100696134008,37.29734101575365,0 37.46386001025089,37.29597297602191,0 37.46627501051422,37.29474997321398,0 37.46814101416351,37.29355698323922,0 37.47256796675133,37.29169402920594,0 37.47677503776055,37.2899480100132,0 37.47783598043074,37.28983104462292,0 37.47999500300714,37.28986002397544,0 37.48281199422495,37.28991901824491,0 37.4833239587478,37.28948204008849,0 37.48328701065549,37.28843403397403,0 37.48277496621242,37.28724104034775,0 37.48299502115711,37.2861640405122,0 37.48365301709781,37.28517400599442,0 37.48464101891818,37.28438799196545,0 37.48614099943752,37.28237999998953,0 37.48723797273995,37.28203000569643,0 37.48859199428296,37.28232099101195,0 37.48976303928365,37.28269996055521,0 37.49104296298232,37.28267104643745,0 37.49258001687178,37.28240899572775,0 37.49483002110157,37.2822049659165,0 37.49649496133949,37.28195801053872,0 37.49828703383728,37.28202995573422,0 37.4993119790453,37.28251097706634,0 37.50061101165482,37.28269997043746,0 37.50203699130434,37.28242001150027,0 37.50558603691334,37.28096401031477,0 37.50761698916573,37.2803670183285,0 37.5089519933311,37.28007596983584,0 37.51004996865647,37.27962500658464,0 37.51080001283886,37.27921704336816,0 37.51116497414056,37.27841704365406,0 37.5111840001788,37.27792198861162,0 37.51138495638376,37.27642300147953,0 37.51164100183835,37.27632096687908,0 37.51279400227355,37.27614601425128,0 37.51346998776444,37.27575303854538,0 37.51436702875242,37.27556404067157,0 37.51436696128426,37.27537498407285,0 37.51451301203606,37.27479197440584,0 37.51471399737009,37.27426800657661,0 37.51520795534179,37.27365702353977,0 37.51604997993091,37.27343898047486,0 37.51879396196895,37.27306001835387,0 37.52011097268139,37.27300201902672,0 37.52089696053104,37.27304598974975,0 37.52130003162142,37.27316201147463,0 37.52234204293377,37.27339498316731,0 37.52290900390115,37.27323503781944,0 37.52369596222112,37.27294402664631,0 37.52428095716083,37.2727840218937,0 37.52453802421959,37.27252199628455,0 37.52424498917199,37.27234698582382,0 37.52433604225343,37.27198301746628,0 37.52468399602973,37.27157500864233,0 37.52537896742806,37.27157497528007,0 37.5261660085396,37.27157501201747,0 37.52706196847261,37.27140098109393,0 37.52855296589733,37.27119700305632,0 37.52890998152424,37.27119698757532,0 37.52902796679311,37.27116797890297,0 37.52913796709738,37.2705419835156,0 37.52926598279315,37.27016302588566,0 37.52939398927222,37.26989400544454,0 37.52891903888758,37.26984697533189,0 37.52855296108785,37.26967904637068,0 37.52859896631398,37.26924996342284,0 37.5284060340041,37.26880999948273,0 37.52833303793967,37.2675360201133,0 37.52844296271179,37.266574984984,0 37.5282779862134,37.26577402508399,0 37.52760202167914,37.265220985234,0 37.52630299227653,37.26498803871024,0 37.52465603974375,37.26488598927102,0 37.52321102829605,37.26463903028868,0 37.52162903450598,37.26380897753087,0 37.52072398599796,37.26351800787774,0 37.52034803286644,37.26343002075879,0 37.52016600512557,37.26318697943188,0 37.51914103517045,37.26273497338449,0 37.51798901864827,37.26170200343925,0 37.51670797747572,37.26122099890712,0 37.51537296864044,37.26087196598453,0 37.51423903729304,37.26110500167926,0 37.51303095741677,37.26152704212367,0 37.51197002727231,37.26252400752328,0 37.51054401393571,37.26360095755724,0 37.50904399523394,37.26460602229332,0 37.50816497396987,37.26473698631524,0 37.50697596221497,37.26456199009559,0 37.50655604324214,37.26459103611429,0 37.50571396005946,37.26486803645636,0 37.50454297976643,37.26504296817644,0 37.50368399537646,37.2649850367802,0 37.50247601773582,37.26456197345258,0 37.50152500523608,37.26412599617842,0 37.50095800713488,37.26366000102191,0 37.50079303995042,37.26323801766749,0 37.5007390136237,37.26256798726899,0 37.50073903264951,37.26191304106112,0 37.50062895597736,37.26127201659671,0 37.50053699144648,37.26073304106578,0 37.50013500226009,37.26015095567286,0 37.49964103193717,37.25980198709517,0 37.49867103718413,37.25927701418005,0 37.4980680028317,37.25933601202543,0 37.49684195607801,37.25967097436777,0 37.49592796058619,37.25972902790477,0 37.49561696919456,37.25951001595116,0 37.49530604041318,37.25889900808522,0 37.49532400765079,37.25831700673344,0 37.49559803873192,37.25760299792215,0 37.49559798612562,37.25706898401589,0 37.49519599053325,37.25652599084858,0 37.49422601066597,37.25603098774965,0 37.49345801786902,37.25591397990549,0 37.49241498811721,37.25639500511002,0 37.49162896434823,37.25659901701356,0 37.49071399970162,37.25652601632967,0 37.49038503428158,37.25620502777613,0 37.4907510375991,37.25541904165021,0 37.49102496991272,37.25495303724922,0 37.4915739710432,37.25406498813913,0 37.49193998346801,37.25381796948317,0 37.4924130078814,37.25368404526868,0 37.49298200985503,37.25310401677696,0 37.49339796659195,37.25223196510239,0 37.49369600824923,37.25160398637718,0 37.49359895743337,37.25108200991945,0 37.49301904149006,37.25042500555323,0 37.4916789569533,37.24989301474709,0 37.4912810287335,37.24943502283182,0 37.49093396378513,37.24877903948784,0 37.49001903404961,37.24821202716852,0 37.48901301896649,37.24787702490964,0 37.48720197994071,37.24735198705346,0 37.48601297397042,37.24708999674523,0 37.48540895871103,37.24647903419863,0 37.48517096949183,37.24551798035771,0 37.48603097461651,37.24490603803204,0 37.4868729751667,37.24476002443975,0 37.48789703197228,37.24481897993967,0 37.48870200178945,37.24499296329949,0 37.4893600161675,37.24497901023901,0 37.49025704363944,37.24464403228482,0 37.49084201022985,37.24395198166258,0 37.491170974427,37.24303498399592,0 37.49106197007315,37.24278701086606,0 37.49095200924259,37.24248101683171,0 37.49115303611648,37.24188400349394,0 37.49159198364515,37.24117098835971,0 37.49192100292574,37.24073402542913,0 37.49195802166304,37.24012204545046,0 37.49166498391664,37.23924802648506,0 37.49139098803965,37.23897203448567,0 37.4910799542283,37.23849095793793,0 37.49102500398489,37.2377920048174,0 37.49173902689413,37.23676499198755,0 37.4927989867714,37.23542596433921,0 37.49342098731825,37.23455203383467,0 37.49404299135313,37.23338703099611,0 37.49511596446109,37.23220299514159,0 37.49522302555931,37.23210801411955,0 37.49719000673275,37.23091798324205,0 37.49808595764097,37.23082996444909,0 37.49932997378173,37.23082998796911,0 37.50044603050351,37.23100499964134,0 37.50132401051253,37.23126700660428,0 37.50229299505749,37.23139799742135,0 37.50315297241825,37.23167499760816,0 37.5042139850936,37.23180597551649,0 37.505394002633,37.2317840402881,0 37.50627895404944,37.23188596913194,0 37.50692197063993,37.23193699129633,0 37.50713195770652,37.23183501359241,0 37.50742500205853,37.23147902742276,0 37.50785404521273,37.23101200028879,0 37.50820196154913,37.23071397781276,0 37.50855902354461,37.23030598881204,0 37.50891495607146,37.23016799476093,0 37.50921704081644,37.23013098299226,0 37.50943702515313,37.23010195541355,0 37.50969296802512,37.22977401152436,0 37.51003997815112,37.2293519984543,0 37.51034202303903,37.22905698824938,0 37.51066196514297,37.22878797147024,0 37.51099200953929,37.22833598352397,0 37.51143099522429,37.22780096157069,0 37.51150598751939,37.22649199889226,0 37.51148997893151,37.22631395851028,0 37.51134797007019,37.22538300038698,0 37.51083597415622,37.22516496997254,0 37.50993097926481,37.22478595939911,0 37.50910801415322,37.22440003832912,0 37.50780903986062,37.22386103280829,0 37.50735101665013,37.22366401753442,0 37.50721396763648,37.22340902694835,0 37.50682999409457,37.22282303533839,0 37.50624496692595,37.2221090250115,0 37.5058060358033,37.22173099122414,0 37.5052389663492,37.22127897930361,0 37.50468999201364,37.22114799158727,0 37.50384804541901,37.22135198179595,0 37.50335399796976,37.22122101107025,0 37.50298900568879,37.22091502045019,0 37.50304298790338,37.22052098664771,0 37.50308002236321,37.2200410194594,0 37.503664977517,37.21942901687186,0 37.50401296959561,37.21904296415815,0 37.50472601660692,37.21830704416995,0 37.50492801399792,37.21824896701363,0 37.50533002143825,37.21821997736305,0 37.50544003556843,37.21833599707949,0 37.50584197537301,37.21858401809475,0 37.50624500565822,37.21855501141638,0 37.50686698147785,37.21840904366549,0 37.50741499384749,37.21814695636632,0 37.50794599693513,37.21789895980803,0 37.50862302404317,37.21719997161084,0 37.50860404610008,37.21682101354505,0 37.50825697633724,37.21661699987121,0 37.50831203692212,37.21641399234004,0 37.50858599948013,37.21583097859404,0 37.50893402461283,37.21523404392502,0 37.50926300717607,37.21491300926045,0 37.5101230436328,37.21395197144231,0 37.5105709593231,37.21368204457593,0 37.51187901072711,37.21296101951221,0 37.51181498171589,37.21245800830071,0 37.51199803213562,37.21231302066163,0 37.51258302524677,37.21190499212735,0 37.51273900079932,37.21157696674266,0 37.51298001517555,37.21125902942448,0 37.51294596715066,37.21117800094574,0 37.51287703827727,37.21108597399567,0 37.51284597604769,37.21098697453208,0 37.51280997911597,37.21092002866314,0 37.51221700592295,37.21034600452662,0 37.51221702390683,37.2101560438771,0 37.5138179620786,37.20972701282636,0 37.5143029972093,37.21047002107633,0 37.51621401062728,37.20898698179681,0 37.51575700922628,37.20811295642267,0 37.51653398829665,37.20787997654279,0 37.51731200708951,37.20772700019344,0 37.51816296240656,37.20761102164182,0 37.51918699982325,37.20728997005344,0 37.52340297554623,37.20607298170543,0 37.52390596162537,37.20658700962161,0 37.52491302614533,37.20735903116396,0 37.52590000060535,37.20798603936399,0 37.52657699024211,37.20842301900715,0 37.52710800908424,37.20885998498571,0 37.52785800973719,37.2098940130919,0 37.52869898126512,37.21062299662792,0 37.52917503421541,37.21133704190363,0 37.52959601732233,37.21111803461537,0 37.5301630340053,37.21050604537152,0 37.53038198787802,37.21053502644067,0 37.53074800791624,37.21095797684584,0 37.53131497207697,37.21091397068286,0 37.53261402351517,37.21072495796064,0 37.53387604169131,37.21075403645315,0 37.53488204459811,37.21094303780128,0 37.53616296148835,37.21082703432326,0 37.53680304585205,37.21085603684141,0 37.5371870018902,37.21094296986558,0 37.5370500220961,37.21117597978182,0 37.53651900599225,37.21202102056539,0 37.53611696006399,37.21238497962126,0 37.53571396123314,37.21255998095659,0 37.53566004325025,37.21368196816159,0 37.53591601768449,37.21430800386424,0 37.53597103806499,37.21503703249643,0 37.53593403531381,37.21615898016275,0 37.53629997140075,37.21655199622137,0 37.53683002739913,37.2169450435908,0 37.53717799845256,37.21738199468964,0 37.53765397232317,37.21776096176932,0 37.53873300818528,37.21847497546955,0 37.53919004458503,37.21902801185031,0 37.54003197007766,37.21999002388451,0 37.54127696625027,37.22020704039839,0 37.54197100611528,37.22060901403453,0 37.54211704507497,37.22101703933248,0 37.54211703218277,37.2217010026179,0 37.54197097123879,37.22232802423638,0 37.54193396613218,37.22373301820361,0 37.54164103683497,37.22629002367202,0 37.54172104265533,37.22747595929634,0 37.54193401238696,37.22817598223605,0 37.54207097462707,37.22870803229613,0 37.54235496744028,37.22905703816723,0 37.54269295698669,37.22924601870083,0 37.54342501433294,37.2293700267985,0 37.54398303654218,37.22957397783369,0 37.54411996326169,37.22955200716932,0 37.54430297339256,37.22942895767135,0 37.54474203319381,37.22924597756352,0 37.54502601926336,37.22880603249196,0 37.54520796614995,37.22828496353493,0 37.54626899755318,37.22717803468328,0 37.54759602356359,37.22584503916694,0 37.54768704017581,37.22556900298516,0 37.54782403497159,37.22556901421594,0 37.54823601582792,37.22584496343033,0 37.54847404516762,37.22580895957732,0 37.54868403969101,37.22556101364759,0 37.54884903999125,37.22535799209158,0 37.54929700832405,37.22539403432825,0 37.54969895473251,37.22556098196867,0 37.5499739929874,37.22587097697557,0 37.55024796599319,37.22620603731032,0 37.55061400040682,37.22643896423182,0 37.55090700463896,37.22681801981179,0 37.55097999285864,37.22719599071488,0 37.55121796819172,37.22750196332073,0 37.55156503515175,37.22785201246677,0 37.55211402391372,37.22783697728074,0 37.55291002477244,37.2274079633074,0 37.55346801096388,37.22721104547144,0 37.55373300180787,37.22728398424521,0 37.55390696457759,37.22756799253774,0 37.55416296757716,37.22793202528397,0 37.55503200823547,37.22815004429977,0 37.55533400824518,37.2282960268567,0 37.5554620254061,37.2286459674015,0 37.55583699554423,37.22884199413984,0 37.55643103259454,37.22900603390914,0 37.55710800249474,37.22937002242404,0 37.55880895513946,37.22971998997372,0 37.55954103674829,37.22974900893162,0 37.56063796107748,37.22954495671731,0 37.56160801811021,37.2294719712137,0 37.56307102244001,37.22950096817048,0 37.56490097479323,37.22934099543753,0 37.56541295734605,37.22973397035626,0 37.56614501080244,37.22979295605209,0 37.56704102076008,37.22980696387512,0 37.56747996808471,37.23031696283567,0 37.56788202189969,37.23100199712606,0 37.56899804021794,37.23171496875011,0 37.56987604293679,37.23224004523023,0 37.57079098914915,37.23320104318671,0 37.57181500536917,37.23382698733322,0 37.57311396343342,37.23432202960866,0 37.57356203339305,37.23550899359753,0 37.57553799763717,37.23559697904507,0 37.57656198659981,37.23600399560002,0 37.57729403674526,37.23690700200495,0 37.57868395495636,37.23813104636241,0 37.58036395814655,37.23872797998265,0 37.58135503561135,37.23839304310989,0 37.58223300815767,37.23839302718761,0 37.58278195357319,37.23894601230069,0 37.58468398113225,37.2393249968701,0 37.58625797864038,37.23909197203189,0 37.58713603785743,37.23842201966148,0 37.58836103515389,37.23863997518674,0 37.58982495997237,37.23805802103968,0 37.59147096399359,37.23773700216417,0 37.59348304511347,37.23703796595743,0 37.59428796599391,37.23695098487465,0 37.59721503882866,37.23663101190689,0 37.59860498986276,37.23692196995122,0 37.6003610273587,37.23773701663037,0 37.60149601954613,37.23930999797967,0 37.6018609965098,37.24134899757019,0 37.60219098710064,37.24271803106301,0 37.60299601245645,37.24417398846853,0 37.60456895520717,37.24516500581009,0 37.60590400015209,37.24570298827215,0 37.60729397674517,37.24608197232794,0 37.60870298257718,37.24627099369963,0 37.61157503855689,37.24647496440571,0 37.61369702458634,37.24679497496846,0 37.61503197591204,37.24740701706173,0 37.61629402194419,37.24791704107042,0 37.61715397403802,37.24833900853753,0 37.61786799459292,37.24922704219557,0 37.6190570449493,37.24970802672799,0 37.6196239905069,37.2498390442427,0 37.62126999861248,37.24995501526217,0 37.62251397236903,37.25013000138857,0 37.62361195587107,37.24996995694688,0 37.62595296402463,37.24906698010071,0 37.62670295378702,37.24851401937919,0 37.62684899291431,37.2479599845383,0 37.62664803831019,37.24654798122239,0 37.62674000233111,37.24624195786298,0 37.62718796507638,37.24416096292274,0 37.62693402691736,37.24267101943003,0 37.62550600624562,37.23976504373516,0 37.62528404088815,37.23880496868726,0 37.62502998369234,37.23837600642145,0 37.62445900928083,37.23812296627379,0 37.62391897829592,37.23761799464527,0 37.62347501162351,37.23688498039105,0 37.62312600319552,37.23610200137114,0 37.62303104028835,37.23428302885343,0 37.62277699359714,37.23339800058224,0 37.6223959524853,37.23231195859242,0 37.62220499402049,37.23162899854918,0 37.62236400397086,37.23094700930065,0 37.62312602245636,37.23029000712359,0 37.62338001888993,37.2292789749651,0 37.62350700827238,37.22834402738594,0 37.62461702721016,37.22791500482026,0 37.62580599715784,37.22773098497461,0 37.6259719660904,37.22801102928606,0 37.62632101263097,37.22874002277469,0 37.62666396000051,37.22947901111951,0 37.62691996598942,37.23002995673817,0 37.6271970105839,37.2305260042623,0 37.6273639567961,37.23083802204737,0 37.62752500184683,37.23105703554679,0 37.62785601566368,37.23149502744,0 37.63007597279579,37.2314780017682,0 37.6311870389674,37.23114901845807,0 37.63134500291983,37.23069402630411,0 37.63106004258248,37.23031497338843,0 37.63118701944742,37.22978498444513,0 37.6333770006783,37.22917798278634,0 37.63819997361377,37.22811695925061,0 37.63894601721952,37.22881203554701,0 37.6395490201398,37.23000002041269,0 37.63964199612811,37.2313059950843,0 37.64002300594984,37.23216498601922,0 37.64097498073567,37.23357998771394,0 37.64234001916667,37.23413597708653,0 37.64367301454664,37.23491902838064,0 37.64484696583669,37.2355509924048,0 37.64583103438577,37.23610601544945,0 37.64706896451741,37.23709202030668,0 37.64751997034003,37.23772797513468,0 37.64838003595687,37.23774303725873,0 37.64902003175933,37.23791804378904,0 37.64979201126449,37.23811797117134,0 37.65002796115543,37.23826003424181,0 37.65021301318473,37.23842100898392,0 37.65047003376854,37.23861702425096,0 37.65066298991042,37.23876103679562,0 37.65109804139468,37.2391410107669,0 37.65133998873564,37.23938301219607,0 37.65151095408444,37.23956697971587,0 37.65160301829158,37.23970500849265,0 37.65168099173673,37.23986603218258,0 37.65173797249894,37.24001500395649,0 37.65181596354086,37.24012998001589,0 37.65190800872128,37.24023295574266,0 37.65195798524419,37.2403080431576,0 37.65215104009739,37.240451961692,0 37.65235099572723,37.24053297513831,0 37.65274495982672,37.24064399056283,0 37.65297996458954,37.24082300667552,0 37.65321498541107,37.24102400962825,0 37.65350100853961,37.24126602069418,0 37.65361497909186,37.24136400299508,0 37.6537509987787,37.24141599029672,0 37.6538359847515,37.24146796871995,0 37.65395103619554,37.24149204374586,0 37.65410103823765,37.24153302126217,0 37.65430203859423,37.24155102903984,0 37.6544449924259,37.24156299870386,0 37.65461797406275,37.24154102709188,0 37.65476096640889,37.24152497106782,0 37.65492595333456,37.24153699255786,0 37.65504700847833,37.24158900645298,0 37.65516901553669,37.24165903029909,0 37.65536896027952,37.24180302731443,0 37.65550402062536,37.2419810022831,0 37.65561803356286,37.2421529639245,0 37.65573902030228,37.242291036209,0 37.6558240459938,37.24236599119065,0 37.6560099568545,37.2424589998408,0 37.6561739623446,37.24254501519557,0 37.65632399007773,37.24263798476013,0 37.65653896334187,37.24279303396253,0 37.65676003855174,37.24298899751179,0 37.65693102526551,37.24317295657681,0 37.65707201134705,37.24342599982605,0 37.65712203455752,37.24359200751667,0 37.65725597145828,37.24383298464936,0 37.6573199930319,37.24395896556535,0 37.65744801127693,37.24405701766128,0 37.65755596411837,37.2441259744004,0 37.65769201503872,37.24417903686294,0 37.65787104484544,37.24419103862715,0 37.65800699381259,37.24418003336719,0 37.65817895700219,37.2441410393368,0 37.65841603082921,37.24409104058955,0 37.65858797628186,37.24408097190209,0 37.65874603583386,37.24409903217595,0 37.65898202141771,37.2441689865167,0 37.65923996331012,37.24422700868042,0 37.65948403643002,37.24427999741557,0 37.6597270083109,37.24430398530837,0 37.65991397852388,37.24430496853602,0 37.6608370124299,37.24426300599199,0 37.66149602942637,37.24413201783318,0 37.66237402872001,37.24375401735176,0 37.66325196074069,37.24320002299719,0 37.66369097532326,37.24308400769242,0 37.66424003019743,37.2431570311218,0 37.66469697300943,37.24346302468187,0 37.66522801089241,37.24357900961726,0 37.66612402561049,37.24346304382451,0 37.66663601581396,37.24341898130624,0 37.66755103019865,37.24328795910574,0 37.66813596315275,37.24325097291363,0 37.66925198508473,37.24319297971785,0 37.66998403555054,37.24293097271803,0 37.67067900848221,37.24223199153803,0 37.67078901007054,37.24144601406813,0 37.67102704485741,37.24137299810822,0 37.67181296819369,37.24173703824346,0 37.67250798883029,37.24191204056838,0 37.67340496034907,37.24207201981756,0 37.67387997375859,37.24229004346626,0 37.67426401688078,37.24282897878778,0 37.6746300192786,37.24295996130525,0 37.67505103083911,37.24280000355392,0 37.67550797197923,37.24231900788128,0 37.67607495562406,37.24204298978892,0 37.67653300900502,37.2420280332536,0 37.67689902402811,37.24231895719858,0 37.67713598801835,37.24287303167311,0 37.67731903139575,37.24336803627386,0 37.67772202395753,37.24355696691453,0 37.67827103268461,37.24351404216274,0 37.67870998623015,37.24323703262909,0 37.67944098888576,37.24261102019843,0 37.67984399557653,37.24231901757554,0 37.68033799845894,37.24226100366508,0 37.68106896378439,37.24242102746712,0 37.6816360288166,37.24275602946352,0 37.6818930112031,37.24294602876266,0 37.68236797735907,37.24307697068706,0 37.68288000688766,37.24296002702217,0 37.6834840212998,37.24258198155331,0 37.68416100573941,37.24239203840701,0 37.68536800074003,37.24250903751447,0 37.68637399244344,37.24294599156144,0 37.68776498317678,37.24322200505893,0 37.689228002814,37.24322204448988,0 37.69003300597632,37.24303303488745,0 37.69164302670814,37.24275601517796,0 37.6943319731174,37.24228998178951,0 37.69520998406274,37.24214503830724,0 37.69680096585198,37.241912015115,0 37.69826497954849,37.24196996005307,0 37.69906904684002,37.24218802694304,0 37.69956299403505,37.24259599096001,0 37.70002097554082,37.24314900774313,0 37.70062400326681,37.24364497103328,0 37.70164903285578,37.24368800252773,0 37.70344100013475,37.24333900157297,0 37.70462403090354,37.24299703068625,0 37.70479802785963,37.24300002176891,0 37.70502803201292,37.24293903851854,0 37.7053000122629,37.24290096824812,0 37.70550098381327,37.24287996066034,0 37.70590798152809,37.24288896469715,0 37.70634200757817,37.24313195844777,0 37.70634795677591,37.24323495976426,0 37.70621599418787,37.24395000419236,0 37.70617601016696,37.24423398112314,0 37.70957896583766,37.24547203859607,0 37.71122501039633,37.24593801047372,0 37.7126519890754,37.24585096276027,0 37.7136759600471,37.24605502475827,0 37.71433496910618,37.24647702599702,0 37.71444501390366,37.24716099860594,0 37.71433502495998,37.24813696531227,0 37.71446296069356,37.24867902449056,0 37.71486497611934,37.24915998227889,0 37.71542301606052,37.24953099430058,0 37.71639301731112,37.24983700898476,0 37.7177919819795,37.25198100709535,0 37.72000600196073,37.25382497194553,0 37.72165199919118,37.25563002809413,0 37.72238395723215,37.2569020198819,0 37.72296903155988,37.25828004403431,0 37.72351801001617,37.26025999105315,0 37.723957001359,37.26092997057729,0 37.7246150247398,37.26154097852873,0 37.72615203584503,37.26209501314725,0 37.72714001964462,37.26235697133601,0 37.72872804313904,37.26224502814686,0 37.72894696630486,37.26226300684924,0 37.72913097407701,37.26228302681338,0 37.72926997355061,37.26231100252698,0 37.7294049849509,37.26237598266223,0 37.72953603030891,37.26248301212604,0 37.72963200359888,37.26250801148964,0 37.72977401109539,37.26251702037569,0 37.72989703148357,37.26250900420355,0 37.72999595485648,37.26247602032957,0 37.73013699072661,37.26240601504882,0 37.73028202351811,37.26234000626594,0 37.7304079795969,37.26230996031121,0 37.73060199712632,37.26229603949275,0 37.73083901714987,37.2622799579365,0 37.73101897240938,37.26225696157613,0 37.73124402638844,37.26222997095129,0 37.73141298940881,37.26219803266272,0 37.73150602292339,37.26218802186177,0 37.73162196786458,37.26220804169504,0 37.73177899765488,37.26225999113096,0 37.73187503094353,37.26231598704559,0 37.73198402711711,37.26239801480585,0 37.73205700273972,37.26245002169859,0 37.73214200806186,37.26246301604262,0 37.73227900465955,37.26244001488161,0 37.73239998275983,37.26242400680888,0 37.73246397462744,37.26243703730559,0 37.73260998771082,37.2624220139712,0 37.73292895588206,37.26239103174652,0 37.7332249719566,37.26238498560042,0 37.7336030391989,37.26240098548707,0 37.73398102802903,37.26244600070476,0 37.73413000676063,37.26245895641752,0 37.73432197913659,37.2624410052731,0 37.73471897085755,37.26237400168599,0 37.73489703950627,37.26236202024769,0 37.73517202816709,37.26239196152375,0 37.73537499006382,37.26239502305122,0 37.7354839905379,37.26239603845928,0 37.73576897383624,37.26235500419851,0 37.73592400131184,37.26235200895433,0 37.73603298126624,37.26233995795525,0 37.73622603393491,37.26243796022521,0 37.73637003073375,37.2625659684067,0 37.73647399636724,37.26270402438987,0 37.73651002182336,37.26280297844296,0 37.73653896840213,37.26294997487416,0 37.73662196252888,37.26310203524827,0 37.73669095743086,37.26326799872113,0 37.73679200690786,37.26344097041066,0 37.73684200865014,37.26352899547636,0 37.73690900503006,37.26361199529062,0 37.73701096191882,37.26370700853632,0 37.73710998726009,37.26380801085786,0 37.7372320122705,37.26396301244134,0 37.73733897836581,37.26409796039265,0 37.73742197543208,37.26425002010442,0 37.73752196037732,37.26442102469139,0 37.73761598817153,37.26461203080984,0 37.73768395861451,37.26470898297683,0 37.73783599640084,37.26486696768262,0 37.73796195941024,37.26500704257709,0 37.73807101349156,37.26507897150785,0 37.7381890277442,37.26512004161554,0 37.73842898457312,37.26519500372115,0 37.73869203165724,37.26525097327414,0 37.73972699987564,37.26546599751207,0 37.73999403044203,37.2654929803315,0 37.74033795850822,37.2655400073146,0 37.74074995675967,37.26557098392387,0 37.74095204077351,37.26557999663474,0 37.7415119610463,37.26560600086427,0 37.74192002486445,37.26589402690929,0 37.74215802320855,37.26603704390578,0 37.7424319923783,37.26625198001395,0 37.74264097789905,37.26640299274236,0 37.742760983083,37.26650196949965,0 37.74301998193732,37.26661196543058,0 37.74338496744807,37.26671697520242,0 37.74406797739119,37.26695498691794,0 37.75008899344717,37.26910202092144,0 37.75024197680886,37.26921501078447,0 37.75037996514155,37.26935101930196,0 37.75050902259194,37.26953104305522,0 37.75062396698549,37.26971199705699,0 37.75062798221472,37.2697809622728,0 37.75065198736903,37.26990198653218,0 37.75069203628906,37.26998898144907,0 37.75081402888092,37.27016902014596,0 37.75096601501699,37.27031103815732,0 37.75111300361698,37.27041798741049,0 37.75127898780051,37.27055403104702,0 37.75145296701879,37.27068995612385,0 37.75162599258865,37.27084896420779,0 37.75175500887868,37.2710470092687,0 37.7518340403705,37.2712269619777,0 37.75192802543812,37.27137803745963,0 37.75209801463602,37.2714340029063,0 37.75233200718571,37.27151497168226,0 37.75250004439274,37.27159898969999,0 37.75266399359763,37.27162701950661,0 37.75281496975306,37.27162496375,0 37.75302495654961,37.27157301336191,0 37.75321504286393,37.27148098864775,0 37.75347299496262,37.27130397458321,0 37.75355697583242,37.2711799996323,0 37.75373397422079,37.27105302463438,0 37.75378902281263,37.27112898324005,0 37.75411601987405,37.2710060020969,0 37.75440100533923,37.27087598315415,0 37.75471395730806,37.27076897841071,0 37.75496004544839,37.270718021836,0 37.75520801682084,37.27061603352048,0 37.75543403858013,37.27052995990852,0 37.75557797084991,37.27050502697407,0 37.75578697486679,37.27047101926383,0 37.75600404449155,37.27044797382128,0 37.75631299421775,37.27042104192511,0 37.7566230335603,37.27038895686503,0 37.75697599194568,37.27034704258659,0 37.75721400672038,37.27031296205188,0 37.7575389733835,37.27025902620731,0 37.75783404047041,37.27024301934548,0 37.75809202544222,37.27024396308453,0 37.75823298164487,37.27031098462225,0 37.75848299451946,37.27032898607108,0 37.75863899305194,37.27036703773648,0 37.7587659987044,37.27042200971816,0 37.75891297713673,37.2705120091731,0 37.75908896932075,37.2706140108919,0 37.7592290445813,37.27070303053467,0 37.75933501191223,37.27072902908846,0 37.75951900094319,37.27080297803814,0 37.75971598785335,37.27088799682156,0 37.75984202200119,37.27097704430913,0 37.75992404663734,37.27107701847915,0 37.75998903191559,37.27125600229411,0 37.76002695331349,37.27137096057902,0 37.7601009825181,37.27151097177492,0 37.7602290215729,37.27171397874788,0 37.76027401388201,37.27185298110841,0 37.760342004499,37.27211301869594,0 37.76037995995674,37.27242901267885,0 37.76043802632567,37.27277399209344,0 37.7604860232167,37.27300999833877,0 37.76052399407683,37.27314297690997,0 37.7605929541001,37.27321295755591,0 37.76075495787338,37.27329696334355,0 37.76104004472934,37.27333903812359,0 37.76143995705507,37.27338399886356,0 37.76196899429694,37.27341496166704,0 37.76232798871933,37.27342403386506,0 37.76260695842709,37.27344303763901,0 37.76315801386505,37.2734689805635,0 37.76363002624944,37.27351502281005,0 37.76383497399421,37.27357801893038,0 37.76402504455298,37.27366899126809,0 37.76429198600943,37.27383000398815,0 37.76450801097238,37.27398501650698,0 37.76464400675281,37.27407003530858,0 37.76480203869633,37.27413102649265,0 37.7650409775913,37.27418396288546,0 37.76522595511559,37.2742159859704,0 37.76542702023279,37.27425596900238,0 37.76592803583645,37.27434500295897,0 37.76607504193728,37.27434001550238,0 37.76634999388859,37.27435402426904,0 37.76661203894332,37.27435299582153,0 37.7668320260619,37.27435899397535,0 37.76711197838176,37.27438400949852,0 37.76719400106777,37.27438395592553,0 37.76733203509073,37.27439297873504,0 37.76824402437237,37.27392601119406,0 37.76901204053297,37.27270399270944,0 37.76960597293333,37.27149898990223,0 37.77023296419416,37.27081297495413,0 37.77114301835739,37.26925396843902,0 37.77171900099356,37.26920596881098,0 37.77184101770432,37.26913502765895,0 37.77198102300722,37.2690579601386,0 37.77229599820942,37.26899899732003,0 37.77269800157006,37.26899901378695,0 37.77402702417772,37.26905001708111,0 37.77925098802874,37.27074000888548,0 37.78210803993115,37.27077595791425,0 37.78256602199517,37.27081096175734,0 37.7828309622293,37.27081102599686,0 37.78305296740902,37.27082804593637,0 37.78364699503193,37.27085099377614,0 37.78410503717784,37.27085697559387,0 37.78433400261007,37.27083397007573,0 37.78473496709287,37.27076601802694,0 37.78667402961477,37.27054798011967,0 37.78989902580201,37.27052799431934,0 37.79205502259679,37.27138096898264,0 37.7923840192085,37.27134102376734,0 37.79257003212188,37.27129504415225,0 37.79284200101208,37.27121496135525,0 37.79300600511672,37.27118201927473,0 37.79320701525805,37.27114103770233,0 37.79373703440843,37.27099802138324,0 37.79420899465016,37.27088904226404,0 37.79465999078629,37.27079804176058,0 37.79508995826379,37.27068302820477,0 37.79516899944635,37.27063199928892,0 37.79526902207337,37.27060299852157,0 37.79537598249798,37.27059200366047,0 37.79555499406509,37.27059199154246,0 37.7957559952293,37.2705859678861,0 37.79607004589577,37.27056300000459,0 37.79622798197783,37.27054095933919,0 37.79634998379731,37.27052901547186,0 37.79647803438127,37.2705289637263,0 37.79661399634919,37.27054095689162,0 37.79672203885827,37.27055202238313,0 37.79680000835923,37.27054597277427,0 37.7968719665596,37.27050604331877,0 37.79691501834944,37.27045501821274,0 37.7969509734343,37.27043798181695,0 37.79716497152396,37.27056403989659,0 37.79725797859852,37.27059200387369,0 37.79738700891014,37.27059797334177,0 37.79769500830801,37.27060996593396,0 37.79810303397409,37.27064395659809,0 37.79824596607035,37.27064403720401,0 37.79838202197565,37.27065602690332,0 37.79852498302751,37.27067295847256,0 37.79863197619053,37.2706789911968,0 37.79876101229259,37.27064999700643,0 37.79886097996737,37.27065001003551,0 37.79901897621205,37.27065004091935,0 37.79917604063383,37.27064999656677,0 37.79925503534082,37.27064401984675,0 37.79941198490756,37.27060396699825,0 37.79960502259363,37.27057598169853,0 37.79974104029539,37.27055904542598,0 37.79985602177854,37.27055297150492,0 37.79998501378711,37.27053001373173,0 37.80125497604176,37.2703759779185,0 37.80232204295326,37.27033197864734,0 37.80434199954795,37.27024497132101,0 37.8046999637813,37.27022698774992,0 37.80521502050046,37.27017903342431,0 37.80561696159089,37.27051495889567,0 37.80594700792236,37.2707880011708,0 37.80604701722635,37.27070798951115,0 37.80613304405511,37.2706499979445,0 37.80630497128745,37.27058700060337,0 37.80642599963382,37.27054604526153,0 37.80659797576949,37.27045403170095,0 37.8068409743379,37.27043103784436,0 37.80703503389678,37.27040698979975,0 37.80727798191874,37.27034299672513,0 37.8076359844559,37.27024498572059,0 37.80787204228875,37.27020398456123,0 37.80803698959194,37.27027697719107,0 37.80808700991313,37.27022602182491,0 37.80815802148552,37.27017402499354,0 37.80831603898933,37.27010501911683,0 37.80849395557827,37.27003598013062,0 37.8086449817816,37.26997798449435,0 37.80883801840984,37.26995403833225,0 37.80906700716682,37.26994801477294,0 37.80921002152283,37.26993600674693,0 37.80931801833326,37.26991795628329,0 37.8094039671649,37.26988402263925,0 37.80941104171928,37.26986102659556,0 37.80946799383801,37.2698199666944,0 37.80972597545308,37.26975096299569,0 37.81028401174921,37.26957203112861,0 37.81150697476318,37.26922396699245,0 37.8118220410218,37.26914300096119,0 37.81248000445814,37.26883096852364,0 37.81888095568201,37.26560497122563,0 37.81979096943428,37.26523603989484,0 37.82273604550751,37.26514800836644,0 37.82479996383066,37.26488597455092,0 37.82591900024983,37.2653229581035,0 37.8272079648554,37.26692296452276,0 37.82732799744516,37.26698004306974,0 37.82779595679975,37.26725098534086,0 37.82793703945303,37.26737099523273,0 37.82805403590337,37.26741397189822,0 37.82826296931985,37.26742498172074,0 37.82844396861782,37.26749598604473,0 37.82881896002883,37.26763301550716,0 37.82908203630799,37.26779096660189,0 37.82920901988152,37.2677970239961,0 37.82932204258986,37.26784096262509,0 37.82940500789238,37.26778795670909,0 37.82955201404059,37.26777604263702,0 37.82970096448338,37.26773301034806,0 37.82988497552504,37.26767096426472,0 37.83030296908373,37.2674600418642,0 37.83040603925949,37.267404021576,0 37.83055303775484,37.26731497250032,0 37.830793966653,37.26731097548436,0 37.83093101717422,37.26729497850057,0 37.83105800605326,37.26730896371389,0 37.83112197826305,37.26732797793181,0 37.83141098228795,37.26737000247147,0 37.83217598745208,37.26735798177148,0 37.83283203157422,37.26736602591934,0 37.83307097058081,37.26737196697437,0 37.83353796004164,37.26741798812167,0 37.83400698512028,37.26749803685729,0 37.83434496182971,37.26757696083909,0 37.83440296508695,37.26759903971166,0 37.83460196960894,37.2676300168968,0 37.83527496026962,37.26772699268291,0 37.83567997187806,37.26785902920734,0 37.83583603005138,37.26794797955612,0 37.83604697906543,37.26810699382838,0 37.83613298908269,37.26816801552864,0 37.83630801596592,37.26821098544446,0 37.83639595997992,37.26827504005851,0 37.83559595357487,37.27187398544745,0 37.8354589576747,37.27345104111506,0 37.83579700948427,37.27399897911981,0 37.83663797603337,37.27430500808144,0 37.83759000371614,37.27405702607328,0 37.84186300469731,37.2712400135015,0 37.85008804367834,37.28065598533121,0 37.8519950245689,37.28411301286732,0 37.85461703539737,37.29436400259598,0 37.8575049870658,37.30217698972818,0 37.85866996025912,37.30532997644852,0 37.8605770046014,37.31438897542144,0 37.86200796591722,37.31689301002385,0 37.86510695840285,37.31832295691564,0 37.86952500766589,37.31891199672683,0 37.87404703603931,37.31951499177906,0 37.88012598019547,37.32070698353598,0 37.8850129968305,37.32285298168551,0 37.88739698110508,37.32476003706631,0 37.88847004305318,37.32678601590315,0 37.88763501214405,37.3291699942399,0 37.8846550062001,37.33179198745923,0 37.87655003249658,37.33381898213383,0 37.87368900423968,37.33608297986206,0 37.87261595950535,37.33930196140931,0 37.87049099905266,37.34068198077921,0 37.86956697826736,37.34118002109688,0 37.86837603978844,37.34181896444751,0 37.86825703822839,37.34217397747874,0 37.8684049734542,37.34257703662945,0 37.86849501292122,37.34307400052597,0 37.86846497623797,37.34347698744538,0 37.86837600013914,37.34371402596659,0 37.86795897336611,37.34385604536422,0 37.86742199597746,37.34402203495218,0 37.86688602550862,37.34411600880587,0 37.86620102895773,37.34411600748759,0 37.86533702120289,37.34409296453097,0 37.86495001769942,37.34397399840509,0 37.86432496809427,37.34387995866371,0 37.86393703301426,37.34399798727745,0 37.86369897963412,37.3442109700777,0 37.86280498036947,37.34475597172939,0 37.86197103485389,37.34499302320903,0 37.86107802815541,37.34503996901289,0 37.8602140064421,37.3452770310297,0 37.85902202834556,37.34577397749149,0 37.85786102565405,37.3462479884539,0 37.85738399819909,37.34646101814535,0 37.85538804759594,37.34710003866368,0 37.85305001813452,37.34797596377033,0 37.85167904053999,37.34826100399707,0 37.84989197665233,37.34889999589996,0 37.84926701520132,37.34904195827998,0 37.84872999529865,37.34925499063215,0 37.84771795621689,37.34927900758353,0 37.84688403794345,37.34946801505905,0 37.84593002334523,37.34963402191399,0 37.84458995841632,37.35001302173557,0 37.8431300150162,37.35010796199118,0 37.8412540117751,37.35041499007843,0 37.84030001453822,37.35041497138207,0 37.83827503995435,37.35067597301465,0 37.83592200942405,37.35060502726751,0 37.83437304526895,37.35069998028688,0 37.83383600151266,37.35070001942807,0 37.83315104412184,37.35086499417706,0 37.8326149704835,37.35115002611423,0 37.83154298448274,37.35152796835039,0 37.83002402858445,37.3519779668699,0 37.82886199956531,37.3524519816964,0 37.82859395993368,37.35257002383141,0 37.82837002764506,37.35361198548033,0 37.82792300782856,37.35463000139673,0 37.82774502797316,37.35536398200044,0 37.82735804317544,37.35595602655913,0 37.82720901150197,37.35652502106875,0 37.82756597257887,37.35725902338143,0 37.82807197294068,37.3582530264,0 37.82837003954455,37.35889197101025,0 37.82863801615883,37.35948398344211,0 37.82869800276642,37.35993395805344,0 37.82834096108432,37.36064403500313,0 37.82759603585104,37.36133100287797,0 37.82738698948196,37.36227802757315,0 37.82735795987463,37.36315396781067,0 37.82774503154997,37.36431398525384,0 37.82795301942085,37.36554498179529,0 37.82804303849766,37.36604296970174,0 37.82804596958684,37.36787103903879,0 37.8267360163923,37.36735099587574,0 37.82378698365909,37.36694796151586,0 37.82013803992686,37.36696003602538,0 37.81703996242466,37.36738596042181,0 37.81297999003802,37.36848101483658,0 37.81245500117984,37.36959099808441,0 37.81236798677791,37.37021597163422,0 37.81240301105952,37.37109101733045,0 37.81243801461512,37.37193803962758,0 37.8122630291796,37.37224303529771,0 37.81205296667346,37.37240998194867,0 37.81067599531713,37.37155297138736,0 37.8106170346538,37.37131598820998,0 37.81043803648741,37.37106696642619,0 37.81030403909092,37.37081896797339,0 37.81015501536061,37.3705229909942,0 37.80964802949008,37.3701910423731,0 37.80875504014767,37.36993095791324,0 37.80775697064207,37.36978898215217,0 37.80696800285963,37.36978896832593,0 37.80665501457643,37.36971796959659,0 37.80632700992771,37.36957601426617,0 37.8058649808652,37.36958802774696,0 37.80558203742547,37.36967101338765,0 37.80534398381246,37.36980098084828,0 37.80522500824865,37.36987200059784,0 37.80495695568997,37.36994304380826,0 37.8046589934223,37.36999003285159,0 37.80443597958942,37.36995496057691,0 37.8042569711394,37.36986001415489,0 37.80410803747669,37.36973000741683,0 37.80398897900213,37.36961098889604,0 37.80366099510028,37.36945803291089,0 37.80340798137524,37.36918498842736,0 37.80318397921256,37.36898403931017,0 37.80307999963851,37.36881802285431,0 37.80281197801392,37.36868802857982,0 37.80243995611118,37.36860503298104,0 37.80184403372925,37.36858203717106,0 37.80142697502249,37.36858199467981,0 37.80102500937981,37.36862902749201,0 37.80057796723033,37.36866403988726,0 37.80036900394556,37.36860495741983,0 37.8002950372478,37.36847497541454,0 37.80022097715897,37.36834499477946,0 37.80010097529103,37.36815498061436,0 37.79998200913673,37.36790701134359,0 37.79960999390273,37.36782400754539,0 37.79940096971293,37.36784800330627,0 37.79902896875706,37.3678240186549,0 37.79882101383257,37.3676940021605,0 37.79868604605004,37.36757503908126,0 37.7984630208235,37.36750400212913,0 37.79817996767911,37.36748100418574,0 37.79792697799363,37.36751602909994,0 37.79762895932995,37.3676579759037,0 37.79733100510674,37.36766998385015,0 37.79678000698536,37.36750399810267,0 37.79652696804912,37.36729104205961,0 37.79648202345447,37.36701896671376,0 37.79658603644339,37.36666398057027,0 37.79648203785452,37.36630900082626,0 37.79611000599564,37.36609595882921,0 37.79561795956698,37.36588302650605,0 37.79520096853387,37.36572896485215,0 37.79487404695961,37.36532600611955,0 37.79466498334729,37.36518401413939,0 37.79433699817488,37.36495903469659,0 37.79375703210577,37.36503000963553,0 37.79348796967842,37.36507797343763,0 37.79320498380269,37.36503000273274,0 37.79304200071229,37.36481702453707,0 37.79287796431622,37.36446196070694,0 37.79266902144713,37.36440304335873,0 37.79231203377819,37.36434402739892,0 37.79187998288057,37.36429596961397,0 37.79152197382296,37.36419002032378,0 37.79081503827941,37.36389399897472,0 37.79010002397779,37.36363395905234,0 37.78855097817361,37.36301798872574,0 37.78753798980513,37.36311296243151,0 37.78670403775943,37.36334903649004,0 37.78515496714158,37.36370502411629,0 37.78420200551744,37.36394098538066,0 37.78295100970675,37.36408303312694,0 37.78104398055184,37.36453303180771,0 37.78059801496396,37.36519601159659,0 37.78024003091931,37.36578801027889,0 37.78006100152604,37.36638001669396,0 37.77976397739879,37.36685296335021,0 37.77924201507342,37.36766999624897,0 37.77924203529869,37.36793104117562,0 37.77930199070251,37.36823804055834,0 37.77943598876817,37.36846300761224,0 37.77961497017091,37.36871198782195,0 37.77974896231679,37.36917304000708,0 37.77998700234173,37.36987203543281,0 37.78009103135037,37.37071199440884,0 37.78007596694889,37.37109103868675,0 37.77994199315095,37.37201396698504,0 37.77983798870601,37.37229802294462,0 37.77971099566968,37.37255899757542,0 37.77929401029608,37.37303203680486,0 37.77887704574731,37.37386100313329,0 37.77893702552286,37.37422801434027,0 37.77884799282466,37.37474802039298,0 37.77883301904971,37.37500901946694,0 37.77898200952647,37.37519798869251,0 37.77920504316905,37.37528095687914,0 37.77941402381973,37.37531700954767,0 37.77978595764438,37.37538800302462,0 37.77993503975652,37.37543495832413,0 37.78015797359002,37.37549395748988,0 37.78029198221857,37.37569504438598,0 37.78032198926741,37.37588499168685,0 37.78030701193929,37.37625195949045,0 37.78018800979125,37.37653597208391,0 37.78011398767588,37.37676100677095,0 37.78005400820881,37.37693798178082,0 37.77997998412994,37.37722203769087,0 37.7798120263443,37.37694396804263,0 37.77901497137197,37.37694397926626,0 37.77841304151657,37.37695699991276,0 37.77751803093936,37.37691801638307,0 37.77659097041865,37.37668496246326,0 37.77579296395442,37.37652997904557,0 37.77530501290824,37.37643998971442,0 37.77499598413623,37.37637497568557,0 37.77460499101685,37.37624604179796,0 37.77408501587487,37.37593504103366,0 37.77367799256068,37.37575399175291,0 37.77257096193287,37.37546999158309,0 37.77174204602653,37.37535401013072,0 37.77087895804917,37.37524997983738,0 37.77026103646136,37.37522400060168,0 37.76974001470154,37.37522396174435,0 37.76884504082543,37.37513399937696,0 37.76835697516879,37.37508200851631,0 37.76751100130893,37.37495300717917,0 37.76679499814112,37.3749139686165,0 37.76648599377528,37.37490101529608,0 37.7662250228339,37.37492699004287,0 37.76486701446703,37.37475596838809,0 37.76423302558886,37.37450501536763,0 37.76293597982548,37.37397803206026,0 37.76074599470199,37.37393199980907,0 37.75688503992522,37.37425300343289,0 37.75492601859987,37.3743440015006,0 37.75267803302156,37.37436698426841,0 37.74970996466176,37.37475597249081,0 37.74720303599958,37.37482503403353,0 37.74239001338926,37.37519197952911,0 37.73962396341872,37.37542103817054,0 37.73011502043224,37.37555804262695,0 37.72734799569406,37.37615303219884,0 37.72538900147039,37.37661100766363,0 37.72383299583068,37.37697801230081,0 37.72272298945261,37.37645101204824,0 37.72122497143029,37.3760390424652,0 37.71857399104345,37.37539799997748,0 37.7166140135804,37.37516902995848,0 37.71240697139216,37.37466495824633,0 37.70969802969201,37.37466496371364,0 37.70618296663718,37.37448199523719,0 37.70508796712722,37.37425296383071,0 37.70249403001343,37.37461897199946,0 37.70149303909696,37.37447001287182,0 37.6998789865177,37.37460802883434,0 37.69872595982886,37.37428695882893,0 37.69794798972135,37.37419495742859,0 37.69647903680193,37.37412701529266,0 37.69564300233624,37.37392103196085,0 37.69423100019848,37.37375997273737,0 37.69270398812063,37.37332498651904,0 37.69172399995691,37.37307300788619,0 37.69022303207889,37.37290100821405,0 37.68959198485835,37.37289002332492,0 37.68820795988742,37.37263802051095,0 37.68737299963085,37.37252396590518,0 37.68232996943615,37.37220303726616,0 37.67973597020145,37.37227199582103,0 37.67720095803696,37.3722720275576,0 37.67483800428315,37.37245501482526,0 37.67114904218105,37.37266102900774,0 37.66881497166304,37.37307299734098,0 37.66524195896273,37.37394301462563,0 37.66305202438146,37.37469904334344,0 37.66002597789925,37.37469903529561,0 37.65728802751226,37.37506598592162,0 37.65570402777693,37.37593602490229,0 37.65288000009177,37.37840896343567,0 37.65138097037389,37.38083603348246,0 37.65037301313587,37.38312602174464,0 37.65008403849006,37.38420200618782,0 37.64723199257647,37.38523803557943,0 37.64411899229522,37.38610803857951,0 37.64083401975362,37.38725302115489,0 37.63939395939401,37.38793999556517,0 37.63726095620504,37.38807696550335,0 37.63484097651321,37.38711599717687,0 37.63276600610132,37.38670304165304,0 37.62740597138553,37.38583303884149,0 37.62561898992114,37.38578796821807,0 37.62348698909436,37.38633702092498,0 37.62204600796633,37.38707002460009,0 37.62057597570522,37.38827198250816,0 37.61948104247507,37.38900498708551,0 37.61867497217119,37.38955398555902,0 37.61789695451883,37.39003501250536,0 37.61783903471781,37.39028703333381,0 37.61735496467806,37.39101499079825,0 37.61629404102659,37.39084098925422,0 37.61453799129554,37.38816599374501,0 37.61234301822902,37.38735197355992,0 37.61040403549971,37.38735199864371,0 37.60967197181612,37.38761400756566,0 37.60831900919165,37.38735199670053,0 37.60678199452618,37.38720700244693,0 37.60509904023719,37.3865379933208,0 37.60451403792316,37.38520103232776,0 37.60304995939489,37.38360196346175,0 37.60213603616392,37.38310801873565,0 37.60195299502978,37.38191599106819,0 37.60114802231779,37.38113103619524,0 37.60034296842504,37.3813929847035,0 37.59964799478076,37.38299203355322,0 37.59906303793111,37.38415498668565,0 37.59690397129496,37.38467797599957,0 37.59562399328924,37.38444502036593,0 37.59379400660954,37.38485204366285,0 37.59269695937149,37.3855789730951,0 37.59083102654112,37.3873809912302,0 37.58977002530998,37.38799197697065,0 37.58910100466283,37.38798799523604,0 37.58921704263469,37.38864902090765,0 37.58910699271069,37.3893039834428,0 37.58875901888764,37.38989996747529,0 37.58850296335753,37.3901910422101,0 37.58813698361168,37.39037996530351,0 37.58795400893374,37.39061202543854,0 37.58800897886179,37.3910630130245,0 37.58799099589417,37.39130997814824,0 37.58775296691297,37.39197900374009,0 37.5877890009634,37.39251702151032,0 37.58800896712945,37.39322999796947,0 37.58800898292579,37.39368100187544,0 37.58775302781993,37.39413202034182,0 37.58793604311742,37.3945680406098,0 37.58821199935618,37.39528098504491,0 37.5877709913626,37.39526600292366,0 37.587039016049,37.39512003023444,0 37.58590402296214,37.395134991464,0 37.58465004640661,37.39525903854043,0 37.58410102001793,37.39525900816262,0 37.58322197822986,37.39541901591752,0 37.582088044663,37.39562198760586,0 37.58111801997756,37.39569497907589,0 37.58040401530575,37.39563703323292,0 37.5793049722459,37.39544798058101,0 37.57850002025715,37.39563697082674,0 37.57771296400024,37.39626203342906,0 37.57693502159834,37.39664700436372,0 37.57071199441359,37.39702496488924,0 37.57005299134443,37.39687999029651,0 37.56883302534097,37.3965560170105,0 37.56728438943786,37.39582305083336,0 37.56327058269444,37.39515332516167,0 37.56215689738752,37.39495664636893,0 37.55999140680424,37.39289223166259,0 37.55720728158238,37.38895971994651,0 37.55442315500578,37.38704247545689,0 37.55188649153924,37.38330635347481,0 37.54848363352725,37.37839006624527,0 37.54830576048654,37.37448137747845,0 37.5486099537454,37.37412595870444,0 37.54417999056054,37.37504103554749,0 37.54300902189399,37.37543596218332,0 37.54211197238921,37.37568303605827,0 37.54086697698784,37.37546497688136,0 37.53835997354675,37.37443196097422,0 37.53618200058933,37.37319601017292,0 37.5344979877085,37.37162497147982,0 37.53246595385625,37.37086798365552,0 37.53069099043951,37.37069398936754,0 37.52708504197528,37.37073700822382,0 37.52355197925153,37.37065002809167,0 37.51954398119005,37.37025698899382,0 37.51892103747708,37.37028598803821,0 37.51842696915512,37.37089698431647,0 37.51813396865003,37.37094102661708,0 37.51870599289273,37.37239502567341,0 37.51856001178195,37.37367603828532,0 37.51832199359649,37.37494201181737,0 37.5174979634717,37.37652900654287,0 37.51671002719644,37.37801397659231,0 37.5164899681571,37.37852295681966,0 37.51617899149534,37.37909104561447,0 37.51506099241143,37.37942599349477,0 37.51421900738976,37.3799499662209,0 37.5131379735385,37.38102703496619,0 37.51260704629902,37.38146402226532,0 37.5119289841921,37.38278796678596,0 37.51108597724853,37.38402498550673,0 37.51057301108705,37.38481100729298,0 37.51017002026983,37.38600499967266,0 37.50945598135918,37.38770803929511,0 37.5091489734077,37.38814404414342,0 37.50912203476462,37.38860296662874,0 37.50907604214331,37.38940302463756,0 37.50890203983013,37.39027599515012,0 37.50861798736367,37.39152802748944,0 37.50881000918231,37.39207399713676,0 37.50908495398875,37.39276497910004,0 37.50913997305227,37.39364601919825,0 37.50908499702421,37.39418396653343,0 37.50899303049968,37.39437302326296,0 37.50885600350234,37.39441000615462,0 37.50816498130789,37.39426401157552,0 37.5079719613693,37.39451896661868,0 37.5076240328019,37.39522501349682,0 37.50728909808436,37.39558955111949,0 37.506955981396,37.39595199156506,0 37.50668495807052,37.3962800283789,0 37.50604396528135,37.39679597538871,0 37.5055219595552,37.39739303516986,0 37.50500898077649,37.39800403600216,0 37.50444104189356,37.39873197776753,0 37.50391898924598,37.39956097974892,0 37.50348002381487,37.40054400410158,0 37.50334204195222,37.4011259880623,0 37.50317700693758,37.40161297665693,0 37.50303102163709,37.40207899849458,0 37.50306798081304,37.40254404465263,0 37.50344302640673,37.40311202474611,0 37.50389195649046,37.40370798914486,0 37.50414803086122,37.40442895780297,0 37.50468901791567,37.40529498404307,0 37.50521104101054,37.4060879874594,0 37.50551301551999,37.40629896788456,0 37.50553096557801,37.4064510275491,0 37.50557698060049,37.4065390217181,0 37.50582897195716,37.40680803847014,0 37.506159006569,37.40720104560645,0 37.50626899939437,37.40772499357847,0 37.50619497341712,37.40853198430204,0 37.5062320437013,37.40903397392774,0 37.50653398481818,37.40968902047958,0 37.50711504580883,37.41026400365489,0 37.50879103202757,37.41292803321468,0 37.50999204253797,37.41571299752237,0 37.51070695440504,37.41747400898121,0 37.50973498745807,37.41832203095019,0 37.50869600153076,37.41918396586896,0 37.50657201065429,37.41901002009953,0 37.50459004024186,37.41901796522362,0 37.50264600224907,37.41870000264596,0 37.5025889927112,37.41932096465633,0</coordinates></LinearRing></outerBoundaryIs>
        </Polygon>
      </MultiGeometry>
    </Placemark>
    <Placemark id="ID_00004">
      <name>{460503BF-0C83-4365-AC2E-CA607C45B043}</name>
      <Snippet></Snippet>
      <description><![CDATA[<html xmlns:fo="http://www.w3.org/1999/XSL/Format" xmlns:msxsl="urn:schemas-microsoft-com:xslt">
<head>
<META http-equiv="Content-Type" content="text/html">
<meta http-equiv="content-type" content="text/html; charset=UTF-8">
</head>
<body style="margin:0px 0px 0px 0px;overflow:auto;background:#FFFFFF;">
<table style="font-family:Arial,Verdana,Times;font-size:12px;text-align:left;width:100%;border-collapse:collapse;padding:3px 3px 3px 3px">
<tr style="text-align:center;font-weight:bold;background:#9CBCE2">
<td>{460503BF-0C83-4365-AC2E-CA607C45B043}</td>
</tr>
<tr>
<td>
<table style="font-family:Arial,Verdana,Times;font-size:12px;text-align:left;width:100%;border-spacing:0px; padding:3px 3px 3px 3px">
<tr>
<td>FID</td>
<td>4</td>
</tr>
<tr bgcolor="#D4E4F3">
<td>ID</td>
<td>{460503BF-0C83-4365-AC2E-CA607C45B043}</td>
</tr>
<tr>
<td>AD</td>
<td>KARKAMIŞ</td>
</tr>
<tr bgcolor="#D4E4F3">
<td>KIMLIKNO</td>
<td>1956</td>
</tr>
<tr>
<td>ILID</td>
<td>{FFB0E469-39AF-48CD-826C-9FA775F95571}</td>
</tr>
</table>
</td>
</tr>
</table>
</body>
</html>
]]></description>
      <styleUrl>#PolyStyle00</styleUrl>
      <MultiGeometry>
        <Polygon>
          <extrude>0</extrude><altitudeMode>clampToGround</altitudeMode>
          <outerBoundaryIs><LinearRing><coordinates> 37.97726002757175,36.96035901717016,0 37.97705495658568,36.96033999515904,0 37.97697701768966,36.96025199316605,0 37.97692898246959,36.95995596548057,0 37.9768660021766,36.95972299469544,0 37.97630604218916,36.95899800003669,0 37.97581800415679,36.9585829599594,0 37.97547095448727,36.95846303091302,0 37.97502895459795,36.95850697138068,0 37.974667036346,36.95853200610508,0 37.97450498224822,36.95855398557502,0 37.97430904411564,36.95845803148575,0 37.97403197294047,36.95787403074365,0 37.97385903190966,36.95752096534735,0 37.97393303601871,36.95717704081488,0 37.97374798469581,36.95677803946668,0 37.97351197000663,36.95668995965339,0 37.97332299324358,36.95670202246449,0 37.97223504398173,36.95724401263223,0 37.97157300391716,36.9573450324522,0 37.97105198773306,36.9575459834647,0 37.97056303939264,36.95797798644689,0 37.96990198243181,36.95829002227848,0 37.96955599461432,36.95828999668446,0 37.96941303752573,36.95815098321243,0 37.96904996012226,36.95750901265896,0 37.96875100449211,36.95730698490527,0 37.96844000125702,36.95728799296818,0 37.96824601372043,36.95730697885593,0 37.96805000053448,36.95767896658271,0 37.9675999979537,36.95803804292402,0 37.96725297148615,36.95813796101018,0 37.96697104078454,36.95803603117746,0 37.96694503456288,36.95777396683386,0 37.96666997266333,36.95734499637126,0 37.9661020417414,36.95697899879442,0 37.96573898729952,36.95673999806144,0 37.96548702797159,36.95645995769265,0 37.96458299082463,36.95645599987363,0 37.96450201741527,36.95645103159283,0 37.96444701780044,36.95645500590341,0 37.96453000223997,36.95632197895346,0 37.96456600828679,36.95624199484054,0 37.96461104112142,36.95617096172372,0 37.96462900547724,36.95607001037887,0 37.96462204176183,36.95599001576361,0 37.96458701172511,36.95591697423193,0 37.96453700280751,36.95581597572786,0 37.9645629907113,36.95575697275206,0 37.96456200636807,36.95564299748026,0 37.96450998127405,36.95553203007808,0 37.96440495998252,36.95538400194805,0 37.96432603845537,36.95529303357733,0 37.96431897746737,36.95518402482984,0 37.96436098808014,36.95503500589572,0 37.96437500769101,36.95490303017242,0 37.96435298779752,36.95473803942354,0 37.96434495551166,36.95456596824422,0 37.96435901351089,36.9543490169044,0 37.96436501918462,36.95412498947584,0 37.96434302343523,36.95391404128806,0 37.96432102954577,36.95371399624916,0 37.96423497550516,36.9535940399866,0 37.96413398370724,36.95349100093603,0 37.96402701726037,36.95345095896925,0 37.96394801022998,36.95337098499142,0 37.9638979769929,36.95325097308145,0 37.96390396664827,36.95310200872827,0 37.96385595941354,36.95308604273763,0 37.96385302717359,36.95302598673833,0 37.9638799783601,36.95293596926298,0 37.96389295826136,36.95281401390402,0 37.96393199897116,36.95257096699348,0 37.96398799318472,36.95230303846615,0 37.96402503425332,36.95201100436471,0 37.96408103890044,36.95196700374406,0 37.96412004304237,36.95170097974398,0 37.96415602252717,36.9514650116314,0 37.96415099075784,36.95119701248508,0 37.96415404339126,36.95101304373824,0 37.96414903688863,36.95086498202447,0 37.96415504243752,36.95069502180472,0 37.96416998234861,36.95049797018963,0 37.96420196994242,36.95023999140099,0 37.96423395691106,36.94996399016636,0 37.96426495447973,36.94975396684379,0 37.96428301757223,36.94957398501468,0 37.96431700374873,36.9493649942499,0 37.96434398079404,36.94922199092034,0 37.96439502404014,36.94903902989003,0 37.96440997933244,36.94897597414975,0 37.9644339711443,36.94887897724313,0 37.96446704517321,36.94873902718632,0 37.96448997644011,36.94862600744577,0 37.96452100438084,36.94852898417776,0 37.96455401974843,36.94837596870224,0 37.96457803796167,36.94824400756785,0 37.96460398835558,36.9481440041999,0 37.96466202667738,36.94796300034776,0 37.96469800149137,36.94774496531242,0 37.96476602555764,36.94753099464327,0 37.96483095759103,36.94727598494143,0 37.96490001355664,36.94697603101507,0 37.9649959916476,36.94697795607665,0 37.96510902821969,36.94631403307901,0 37.96502303350506,36.9463150060537,0 37.96502702695076,36.94622897294737,0 37.9650619528349,36.94592697019551,0 37.96510099268487,36.94550396944413,0 37.96769401192402,36.94504803641227,0 37.96729995918958,36.94269102177775,0 37.96769402731878,36.94254004116002,0 37.96824604249744,36.94216197280677,0 37.96834700485553,36.94117402293862,0 37.9687660283532,36.93983098547982,0 37.96844902216052,36.93972702605466,0 37.96845598851582,36.93958399312788,0 37.96849702132083,36.93930396562343,0 37.96852499612883,36.9391210248631,0 37.96856702079636,36.93885801229622,0 37.96860900949427,36.93857202176055,0 37.96867202934834,36.93824702391761,0 37.9687419575405,36.9379890452269,0 37.96870302825265,36.93788299841181,0 37.96609795684395,36.93827102557157,0 37.96591603600486,36.93841902863875,0 37.96591202362377,36.93840701973711,0 37.96583204582305,36.93840401859759,0 37.96528301420575,36.93845798410057,0 37.96516197638083,36.93846404275312,0 37.9649839733928,36.93849798772024,0 37.96487000656001,36.93852699679735,0 37.96469197827047,36.9385779731803,0 37.96452104301505,36.93862396503571,0 37.96433696657503,36.93869901056613,0 37.96417301599642,36.93877903932199,0 37.96400196352075,36.93887098949804,0 37.96388202403477,36.93897398911125,0 37.96369698448576,36.93914501898433,0 37.96357602334839,36.9392659675697,0 37.963426969804,36.93930600921816,0 37.96336296153483,36.93931202384262,0 37.96324201672503,36.93932898313409,0 37.96297101445194,36.93930003195813,0 37.96216604249535,36.93918700193259,0 37.96189502168517,36.93915002929253,0 37.96153696326644,36.93910196825698,0 37.96140299328175,36.93908399595892,0 37.96092501964678,36.93900998031948,0 37.96049800344939,36.93895899990899,0 37.96007800161134,36.9389360170072,0 37.95963602629942,36.93894799876239,0 37.9595180077898,36.93893102325625,0 37.95936202964937,36.93891404344051,0 37.95916197192745,36.93885696993986,0 37.95898404410761,36.93879998142368,0 37.95886299845857,36.93876602376068,0 37.95873504419021,36.93876597256596,0 37.95825597515979,36.93877198244365,0 37.95788702978939,36.93886998161474,0 37.95707900359905,36.93872398549225,0 37.95596703818422,36.93875600712914,0 37.95567299362181,36.93888304349667,0 37.95543098165327,36.93899201051844,0 37.9552100445261,36.93906701844303,0 37.95499000085687,36.93911903175332,0 37.95425697905906,36.9391400210134,0 37.95312203581548,36.93890701373624,0 37.95279102081168,36.93888803862342,0 37.95220702013634,36.93888196278907,0 37.95186002477595,36.9387809753251,0 37.95155497806831,36.93864397304456,0 37.95145797192783,36.93853599097889,0 37.95134400581723,36.93843099131647,0 37.95119898436691,36.93829901768272,0 37.95100999206157,36.93816001650631,0 37.95084696554289,36.93805897584743,0 37.95070397719882,36.9380030223884,0 37.9502680277195,36.93782996011002,0 37.95007103285904,36.93765297163807,0 37.94981503646846,36.93743495872307,0 37.94932203638605,36.93725003366195,0 37.94912500543506,36.93708602047194,0 37.94901495657412,36.93682199578484,0 37.94881504536787,36.93671200590104,0 37.94870795764464,36.93662599435151,0 37.94867903907551,36.9365520355414,0 37.9486790082948,36.93644903809948,0 37.94865795864551,36.93637504112424,0 37.9486149702467,36.93631203717821,0 37.94854297360642,36.93627699355525,0 37.94837903685605,36.93624895536831,0 37.94798701163334,36.93621501751358,0 37.94785798310628,36.93620902500882,0 37.94765202058461,36.93624304142568,0 37.94747302738835,36.93626003500578,0 37.94722397631109,36.9362889913906,0 37.9470310008818,36.93633495921446,0 37.94682401655785,36.93639800773514,0 37.94670796135072,36.93644704007303,0 37.94647896089371,36.9365800155492,0 37.94617599869415,36.93677899364139,0 37.94610198852902,36.93685400870581,0 37.94602498872118,36.93696800171702,0 37.94590998794988,36.93713497240191,0 37.94568503914413,36.93748198715908,0 37.94552102613288,36.93768400293757,0 37.94531501277645,36.93794203648537,0 37.94500203577204,36.93823903742511,0 37.94481602942022,36.93831904061465,0 37.94463097674763,36.93842200653229,0 37.94430997172677,36.93861100289153,0 37.9441959653179,36.93865702524204,0 37.9440040369625,36.93866800714926,0 37.94382504055857,36.93865597947189,0 37.94363295954582,36.93859901930264,0 37.94340396751577,36.93852500085892,0 37.94319701671746,36.93838195557699,0 37.94295399537966,36.93819300236587,0 37.94276901784584,36.9380620324811,0 37.94224800288479,36.93778697311117,0 37.94184097118752,36.9374210165267,0 37.94186100198007,36.93664896569717,0 37.94192198310608,36.9360860278294,0 37.94175602910413,36.93611703719071,0 37.94132298851014,36.93606103966927,0 37.94073103973627,36.93591599380574,0 37.93935995656205,36.93567004302359,0 37.93816197092722,36.93548099437241,0 37.93503998752706,36.93474397294818,0 37.93456699814165,36.934649042814,0 37.93363698204242,36.93439097094091,0 37.93260400825335,36.93420197205813,0 37.93158701434403,36.93407001620179,0 37.93010503671901,36.93388100059384,0 37.92874903082225,36.93374200396875,0 37.92822896621482,36.93375495667912,0 37.92785097347912,36.93370396372566,0 37.92731502187362,36.93371104302473,0 37.92656600736239,36.93361001718679,0 37.92561195256158,36.93332595965764,0 37.9241380130104,36.93292902829744,0 37.92329397008498,36.93277797731578,0 37.9225849733811,36.93258895870004,0 37.9209060055519,36.93193397940067,0 37.91956501804945,36.93145797396919,0 37.91935601283324,36.93186902313604,0 37.91919197131195,36.93221996078513,0 37.9189429904475,36.93279800335353,0 37.91855896794942,36.93368398054587,0 37.91833001424193,36.93423403361009,0 37.91804703778109,36.93478604009137,0 37.91787499909788,36.93517297015671,0 37.91771900106879,36.9355350404274,0 37.917582018137,36.93582101811565,0 37.91755799061247,36.93585600898899,0 37.91722897903841,36.93628196892976,0 37.91696303716678,36.93663499941201,0 37.91676801430963,36.93689199538479,0 37.91672603188768,36.93693097165597,0 37.9167459687958,36.93698399598891,0 37.91676800231149,36.93704302464128,0 37.9168229716384,36.93712702386823,0 37.91686996256858,36.93721403492026,0 37.91691503244525,36.93739803817092,0 37.91693196332632,36.93762295650775,0 37.91694702702735,36.93781402293403,0 37.91697704356245,36.93818795710051,0 37.91692299967799,36.93845502270246,0 37.91685698331101,36.93880599608135,0 37.91682595872852,36.93898302829209,0 37.91681703317219,36.93921800600848,0 37.91682498910951,36.93933601557578,0 37.91684598353879,36.93954203478645,0 37.91684396668753,36.93978302830561,0 37.91682204351842,36.93998703755866,0 37.91672601067616,36.94051097152547,0 37.91674896540952,36.94089502105412,0 37.9169470017553,36.94151900836095,0 37.91696195463773,36.94180902058267,0 37.91604003070022,36.94172000255152,0 37.91585103812719,36.94163798567986,0 37.91570100341464,36.94154398611648,0 37.91538596316727,36.94143102211806,0 37.91414800939332,36.94120398855593,0 37.91410900364136,36.94116595854148,0 37.91417200801736,36.94105302307454,0 37.91412401000043,36.94099603428917,0 37.91287104171096,36.94011996725443,0 37.91272898653864,36.94001898623434,0 37.91191697997619,36.93981101877174,0 37.91143597027527,36.93965097337269,0 37.91111704065906,36.94005999403677,0 37.91092798220566,36.94029003087213,0 37.91066595736922,36.9405309746717,0 37.90883202328138,36.93980595910469,0 37.90643803139709,36.94113402981284,0 37.9053019813523,36.94225002227757,0 37.90504296140847,36.94244900240289,0 37.90489200694648,36.94256298487784,0 37.90478503265167,36.94267698141628,0 37.90466895929738,36.94284203841659,0 37.90462600289475,36.94293896811505,0 37.90454595507705,36.94308199989177,0 37.90423599495634,36.94356700251375,0 37.90393203781565,36.94401802688382,0 37.90390298153631,36.9437359886641,0 37.90387198085977,36.94336098537066,0 37.90388200545528,36.94296396799314,0 37.90388295449458,36.94276399193674,0 37.90386295529691,36.94255200696435,0 37.90380801659548,36.94229399314354,0 37.90372302551401,36.94201898000426,0 37.9035829837484,36.94168600558822,0 37.90351104080702,36.94168598783897,0 37.90315498806163,36.94151300199881,0 37.90295496370659,36.94141501058868,0 37.90256996054025,36.94125798695799,0 37.90239902575063,36.94118295858644,0 37.90220698228039,36.94106699644707,0 37.90202899669658,36.9409690116145,0 37.90185099329292,36.9409000428637,0 37.90158702481398,36.94080703938906,0 37.90121598618672,36.94067898387437,0 37.90090204349999,36.94055704136782,0 37.90051696485533,36.9403780244072,0 37.90036801750589,36.94028596985331,0 37.90010399941023,36.94007897077699,0 37.89981299957326,36.93984798251867,0 37.89975500540859,36.9397720439165,0 37.89956798151404,36.93962301588686,0 37.8993209946465,36.93949396052654,0 37.89899802303154,36.93936602991849,0 37.89874896189622,36.93925403723144,0 37.89853899961962,36.93913195788859,0 37.89832097621549,36.9390170353874,0 37.89812704239342,36.93891398301719,0 37.89787201061633,36.9388149711352,0 37.89766503589843,36.93876096712583,0 37.8974779707234,36.9387219643728,0 37.89734304310615,36.93869095928797,0 37.89704502464132,36.93861696189134,0 37.89675295957815,36.93854404167016,0 37.89640896819575,36.93846798413974,0 37.8962610369186,36.93843898742158,0 37.89603802567379,36.93839902396007,0 37.89586896812562,36.93833197629606,0 37.89575396101912,36.93827902389996,0 37.89555999407376,36.93815199791295,0 37.89537901872987,36.93805603269933,0 37.89526801638514,36.93800400783865,0 37.89510502724689,36.93792397585155,0 37.89498596231081,36.93783801525307,0 37.89487603068252,36.93766098541279,0 37.89478598466633,36.93751301551057,0 37.8946979765982,36.93740997871587,0 37.89460401668327,36.93731703921669,0 37.89452200982443,36.93724697873473,0 37.89446602466219,36.93720696063875,0 37.89438297316196,36.93714700921069,0 37.89423802316686,36.93708498113374,0 37.89408096011855,36.93701602677606,0 37.89387298947015,36.93689904353065,0 37.89371102802227,36.93679304029195,0 37.89364399684216,36.93670697002182,0 37.89358097931338,36.93661101349723,0 37.89351602155978,36.93651896288225,0 37.89347004204977,36.93646797057554,0 37.89338396594025,36.93638301472539,0 37.89321202639865,36.93627401655421,0 37.89293399036173,36.93610903688861,0 37.89269995475299,36.93594497686603,0 37.89249898676017,36.93577399161768,0 37.89237797916739,36.93561299624336,0 37.89226702758459,36.93545796786137,0 37.89218600808597,36.93537896780555,0 37.89192998658839,36.93518299699794,0 37.89173402205432,36.93505698649884,0 37.89158598078316,36.93495202069432,0 37.89145199194823,36.93484998418038,0 37.89131398015811,36.93471998649481,0 37.89117296296928,36.93459201951154,0 37.89115597716787,36.93454903612325,0 37.89103097960899,36.93433502488817,0 37.89083901285819,36.93420201182543,0 37.89050603067739,36.93398599635461,0 37.89035602959128,36.93389899186252,0 37.89015203168651,36.93381104486486,0 37.8899819712386,36.93371399643094,0 37.88956301178309,36.93346897827911,0 37.88920100635244,36.93324702323137,0 37.88897696211291,36.93311199386812,0 37.88870999340291,36.9329519642415,0 37.88847596551109,36.93286998870345,0 37.88813500470751,36.9327840362777,0 37.88789897070875,36.9327220071069,0 37.88776603977394,36.93268501106518,0 37.88757403836219,36.932629039228,0 37.88737003805939,36.93258199887681,0 37.88721003785294,36.93252101298322,0 37.88697003407943,36.93237298575597,0 37.88667497133674,36.93218095720653,0 37.88641502610018,36.93200504126315,0 37.88630502681623,36.93191802755458,0 37.88661497681028,36.93141099145858,0 37.88679095814042,36.93108396818416,0 37.8876570069696,36.92987503028262,0 37.88706503923098,36.92986596645058,0 37.88514401093911,36.92954702167503,0 37.88440496425228,36.92941096614307,0 37.88403100367292,36.92931498234061,0 37.88409696862133,36.92892599820753,0 37.88420500252116,36.92831304438118,0 37.8843130457246,36.92767801323144,0 37.88437402845231,36.92738003159567,0 37.88456298928961,36.92703496289938,0 37.88470304449814,36.92674897286589,0 37.88450995906134,36.92665201137175,0 37.88428695755955,36.92649803242981,0 37.88394204177305,36.92622000836884,0 37.88359701648804,36.92589602718238,0 37.88296696185363,36.92556800419987,0 37.88204298016953,36.92514497195268,0 37.88116995693878,36.92476104470474,0 37.88056800532399,36.92450600593233,0 37.87977401405141,36.92419597174172,0 37.87922301074501,36.92397598481072,0 37.87771702735198,36.9233880270485,0 37.87784297120273,36.92312596846998,0 37.87823103524227,36.92245902868041,0 37.87137096260196,36.9201520196021,0 37.87007802622952,36.91981103161224,0 37.87325796764952,36.91082199269158,0 37.87406096754609,36.90860604209164,0 37.87497396659393,36.90706699725441,0 37.87554404497349,36.90643503930269,0 37.87601704560777,36.90583002371437,0 37.87611904293855,36.90527502437831,0 37.87651404267794,36.90407802012707,0 37.87720401133775,36.90279597177809,0 37.87764800546788,36.9018509584613,0 37.87781398712877,36.90093196676752,0 37.87778302487268,36.90082404991726,0 37.8787630027694,36.90048702576506,0 37.87869696699421,36.89774500515679,0 37.87833500470621,36.89616896084395,0 37.87787701175417,36.89514800311386,0 37.87785804474827,36.89506503786583,0 37.87765701251292,36.89420204084229,0 37.87666897701855,36.89359496771938,0 37.87223997708078,36.8948959968836,0 37.85865596458619,36.89736597233548,0 37.85745100734035,36.89745997632531,0 37.85738802588718,36.89696902818095,0 37.85462396672933,36.89682396990313,0 37.85431296335487,36.89535996288406,0 37.85315095849566,36.89484903692733,0 37.85324896358463,36.89424500332451,0 37.85337098560234,36.89360103526777,0 37.85365996441452,36.8916960160317,0 37.85387803318456,36.88996602221599,0 37.85388703302767,36.88966102543,0 37.85388903400828,36.88938803747038,0 37.85382200418864,36.88893499745011,0 37.85368296355332,36.88891698198794,0 37.85358102838866,36.88894497544473,0 37.85347702250341,36.88896002540675,0 37.8533660099643,36.88897996062013,0 37.85321096729556,36.88903104161801,0 37.85308900627487,36.8890880041136,0 37.85295801714972,36.88916195898908,0 37.85281602006383,36.88919003612497,0 37.85262196286651,36.88920802243491,0 37.85249898277628,36.8891769577806,0 37.85242500840445,36.88913296394939,0 37.85227001267634,36.88909798357508,0 37.85212699237925,36.88909904234211,0 37.85192100742393,36.8891710110942,0 37.85182795577151,36.88919904565569,0 37.8517780435071,36.88922802939982,0 37.8517490305782,36.88926804221563,0 37.85174903164654,36.88931400050395,0 37.85176304342386,36.88935397239568,0 37.8517769654729,36.88939403668172,0 37.85173396837705,36.88944499079395,0 37.85165102163797,36.88956199041048,0 37.85152504511252,36.88960603819107,0 37.85120103399284,36.88969498424176,0 37.85094903554679,36.8896509697944,0 37.85062703086756,36.88959696267841,0 37.85049297025489,36.88947099856121,0 37.85027902513787,36.88901402638095,0 37.85008199089317,36.8887170147262,0 37.85060202163741,36.88867998704389,0 37.85001899195536,36.8877399836283,0 37.85003501920512,36.88743803169051,0 37.84978197582205,36.88698995797352,0 37.84971898546039,36.8868450434032,0 37.84936496348713,36.88663698470712,0 37.84919899245386,36.88649196026766,0 37.84907302042427,36.88623303976247,0 37.84800496081385,36.88605402203249,0 37.84631795446177,36.885687985281,0 37.84576600259209,36.88548596494115,0 37.84469402659136,36.88498202494099,0 37.84374797268152,36.88456596441264,0 37.84316502979032,36.88422500499718,0 37.84214003366541,36.88355702452157,0 37.84065804427891,36.88282501654977,0 37.83904999885989,36.88214396286869,0 37.83852900110141,36.88184203227838,0 37.83739403474862,36.88134999332244,0 37.83622801146384,36.88095899140222,0 37.83558096843192,36.88073198872721,0 37.83476098247385,36.88029101796526,0 37.83362597239162,36.87979903306214,0 37.83256999915595,36.87926896102836,0 37.83165497316486,36.87899200098094,0 37.82895304328807,36.88089900472287,0 37.82852695415921,36.88025700779968,0 37.82796295676882,36.87919701462133,0 37.82641603134685,36.87709301414367,0 37.82531096088545,36.87582198501702,0 37.82475099604391,36.87558898937134,0 37.82427896609115,36.87546295842541,0 37.82325500291465,36.87527402561875,0 37.82255402499139,36.8751289722354,0 37.8218219796091,36.87514804016833,0 37.82087704532442,36.8751350412477,0 37.82054598756836,36.8750470252682,0 37.82018001399418,36.87481698232466,0 37.81987195699751,36.87470401098109,0 37.81922696103658,36.87464098601488,0 37.8183919588052,36.87458996742444,0 37.81791903581546,36.8745270053868,0 37.81632901356267,36.87418104117268,0 37.81509099336642,36.87403396962885,0 37.81252704040213,36.87355801482136,0 37.81238297261888,36.8732669778933,0 37.80893304704283,36.87154104102733,0 37.80852397555804,36.87178003633722,0 37.80797297222571,36.86626102205798,0 37.80803999390035,36.86580401829242,0 37.81165399083201,36.86579799281781,0 37.81251298631657,36.86565900182159,0 37.81202504194585,36.86451900587789,0 37.81286704538583,36.86437396387244,0 37.81283595842223,36.86431099688054,0 37.81362299561543,36.86403999478778,0 37.81377301443779,36.86428597224705,0 37.81476996921521,36.86414585020344,0 37.81443026664179,36.86315030850946,0 37.8138164721007,36.86202792189599,0 37.81324502963469,36.8609395802027,0 37.81250434058137,36.8598511132757,0 37.81182708550962,36.85923892488439,0 37.81102283946445,36.85837156889178,0 37.81017625600956,36.85765723698292,0 37.80947782440981,36.85692595514682,0 37.80955602097264,36.8567669717748,0 37.80822802457594,36.85210595959631,0 37.80114000897502,36.85263299977952,0 37.79389202317856,36.8531420266291,0 37.79392095564813,36.85353701722538,0 37.78886300211868,36.85342798604153,0 37.78788901482779,36.8484760024376,0 37.78420800717628,36.84754599706012,0 37.78463702845536,36.84695803728101,0 37.78484802520482,36.84669398299719,0 37.777455970646,36.84571896430156,0 37.77428203903339,36.84620002975772,0 37.76808401008675,36.8473570335229,0 37.76745401379394,36.84749599229123,0 37.76665899757615,36.84756503662318,0 37.76490198991516,36.84805100499894,0 37.76431996585633,36.84829404003188,0 37.76411003110044,36.84766598264833,0 37.76097802390485,36.84676098584976,0 37.76055797355784,36.84748597643303,0 37.75805000578261,36.84657102491457,0 37.75473201656471,36.84916800958636,0 37.7535120446477,36.83809999158752,0 37.75457600213459,36.83728802067737,0 37.75508397468124,36.83600402175694,0 37.75531295560768,36.83558502294161,0 37.75595097124145,36.83542798829609,0 37.75642598987082,36.8353889782568,0 37.75627803037122,36.83461598304945,0 37.75599997180693,36.83241503142381,0 37.75596802085655,36.83225500599114,0 37.75603428359602,36.83197061053166,0 37.75618001954015,36.83008304012186,0 37.75506703842017,36.830095964146,0 37.75496903481235,36.82853803462375,0 37.75557296249644,36.82859102613125,0 37.75614696644819,36.82386098029831,0 37.75255196165064,36.82127496981416,0 37.74842199876767,36.81830497864247,0 37.74927197815573,36.81747097000977,0 37.75054002040522,36.81096596646565,0 37.75058797146993,36.81096499010814,0 37.75086901903857,36.81095895842414,0 37.75304395626341,36.80780796417072,0 37.75368502953379,36.80805002608651,0 37.75715898717032,36.80400403332511,0 37.75707596976733,36.80389802150021,0 37.75692401363312,36.80365902386581,0 37.75678904072759,36.80342301954757,0 37.75642699419323,36.80286396660131,0 37.75626000414696,36.80260996065775,0 37.75615701823929,36.80245503902793,0 37.75588298187788,36.80201796429179,0 37.75566603511524,36.80170503780214,0 37.7554579881435,36.80137296494391,0 37.755239041273,36.8010369972274,0 37.75512099025479,36.80088599197925,0 37.75496899440494,36.80067303626211,0 37.75468002804311,36.80022103856955,0 37.7544839671925,36.79993997322826,0 37.7544480377501,36.79986399472061,0 37.75438600246455,36.79977803728088,0 37.75432997382176,36.79969199118052,0 37.7542520436696,36.79960203262078,0 37.75417102085452,36.79950202671494,0 37.7540720278765,36.79938002683258,0 37.75392497002691,36.79920097054327,0 37.75368897393884,36.79897600482587,0 37.75348904063374,36.79877204502085,0 37.75323702766028,36.79841195931716,0 37.75299698565644,36.79806602503247,0 37.7527940423732,36.79781903188326,0 37.75259698446847,36.79759096707194,0 37.75241100136992,36.79735003198559,0 37.75226198003722,36.79712098739988,0 37.75214502210406,36.79684704306058,0 37.75205296426342,36.79658697008141,0 37.75201797279028,36.79634101536575,0 37.75197498189718,36.79617799689736,0 37.75190603261066,36.7960560028792,0 37.7518429934229,36.79587696724914,0 37.75175302950987,36.79566002971753,0 37.75166104538257,36.79546799378952,0 37.75154700253407,36.79526501759626,0 37.75140500490838,36.79505596498323,0 37.75117100738734,36.79478797894525,0 37.75102703232012,36.7946299611166,0 37.75065400913315,36.79426696437694,0 37.75043499550126,36.79404399509144,0 37.75212603743605,36.79252503812129,0 37.75322000827037,36.7915599805731,0 37.75412296204145,36.79075795929779,0 37.75527396498042,36.78973103285956,0 37.75580702319105,36.78923499847151,0 37.75625997456643,36.788840986797,0 37.75685000216289,36.788294993239,0 37.75677398904187,36.78745496285842,0 37.7569650401253,36.78675301225194,0 37.75699903709972,36.78590297534985,0 37.75767704441784,36.78294396331136,0 37.76102495896845,36.77929695728557,0 37.76762801252283,36.78056300880704,0 37.7735619616948,36.76893598493901,0 37.77480597413299,36.76670298013084,0 37.77657295648597,36.76352898881567,0 37.77746902781713,36.76192097926273,0 37.77816396633489,36.76067301337841,0 37.78003704200588,36.75730904008842,0 37.78332100339144,36.74943200154968,0 37.78593398978573,36.75056099130278,0 37.78725795989177,36.75136000218043,0 37.79075603022178,36.75484602266916,0 37.79381297176976,36.75839103549784,0 37.7970380444704,36.76165099857144,0 37.7988619792828,36.76278999052914,0 37.80061002126345,36.76348600772197,0 37.82425597927702,36.76789699753445,0 37.82758099266295,36.76882803944957,0 37.82779702077119,36.76888798157002,0 37.82858100802233,36.76917700868335,0 37.86033795745114,36.7810890429289,0 37.86044901277637,36.78087102798944,0 37.8672139623756,36.78346999966576,0 37.86712302347243,36.78367103398976,0 37.8765890286415,36.78711195606909,0 37.87827298762436,36.78752801484836,0 37.87994303495056,36.78791101801416,0 37.88132300150829,36.78809600740857,0 37.90082803483422,36.79079501726704,0 37.90335304598634,36.79157800586973,0 37.90545398640474,36.79292203257283,0 37.92447295946125,36.81041099268692,0 37.92514496116169,36.81075903739247,0 37.92935304099034,36.81291501820792,0 37.93967703336108,36.8179600216135,0 37.94006302700485,36.81814899905987,0 37.94147604273733,36.8186200242685,0 37.94313202330828,36.81894900643199,0 37.96012200603015,36.82029697167779,0 37.96216198667504,36.82046201492984,0 37.96343196134823,36.82067903444858,0 37.96767096413909,36.82217502180851,0 37.96898296513969,36.82264504589651,0 37.9733960449952,36.82432700048707,0 37.98719996923387,36.82965997512898,0 37.99244603467703,36.8316840366051,0 37.99350798181562,36.83193701872794,0 37.99430098118271,36.83192299417522,0 37.99536901965583,36.83191903528537,0 37.99533696599534,36.83124399567397,0 37.99604502381126,36.83109603632915,0 38.00461104217871,36.82926098791455,0 38.00481202029015,36.82985198287897,0 38.00654795853471,36.82944998092229,0 38.00793301421773,36.82912903684728,0 38.00964995416913,36.82855699869059,0 38.01252095946361,36.82625001235048,0 38.01397403232491,36.82562101293127,0 38.01668998530906,36.82517801536818,0 38.01777300431095,36.82528002494738,0 38.01871295684954,36.82556999714308,0 38.0191459937687,36.82609800128927,0 38.02104799449781,36.82743196288231,0 38.02261297808564,36.82852697228614,0 38.02654898393899,36.83129099123698,0 38.02738603214535,36.83187803606652,0 38.0231060396501,36.8368839993469,0 38.02227195508795,36.83908901039558,0 38.02203301315761,36.84171102350579,0 38.02328504354888,36.84612198222278,0 38.0235829579853,36.84737298561764,0 38.02338899907826,36.84966901652609,0 38.02316499175526,36.85231997038836,0 38.02441699642159,36.85780297165097,0 38.02548997998763,36.86072297271234,0 38.02592896574644,36.86147702581439,0 38.0273970005134,36.86400098539352,0 38.03294002606979,36.8696039575668,0 38.03913202200413,36.8756779755824,0 38.0422969731148,36.87878202076188,0 38.04295203056353,36.88158296069648,0 38.04181996731027,36.88438398951055,0 38.04140799604129,36.88485000837543,0 38.03955503771477,36.88694701528789,0 38.03693303201972,36.88927102068553,0 38.02477500315634,36.89725697635154,0 38.01762297652259,36.90494599951216,0 38.01691601163965,36.90613297379672,0 38.01635103572684,36.90707900862735,0 38.01058998227963,36.91674600312506,0 38.00802703800606,36.92163296089144,0 38.00713300172222,36.9265199585094,0 38.00686097096059,36.93136796136412,0 38.00683500172917,36.93182499558453,0 38.007301966352,36.93902403380234,0 38.00098801295737,36.93949403863045,0 37.99924602942509,36.94031303273898,0 37.9987180114287,36.94071003382555,0 37.99829997547382,36.94108202283378,0 37.99798500923198,36.94158600024407,0 37.99794500195743,36.94189404378854,0 37.99785899546447,36.94238002091438,0 37.99792196968533,36.94245501559567,0 37.99806400907931,36.94251200862887,0 37.99856004004113,36.94266901374766,0 37.99869396674588,36.94277696537463,0 37.99894599610714,36.94277695734544,0 37.9990570324801,36.94288403175725,0 37.99905699494798,36.94303496914821,0 37.99901697057236,36.94341303048314,0 37.99908795657565,36.94358899369735,0 37.9992539685939,36.94376597113285,0 37.99985304206717,36.94416300364441,0 38.00008899777085,36.94449000857029,0 38.00011298447621,36.94468496545089,0 38.00001900002347,36.9448300059682,0 37.99979003669596,36.94494398016021,0 37.9993799762302,36.94493097179323,0 37.99914403582741,36.94485600779441,0 37.99856800335788,36.94437703192623,0 37.99819197430777,36.94421701622759,0 37.99791403236699,36.94419997701785,0 37.99773196038334,36.94415600307002,0 37.9976159945912,36.94400197153275,0 37.99743297249307,36.94391097515141,0 37.99728300656547,36.94389799852839,0 37.99703896872058,36.94391697212161,0 37.99666798850198,36.94390401853899,0 37.99591902996924,36.94401798802754,0 37.99583299436296,36.94407404210754,0 37.99585596176703,36.94416295694035,0 37.99611604243807,36.94452804075107,0 37.99633702420793,36.94473599662226,0 37.99636904563808,36.94485602792587,0 37.99633699603638,36.94496902551887,0 37.99619496778104,36.94505098280777,0 37.99610902999029,36.94519597511008,0 37.99614000276867,36.94528998159907,0 37.99621902131967,36.94533397818483,0 37.99639996897287,36.94527804043397,0 37.99652598670467,36.94527799332184,0 37.99657399622259,36.94537198344927,0 37.99648696044658,36.9456309856005,0 37.99639197746354,36.94573098513596,0 37.99616402065646,36.94581997321391,0 37.99602196214494,36.94587597840977,0 37.99584801118234,36.9461220237306,0 37.99562801236072,36.94617897840909,0 37.99536798569498,36.94621002151807,0 37.99520200555245,36.94627904365116,0 37.99515497255,36.94636796293231,0 37.99516302769298,36.94658796985684,0 37.99507596626216,36.94668296926413,0 37.99492597131349,36.9467329783711,0 37.99471302744194,36.94666996379151,0 37.99445298976743,36.94665099405207,0 37.99423197746774,36.94676500336492,0 37.99392496040515,36.94700399973678,0 37.99350696111001,36.94703499011654,0 37.99325498596912,36.94712996272258,0 37.99315203307294,36.94723703166039,0 37.99311297794897,36.94745098169816,0 37.99315696009253,36.9477920356211,0 37.99318796359168,36.94786603794147,0 37.99320802020742,36.94792499460223,0 37.9932000276807,36.94799496498491,0 37.9931779784106,36.94806201719715,0 37.99302601413084,36.948263985736,0 37.99279003369754,36.94847195925839,0 37.99274303841501,36.94856601412145,0 37.99277398106339,36.94873003835604,0 37.99293203888297,36.94900700088487,0 37.99290800923816,36.94918997028987,0 37.99293000403343,36.94930196957988,0 37.99286503371917,36.94941696132394,0 37.99276600509974,36.9495539706846,0 37.99268704558786,36.94965802373812,0 37.9926119552691,36.94974002351184,0 37.99253002788215,36.94981195650289,0 37.99243401217847,36.94989403711233,0 37.99241799526644,36.94985501785388,0 37.9923349739707,36.94988497637225,0 37.99225203894305,36.94990403023863,0 37.99218802359879,36.9499099705228,0 37.99208797902618,36.94990498068439,0 37.99212299554584,36.94986997093941,0 37.9921589738654,36.94984701940965,0 37.9922150268721,36.94983400346462,0 37.99233301232078,36.94979904273097,0 37.99234501292896,36.94975495755273,0 37.99230198717135,36.94970999311108,0 37.99225898073043,36.94967998659607,0 37.9921880353194,36.94965098950023,0 37.99214002490423,36.94963503505426,0 37.99209300188689,36.94962501020746,0 37.99201298631123,36.94962103649758,0 37.99192999266559,36.94961296749059,0 37.99187297334348,36.94959599198216,0 37.99183000091019,36.94957796991169,0 37.99180202019723,36.94955600153995,0 37.9917869697337,36.94951498300959,0 37.99178000145889,36.94947500099053,0 37.99177999746967,36.94941795998706,0 37.99178701327794,36.94937801271627,0 37.99180103511406,36.9493439859785,0 37.9918299958394,36.94930403087312,0 37.99185096643783,36.9492630395094,0 37.99186301671296,36.94922796381894,0 37.99183102704346,36.94920498159268,0 37.99180596942884,36.94918503632954,0 37.99172999239807,36.94916901038674,0 37.99164398879871,36.94915198049339,0 37.99157399021252,36.94914504461422,0 37.99150096200852,36.94913203224052,0 37.99140699087793,36.94912198386573,0 37.99132400348612,36.94910697619889,0 37.99122699398599,36.94909400465205,0 37.99113699284361,36.94908704455506,0 37.99103000387106,36.9490819900989,0 37.99092603099002,36.94907895802078,0 37.99086797662356,36.94907200159135,0 37.99082598432262,36.9490560357694,0 37.99079700873524,36.94903498477488,0 37.99076399396387,36.94900102530021,0 37.99075598952807,36.94893898310209,0 37.99067803561896,36.94875096633459,0 37.99043804423373,36.94849204454054,0 37.98969899772894,36.94844099514848,0 37.98856997962072,36.94832402531346,0 37.988477024748,36.94829602529644,0 37.98836895920409,36.94827801114013,0 37.98828396748024,36.94824996858576,0 37.98821899546508,36.9482440276476,0 37.98814102777671,36.94824398203434,0 37.98804100256516,36.94826097582734,0 37.98795002525107,36.94830899679868,0 37.98789101897504,36.9483580148318,0 37.98780500325271,36.9484259570474,0 37.98771202335609,36.94851095705727,0 37.98767602817761,36.94856896124789,0 37.98766899279326,36.94862602916859,0 37.98765404209245,36.94871702201882,0 37.98764003794157,36.94879096767751,0 37.98759002824572,36.94895103235697,0 37.98753396602154,36.94903496364255,0 37.98752198359126,36.94908697812876,0 37.98750201597414,36.94913101695771,0 37.9874470434591,36.94920699989862,0 37.98738796148515,36.94924601673694,0 37.98730701901638,36.94929900548071,0 37.98722503301373,36.94935102060676,0 37.98716001031432,36.94941798028385,0 37.98712104485787,36.94946503987832,0 37.98710997044476,36.94952704224404,0 37.98707500411794,36.94958899316261,0 37.98704100416797,36.94962398533166,0 37.98700999587738,36.94965297942053,0 37.98695701206017,36.94966296754585,0 37.98690604277367,36.94966499186951,0 37.98686104326437,36.9496579951627,0 37.98681001526897,36.94964704511198,0 37.98675596894848,36.94963398240093,0 37.98671803470829,36.94965300001542,0 37.98671103099367,36.94968997281902,0 37.98670698768454,36.94974104351431,0 37.98671599708511,36.94979198585607,0 37.98675097027446,36.94985501941377,0 37.98679604421049,36.94989697763286,0 37.98685596825459,36.94992598225487,0 37.98690103676855,36.94992495765263,0 37.98700201931919,36.94990902989591,0 37.9877279608102,36.95051702402082,0 37.98773795755383,36.95067004585398,0 37.98774899058369,36.95078096931031,0 37.9877520320804,36.95089797277146,0 37.98772599490714,36.95102204179278,0 37.98770003758256,36.95110997464378,0 37.9876689820782,36.95118699960619,0 37.98764103711495,36.95125901641741,0 37.98759901560009,36.95133099773128,0 37.98713497161699,36.95174697171695,0 37.98709103549395,36.95181303781253,0 37.98702099970583,36.95187602711151,0 37.98676704043761,36.95225198775449,0 37.98662496382598,36.95238998377245,0 37.98621495408975,36.9525479618335,0 37.98600999774578,36.95269304550546,0 37.98588400123602,36.95289403010053,0 37.98577398730998,36.9529759792266,0 37.98561597824537,36.95298195673188,0 37.98473301888387,36.95255400435872,0 37.98433903087706,36.95249102504405,0 37.98412302843063,36.95257096039681,0 37.98397704639217,36.95265504155513,0 37.98383504322145,36.95328504186854,0 37.98387398531993,36.9538329895578,0 37.98377199939313,36.95397103295685,0 37.98342503807411,36.95412902898158,0 37.98333801643363,36.95427997838354,0 37.98337002340089,36.95440001258086,0 37.98372404438948,36.95466398110995,0 37.98389804335406,36.95482795940952,0 37.98390603220791,36.95498597207914,0 37.98365796143543,36.95510798396542,0 37.98343300406589,36.95522501255346,0 37.98338503143114,36.95533196626593,0 37.98344700503726,36.95544699411876,0 37.984748978106,36.95583001268198,0 37.98495400727429,36.95596202236566,0 37.98513501802918,36.95616399837309,0 37.98523802546956,36.9566679819735,0 37.98527698766264,36.95702002674425,0 37.9854110165176,36.95734200548976,0 37.98541101756486,36.957720023581,0 37.98526204368822,36.95824903667923,0 37.98519900869902,36.9583429956,0 37.98505704061584,36.95834302651345,0 37.98475695802652,36.95821702293283,0 37.98433901598843,36.95811001933561,0 37.98400300479324,36.95808400678836,0 37.9838879730457,36.95807998231921,0 37.9837640188514,36.95808899206557,0 37.98361702505381,36.95808802501539,0 37.98353600234552,36.95809199168287,0 37.98343496312111,36.95809899647779,0 37.9833800162351,36.95810496075453,0 37.98331001562467,36.95810901428078,0 37.98324302714253,36.95812202862004,0 37.98317403338906,36.95812200922147,0 37.98311697554254,36.95811800643282,0 37.98305398361945,36.95810301941531,0 37.98299801423538,36.9580660177508,0 37.98287602952885,36.95805102421422,0 37.98277204638477,36.95807303589467,0 37.98270303036634,36.95811500931146,0 37.98267302899123,36.95815804281129,0 37.98264800225922,36.95820000308197,0 37.98260899124279,36.95821696435283,0 37.98257496025572,36.95822600337203,0 37.98253302361185,36.95822300905637,0 37.98250004202026,36.95821896422392,0 37.98247598063537,36.95821603171524,0 37.98242701463074,36.95819197911601,0 37.98240095571762,36.95813699582651,0 37.98232097021909,36.95810598164159,0 37.98225102132594,36.95808696426065,0 37.98214701946478,36.95809401833505,0 37.98207098323739,36.95810096482507,0 37.98198299731342,36.95811495972578,0 37.9819179927755,36.95812595722818,0 37.98184499300361,36.95812501291179,0 37.98173995965531,36.95810297724493,0 37.98165601605715,36.95810500933024,0 37.98160699217242,36.95811799311826,0 37.98155000837188,36.95812399055339,0 37.98149904279278,36.95812997759175,0 37.98138603851697,36.95814700240587,0 37.98128204093427,36.95836500671589,0 37.98125196691093,36.95841597113617,0 37.98117800546416,36.95850299114419,0 37.98111203651396,36.95855897012885,0 37.98080403862575,36.95876704113622,0 37.98043700904667,36.959181010163,0 37.98035799395686,36.95947699379312,0 37.98038998275823,36.9598609660577,0 37.98036596380049,36.95994904518287,0 37.98028004310277,36.96002500064257,0 37.97905003119109,36.96021997073836,0 37.97879803291597,36.96025201641303,0 37.97836396973736,36.96019500227917,0 37.97808798911053,36.96019500607397,0 37.97726002757175,36.96035901717016,0</coordinates></LinearRing></outerBoundaryIs>
        </Polygon>
      </MultiGeometry>
    </Placemark>
    <Placemark id="ID_00005">
      <name>{43FA2512-DB22-41C0-A03E-0A2561941EE6}</name>
      <Snippet></Snippet>
      <description><![CDATA[<html xmlns:fo="http://www.w3.org/1999/XSL/Format" xmlns:msxsl="urn:schemas-microsoft-com:xslt">
<head>
<META http-equiv="Content-Type" content="text/html">
<meta http-equiv="content-type" content="text/html; charset=UTF-8">
</head>
<body style="margin:0px 0px 0px 0px;overflow:auto;background:#FFFFFF;">
<table style="font-family:Arial,Verdana,Times;font-size:12px;text-align:left;width:100%;border-collapse:collapse;padding:3px 3px 3px 3px">
<tr style="text-align:center;font-weight:bold;background:#9CBCE2">
<td>{43FA2512-DB22-41C0-A03E-0A2561941EE6}</td>
</tr>
<tr>
<td>
<table style="font-family:Arial,Verdana,Times;font-size:12px;text-align:left;width:100%;border-spacing:0px; padding:3px 3px 3px 3px">
<tr>
<td>FID</td>
<td>5</td>
</tr>
<tr bgcolor="#D4E4F3">
<td>ID</td>
<td>{43FA2512-DB22-41C0-A03E-0A2561941EE6}</td>
</tr>
<tr>
<td>AD</td>
<td>NURDAĞI</td>
</tr>
<tr bgcolor="#D4E4F3">
<td>KIMLIKNO</td>
<td>1974</td>
</tr>
<tr>
<td>ILID</td>
<td>{FFB0E469-39AF-48CD-826C-9FA775F95571}</td>
</tr>
</table>
</td>
</tr>
</table>
</body>
</html>
]]></description>
      <styleUrl>#PolyStyle00</styleUrl>
      <MultiGeometry>
        <Polygon>
          <extrude>0</extrude><altitudeMode>clampToGround</altitudeMode>
          <outerBoundaryIs><LinearRing><coordinates> 36.91892500337184,37.32760698802917,0 36.91533902032097,37.328604994092,0 36.91255907691547,37.32960397911426,0 36.90565429491735,37.33174299387913,0 36.90054298444144,37.33252701488485,0 36.89426510251659,37.33252696343582,0 36.89632809324573,37.33102999303809,0 36.89704501422983,37.32874799790299,0 36.89453496047815,37.32760700345764,0 36.89193402487873,37.32725102770414,0 36.88744999246957,37.32725122281305,0 36.88476008709206,37.32803502877343,0 36.88332501166969,37.32753604393742,0 36.88207001450866,37.32582388106689,0 36.88256012257175,37.32521102841952,0 36.88380704103642,37.32409597044002,0 36.88409298298702,37.32324897588089,0 36.88406695333366,37.32219496804999,0 36.88406695341688,37.32219487884991,0 36.88352103704498,37.32105896125827,0 36.88362504315315,37.32037202433917,0 36.88231311667627,37.31925695920842,0 36.88027412877686,37.31733496445921,0 36.87871598967896,37.31611697122293,0 36.87848197585787,37.3151039769996,0 36.87848197593738,37.31510388689841,0 36.87965095953862,37.31436100779694,0 36.88107897699434,37.31340999886606,0 36.88131300751102,37.31250103475485,0 36.88115700596334,37.31115799148309,0 36.8811829609304,37.30954702283686,0 36.88069003089782,37.30795595721217,0 36.88037797060942,37.30638598313919,0 36.8794689786199,37.3051460434795,0 36.87778010115977,37.30407202431977,0 36.87723502419308,37.30349299965606,0 36.87539112957974,37.30177800026669,0 36.8742480226711,37.29971201090196,0 36.87668902692139,37.29905095771506,0 36.87764412053948,37.29873603381498,0 36.87753607259452,37.29835698604988,0 36.87713896256923,37.29729698025531,0 36.8770240213836,37.29714102592546,0 36.87690902201128,37.29703616901971,0 36.8766510116135,37.29694597935664,0 36.87642096135548,37.29690000991958,0 36.87624004681084,37.29685520976544,0 36.87610800060264,37.29672416431416,0 36.87554508960034,37.29553200450692,0 36.87494502322862,37.29429487849996,0 36.8767410154818,37.29371897570762,0 36.87985910179347,37.29314097669394,0 36.880534041864,37.29247899166254,0 36.88001411744403,37.29156995780444,0 36.87705297411053,37.29061991799977,0 36.87458311964141,37.28929625103213,0 36.87450796131635,37.28925596719462,0 36.87019597362684,37.28549401886716,0 36.8700919825012,37.28412019005252,0 36.87031775690825,37.28374612241172,0 36.87042896810878,37.28356186955824,0 36.87131296463311,37.28302501675793,0 36.87133802638936,37.28285901375741,0 36.86959796120107,37.28089604437214,0 36.86902704308061,37.28000688953544,0 36.86663704082147,37.27849797693361,0 36.865520028105,37.27833303111371,0 36.86520801045403,37.27785696109402,0 36.86510399910978,37.27651395751597,0 36.865103998089,37.27651386832319,0 36.86551997300811,37.27527403349262,0 36.8654940323,37.27417801575858,0 36.86453295447897,37.27271096147289,0 36.86378005944437,37.27159420588075,0 36.86440302837669,37.26973392742607,0 36.86458401238477,37.26868497002318,0 36.85965203074268,37.27046901789393,0 36.85551701544811,37.27199504166778,0 36.85553304448733,37.27170203862931,0 36.85559098199574,37.27156202489644,0 36.85573396660406,37.27140102985139,0 36.8557750169964,37.27124798149094,0 36.85577496059059,37.27105404583756,0 36.85579900551895,37.2704340328852,0 36.85590502161129,37.26892998903054,0 36.85593702418831,37.26824899711603,0 36.85586199480467,37.26802901809044,0 36.85556297499803,37.26728697574412,0 36.85544503620308,37.26708001261969,0 36.85512598152172,37.26685999413801,0 36.85393499344814,37.26622090471673,0 36.85322695389215,37.26592789648119,0 36.85276501383026,37.26572791447924,0 36.85248002058003,37.26554197836426,0 36.85226130028365,37.26532798799523,0 36.85207408691339,37.26497201282345,0 36.8514810200907,37.26404417780469,0 36.85018504436041,37.26349799602455,0 36.84759306009032,37.2624059518934,0 36.84599212969265,37.26125315137063,0 36.84423797658351,37.25724896322321,0 36.84347597660837,37.25621702925929,0 36.84149401721633,37.25554992127599,0 36.83852098231478,37.25542790425139,0 36.83680503307363,37.25482101320528,0 36.83589009938271,37.25403199287632,0 36.83622503519978,37.25309103202473,0 36.83676296757844,37.25255615710806,0 36.83703202907562,37.25209194292677,0 36.83702200948302,37.25159797833772,0 36.8365819747418,37.25116400799173,0 36.83607702578168,37.2505599892509,0 36.83641498766134,37.2502979675597,0 36.83654901045558,37.25018401139514,0 36.83673701056097,37.24999901938239,0 36.83674096750848,37.24970096606887,0 36.83666103498043,37.24956896497649,0 36.83663597647764,37.24943017706534,0 36.83697597253175,37.24865499942652,0 36.83692599822891,37.24836498682192,0 36.83692599723242,37.2483648967271,0 36.83751303658022,37.24770900124363,0 36.83764296624831,37.24733498742186,0 36.83754500628724,37.24701900022828,0 36.83776499194041,37.24531499399953,0 36.83755703815273,37.24508188483684,0 36.83765703644276,37.24485993402759,0 36.83793105211987,37.24451004328667,0 36.83830499374411,37.24316001685373,0 36.8376360015825,37.24355596118155,0 36.83575906120995,37.24426503696703,0 36.83497798499666,37.24447295600397,0 36.83444899320745,37.2446088916605,0 36.83404499213502,37.2446048885001,0 36.83251101681426,37.24481187513872,0 36.82969802407763,37.24455215740579,0 36.82891206580223,37.24431596172899,0 36.82891197112889,37.24431596149073,0 36.82745601415827,37.24438895853636,0 36.82559398676764,37.24442196221644,0 36.82525496154205,37.24441702548631,0 36.824119107861,37.24441421336943,0 36.82350095495064,37.24430397099005,0 36.82277996151492,37.2442520278139,0 36.8215390066502,37.24385095935819,0 36.81959809032864,37.24271096843641,0 36.82003896753298,37.24156294412713,0 36.82214600273151,37.24077798888053,0 36.82313316316412,37.23945700391877,0 36.82277399979849,37.23835003515411,0 36.8215190288046,37.23756488379095,0 36.81936711379047,37.23749400155145,0 36.8176630130674,37.23699398684808,0 36.81546596810757,37.23517402496923,0 36.81461403698931,37.23313903291571,0 36.81368502434798,37.23022400120865,0 36.81274410101805,37.22979500350918,0 36.81157802221949,37.22922397875897,0 36.81043408568704,37.2283489964713,0 36.809650012955,37.22824198029058,0 36.80866300099786,37.2283669617366,0 36.8082620404731,37.22854399110344,0 36.80800813714602,37.22868703120016,0 36.80780008899097,37.22883300346675,0 36.80779999547308,37.22883300410464,0 36.80698415591387,37.22892003493156,0 36.80504297575732,37.23029496049276,0 36.80423601669344,37.23058089677092,0 36.80360798020688,37.23129521693115,0 36.80235201877545,37.23158003990905,0 36.80127597064543,37.23158002542625,0 36.8005589837552,37.23143698774471,0 36.79957195943284,37.23122304223176,0 36.79912402863018,37.23065209120333,0 36.79795801765749,37.23072312799265,0 36.79634407199867,37.23086592699791,0 36.79124396460832,37.23156096416304,0 36.79065199898042,37.23213699954429,0 36.79013917078308,37.23259210465994,0 36.79008198070476,37.23278597387608,0 36.79017922292577,37.23372203289291,0 36.79103101293079,37.23429311477174,0 36.78977497569122,37.23529299886005,0 36.78887903682264,37.2361499747104,0 36.78807203978545,37.23557803885014,0 36.78662095917904,37.23567897847142,0 36.78517297955366,37.23564902500696,0 36.78399098421421,37.23540596258726,0 36.78372001318881,37.23527203501426,0 36.78264299133864,37.23517398778531,0 36.78159497527165,37.23506699757033,0 36.78031810776445,37.23553818503554,0 36.77848799386763,37.2359170191275,0 36.77806908600265,37.2359779820347,0 36.77806904769947,37.23597798318739,0 36.77744980774475,37.23586699128828,0 36.77503773710276,37.23198897570782,0 36.77481901529288,37.23188297146147,0 36.77390795470812,37.23153118047782,0 36.77372398075343,37.23130838060802,0 36.7738633544128,37.23085800444532,0 36.77375862037675,37.23022349136696,0 36.77383105294795,37.22991014523206,0 36.77321127732473,37.22918119946484,0 36.7720936253496,37.22834083096447,0 36.7714295077583,37.22836347757188,0 36.7713959607998,37.22847399062,0 36.77015701466285,37.22838301163665,0 36.76895604164,37.22879996148094,0 36.76739298823175,37.22909596223364,0 36.7664400907916,37.22946802063601,0 36.76502002640235,37.23012796111411,0 36.76404309999653,37.23050700600036,0 36.76189706830865,37.23136597966664,0 36.7585800129745,37.23326321726245,0 36.75615998897251,37.2335359877254,0 36.75446300534664,37.2334759771258,0 36.75303419659754,37.23317199371653,0 36.75303401067539,37.23317199489878,0 36.75271001761435,37.23318703125165,0 36.75093699414558,37.23484100083624,0 36.74927799210918,37.23588798263641,0 36.7471079976341,37.23472796622788,0 36.74565713966018,37.2335720361604,0 36.74479199758205,37.23061594526075,0 36.74246020287182,37.23418592430638,0 36.74066699173861,37.23204399831903,0 36.73824597345367,37.23075894801809,0 36.73510698713626,37.22918802864235,0 36.73327202636379,37.22656896754591,0 36.73001303202708,37.22450497398976,0 36.72692512150442,37.22262296438517,0 36.72475212160388,37.22128699612323,0 36.72322703546826,37.22028588466549,0 36.72051996008825,37.21925401092876,0 36.71773706359174,37.21837303513188,0 36.72289898917683,37.21441697510001,0 36.72398696515753,37.21147897149766,0 36.71877202094323,37.21100497410018,0 36.7144240061992,37.20734903067852,0 36.70843504920255,37.20236102786704,0 36.70709104452704,37.20046696270776,0 36.70421420073124,37.19573291626456,0 36.70323416548559,37.1948861406369,0 36.69711596694403,37.19318003938232,0 36.69515196050941,37.19243897789405,0 36.69334298233176,37.19029802347785,0 36.69112103955399,37.18797100730431,0 36.68977699481636,37.18616001123732,0 36.68951802122329,37.18389496688494,0 36.68932418138998,37.18341851473846,0 36.68932150938907,37.18312450127353,0 36.68945646107243,37.18223686876072,0 36.68883879750636,37.18115335753837,0 36.68811233958033,37.17989882800485,0 36.68785066748233,37.178641595433,0 36.68733978907847,37.17750023966251,0 36.68733201401806,37.17664204448743,0 36.68695819706604,37.17484190750421,0 36.68590957984018,37.1735320140908,0 36.68489571504192,37.17210747638097,0 36.68362779174874,37.17025527568541,0 36.68279274488219,37.16882968797123,0 36.68165022926123,37.16749606062453,0 36.68262785387413,37.16481826290143,0 36.68322644797043,37.15983700674079,0 36.67029011623811,37.15207225223271,0 36.66528044270702,37.15170394028409,0 36.66515200855257,37.15156502296593,0 36.66480995556632,37.15121898106813,0 36.66480998204052,37.15087201095422,0 36.66518301678462,37.1503770411372,0 36.66570997805033,37.14978396328194,0 36.66620702813502,37.14956100233167,0 36.66679697150663,37.14958598291857,0 36.667417953785,37.14956103830242,0 36.66785204095206,37.1493379744933,0 36.66810103163576,37.14901600714429,0 36.66828703600548,37.14852199156492,0 36.66900103763656,37.14834799343701,0 36.6695599729175,37.14802697623316,0 36.67055298027405,37.14602200526328,0 36.67061503030076,37.14547803853986,0 36.6703669692268,37.14473503306655,0 36.67021203487547,37.14398095729818,0 36.67117399662224,37.14353499733627,0 36.67226097390669,37.14326297708205,0 36.67275799797916,37.14271897400147,0 36.67275802953419,37.14212497877178,0 36.67325401825684,37.14103601098422,0 36.67399901166086,37.14009495806638,0 36.67387503262108,37.13952600130408,0 36.67390597854445,37.13900600039037,0 36.6745580019677,37.13838801910549,0 36.67645202139079,37.13749700242764,0 36.67710402118358,37.13702599642128,0 36.67781795702832,37.13603697096171,0 36.67868701233211,37.13447703065657,0 36.67958800881797,37.13306704440759,0 36.68132600101946,37.13175498228121,0 36.68126397821198,37.13143297100959,0 36.68120196040204,37.13098704254286,0 36.67942296990233,37.12950798218689,0 36.68026201861596,37.1297930040737,0 36.68170701451545,37.13013302461748,0 36.69012504462508,37.13188901240687,0 36.69368101353632,37.13268999002871,0 36.69391698342849,37.13272898380175,0 36.69412703327615,37.13271495647318,0 36.69429899111513,37.13264698922828,0 36.6944720032909,37.13254197453627,0 36.69492398281308,37.13216297581567,0 36.67739902266317,37.12087800612485,0 36.67962001505737,37.11984898532618,0 36.68246002843319,37.11898398837064,0 36.68870796072025,37.11661603100276,0 36.69624802997568,37.11373403704762,0 36.6997080172974,37.11212796427268,0 36.7049750104341,37.11093301320092,0 36.71979503134313,37.10471501655537,0 36.71657701249831,37.10079597688273,0 36.7277309540325,37.09754798661594,0 36.73375402941984,37.0956410087495,0 36.73695100679404,37.09484802262906,0 36.74225997858102,37.09390701676339,0 36.74971100186966,37.09054003365424,0 36.75349895778808,37.08865698021923,0 36.75483401601461,37.08779097478273,0 36.7576630398131,37.08490100087759,0 36.75771430382046,37.0848409221724,0 36.75737035044591,37.08425939613706,0 36.75672859737693,37.08374339529909,0 36.7560663744941,37.08305223420317,0 36.75573268446259,37.0827081999799,0 36.75463148383589,37.0815962506006,0 36.75424897476822,37.08121124745008,0 36.75304514106556,37.08027945957085,0 36.7523469311827,37.07966718147453,0 36.75221504310642,37.07959501867116,0 36.75207160296904,37.07950868969863,0 36.75221791067446,37.07953786317211,0 36.7525261414287,37.07960872698155,0 36.75289191135622,37.07970049308658,0 36.75327853295688,37.07977130778976,0 36.75380623801931,37.07978381697923,0 36.75410403948344,37.07981301539284,0 36.7544593678569,37.07983382688361,0 36.75485646494658,37.07983805978318,0 36.75546252995383,37.07987556701103,0 36.75634559374053,37.07984632672923,0 36.75663814851109,37.07984220712736,0 36.75697780944036,37.07985473036884,0 36.75754732255505,37.07985469818549,0 36.75808023353677,37.07985886364736,0 36.75873336391988,37.0798713600668,0 36.75921920850366,37.07986302301356,0 36.75968948196224,37.07988389478444,0 36.76070422103174,37.07994200828109,0 36.76066996646362,37.0787140377055,0 36.75927299265409,37.07685600998514,0 36.75883799542805,37.07606301094653,0 36.75703696666023,37.07593302780661,0 36.75622302025148,37.07239000112867,0 36.75632167241376,37.07178771323832,0 36.75657848811451,37.07142927943674,0 36.75696362558084,37.07072927254339,0 36.75751989481225,37.06992687367797,0 36.75811900694587,37.06902199851886,0 36.75858980876244,37.06823663358908,0 36.75895348441449,37.06743419703869,0 36.75936008587535,37.06705857697436,0 36.75973902602366,37.06692303914933,0 36.75598200843905,37.06729500793907,0 36.75477100522718,37.06729496922519,0 36.75495873254657,37.06573131570165,0 36.75485874085174,37.0657027526299,0 36.75457520248749,37.06560037450392,0 36.75418256224629,37.0654110000655,0 36.75384635279088,37.06524406678194,0 36.75341394861456,37.06503827033008,0 36.75303549262862,37.06485709342539,0 36.75271981485525,37.06470246377029,0 36.75178954576415,37.06425396423673,0 36.75140973197787,37.06404719542703,0 36.75094273050541,37.06381168780794,0 36.75053722152786,37.06359462483657,0 36.7501009974001,37.06340416090853,0 36.74984949771022,37.06328543724372,0 36.74973911313038,37.06324648061749,0 36.7490488583362,37.06303761028913,0 36.74829440890444,37.06280832300352,0 36.747737471951,37.06264033159913,0 36.74697533150371,37.06241099424571,0 36.74687009960607,37.06238642201389,0 36.74646721971215,37.0623127146043,0 36.74581545253121,37.06217757390898,0 36.74557674038438,37.06213248116617,0 36.74481972317377,37.06212227676288,0 36.74478124642376,37.06212368972137,0 36.74478087541522,37.06212369205083,0 36.74477660610467,37.0621138955886,0 36.74479501948637,37.06209999117799,0 36.74500598887839,37.06155603664926,0 36.74534803686,37.06111003238519,0 36.74534804441341,37.06026702241523,0 36.7449130022903,37.05927398698854,0 36.74488203890667,37.05843099100916,0 36.7446949580229,37.05741395640754,0 36.7440110355625,37.05699196617701,0 36.74366895411104,37.05562802677296,0 36.74348296933874,37.05406501758082,0 36.74304799899084,37.05307296471403,0 36.74289202119049,37.05230302910496,0 36.74295402831179,37.05106299740719,0 36.74295401779086,37.04828396169549,0 36.74258103987494,37.04218099262751,0 36.74471701345252,37.0432140255588,0 36.74588304300263,37.04367002384635,0 36.74671397360304,37.04384197854863,0 36.74867699856895,37.04404202812852,0 36.74985698585138,37.04414101125464,0 36.75100502889524,37.04414095894517,0 36.75299197173587,37.0437940088358,0 36.75485500435114,37.04326801670874,0 36.75556896382419,37.04314396880546,0 36.75659296134832,37.04308201743258,0 36.75814603998072,37.0430569626953,0 36.7592319992645,37.04319304341344,0 36.77071897851349,37.04567099174425,0 36.77202296760263,37.04410996407065,0 36.77310997567138,37.04609199040578,0 36.77444397328745,37.04626596925517,0 36.77515902182331,37.04782700502664,0 36.77692802070015,37.04757904137781,0 36.77851096748733,37.05092403023125,0 36.77852578794101,37.05068636890203,0 36.77923624111847,37.04994422876585,0 36.78004073205827,37.04917704306597,0 36.78269444320073,37.04733421587333,0 36.78390637236554,37.04684225369957,0 36.78490944345415,37.04648369141525,0 36.78639300163761,37.04626685470449,0 36.78742729688943,37.04615013449713,0 36.78890048098264,37.04589990000873,0 36.79020640645678,37.04560804256676,0 36.79176313114883,37.04521617361871,0 36.79230191671202,37.04519320046964,0 36.7962169697499,37.04392500677547,0 36.79892758635835,37.04292183138734,0 36.79978095397313,37.04260596863963,0 36.80256904592914,37.04137003206383,0 36.8110780419758,37.03909802923499,0 36.81272303794131,37.03818103732726,0 36.81340595630014,37.03726404366295,0 36.81387198355858,37.03637196582813,0 36.8144310120235,37.03528196876783,0 36.8151140390537,37.03510802843959,0 36.81570395451438,37.03552998435597,0 36.81691398415774,37.03553004093511,0 36.81781504010672,37.03505898023876,0 36.81821801003986,37.03424104040664,0 36.81951295853322,37.03381095902724,0 36.82045399996583,37.0340179571058,0 36.82116803356195,37.0343150193743,0 36.82185102482782,37.03481101290822,0 36.82206798409999,37.03543099655663,0 36.82262697485957,37.03602499766995,0 36.82411700419974,37.03649600348395,0 36.82542096063758,37.03699198722809,0 36.82632096690585,37.03699203081036,0 36.82672496627294,37.03667000210503,0 36.82684904553402,37.03587695786925,0 36.82641403369706,37.03510799693252,0 36.82445796934122,37.03436502388693,0 36.82365101004213,37.03364603978414,0 36.82321698138342,37.03287796082765,0 36.8275939824519,37.03128604413431,0 36.83330599645783,37.02860898164334,0 36.83498296976019,37.02761800738785,0 36.83653501185347,37.02702298975841,0 36.83908104363894,37.02667597438818,0 36.84150203198926,37.02636602079737,0 36.8434890347609,37.0264399627213,0 36.84454502750428,37.02646498578141,0 36.8454449559398,37.02609303879566,0 36.84615900269959,37.02582100548835,0 36.84693499585443,37.02601896728885,0 36.84749404031208,37.02643999437333,0 36.84826998525877,37.02641597470884,0 36.84926397902295,37.02609298418619,0 36.85031903276293,37.02561003116969,0 36.85137503545575,37.02528802033331,0 36.85233701136598,37.02528796417882,0 36.85320600762267,37.02528802727993,0 36.85407601656009,37.02551104083489,0 36.85497597625263,37.02551095819443,0 36.85599997425881,37.02563497494496,0 36.85690095823278,37.02585801456448,0 36.85721999753855,37.02585399820435,0 36.85957101583254,37.02620496168672,0 36.86103796208624,37.0264350443025,0 36.8618540304775,37.02704997480539,0 36.86371098511984,37.0278099959747,0 36.86538700060325,37.02856896390914,0 36.86756096678175,37.0300520086453,0 36.86824100619079,37.0310639782899,0 36.8679689568221,37.03225802035006,0 36.86728904442977,37.03345098798837,0 36.86656498004193,37.0343910298802,0 36.86720834972598,37.03583667125486,0 36.86795295607536,37.03626102114875,0 36.86875999284412,37.03648402590634,0 36.86944301776841,37.03638502445488,0 36.87028099543229,37.03645900022618,0 36.87170901962305,37.03697897746648,0 36.87313703834788,37.03777200981305,0 36.87416203291076,37.03851599356766,0 36.87447197019942,37.03878903363643,0 36.87593096220413,37.03866498696129,0 36.87655198815616,37.03834199732675,0 36.87832201109551,37.03811901270578,0 36.87984303882688,37.03836702462318,0 36.88099204555949,37.03792104444167,0 36.88151998394268,37.03778500346983,0 36.88170595293337,37.03732597976769,0 36.88164400744809,37.03645901184164,0 36.88182996096102,37.03554198559986,0 36.88220300848231,37.03514600793127,0 36.88304104497785,37.03487301152092,0 36.88347502965271,37.03457598168308,0 36.88378595780983,37.03398102102145,0 36.88406503428099,37.03375796184149,0 36.88437598246436,37.03386901795405,0 36.88779099774727,37.03614902638365,0 36.88841201590573,37.03704100600626,0 36.89002597515937,37.03793400843653,0 36.89350301859514,37.04006504255199,0 36.89698003367777,37.04179898418911,0 36.89834599464875,37.04274097008039,0 36.90008500825085,37.04254303911129,0 36.90101596432851,37.042096986989,0 36.90231996188277,37.04125398738323,0 36.90498995704053,37.04179898712363,0 36.90592103309443,37.0414520305148,0 36.90666596947822,37.04021301758748,0 36.90759797129047,37.03961901570661,0 36.90908801883381,37.04061003728407,0 36.90952203202185,37.04125396824826,0 36.90964704096763,37.04219595752104,0 36.90989497991617,37.0436330367713,0 36.9101430420075,37.04625999680304,0 36.91076402437441,37.04829198995645,0 36.91244096063946,37.05091796767437,0 36.91449001198028,37.05478302166119,0 36.91641502480318,37.05542695751955,0 36.91865002343825,37.05518003974881,0 36.91939496557087,37.05448600662291,0 36.92026396684798,37.05389104286443,0 36.92094697486465,37.05389096927448,0 36.9214440004405,37.05394100272029,0 36.92212697659553,37.05369299728611,0 36.92262399667145,37.05364299035791,0 36.92330698416366,37.0541390241971,0 36.92442399573938,37.05433697423407,0 36.92460996007654,37.05374297373216,0 36.92454799886483,37.05260296382396,0 36.92392701069139,37.05101696981191,0 36.92349297173937,37.04918402507215,0 36.92287197170617,37.04774600450104,0 36.92218903321584,37.0460609875034,0 36.9226239850044,37.04506995789483,0 36.92827402321458,37.04140297845142,0 36.9300120388603,37.04011396001863,0 36.93274398366442,37.03867696615021,0 36.93541400322617,37.03743803545242,0 36.93702901584768,37.0372400008997,0 36.9393259729115,37.03664496656168,0 36.94075398326029,37.0363969915133,0 36.94199600072465,37.03639696101689,0 36.94298898602146,37.03639700307473,0 36.94398302107738,37.03609998703052,0 36.9446040445603,37.03555503306885,0 36.94491395487796,37.03520802898151,0 36.94597001557571,37.03431497596576,0 36.94832899876749,37.03362104080299,0 36.95056395945262,37.03312596036911,0 36.95255100045945,37.03382000565983,0 36.95342001710315,37.03377003787551,0 36.95602804264809,37.03322499215979,0 36.9578290416823,37.03342297491542,0 36.95857402219603,37.03352203986129,0 36.95931898675677,37.03312597118809,0 36.96000198219575,37.03277897536437,0 36.96118200263035,37.03183702057044,0 36.96121302662343,37.03067203217186,0 36.96087096294808,37.02968102839709,0 36.96028104221021,37.02777197279984,0 36.96034396132053,37.02700398478363,0 36.96090203923774,37.02606201682071,0 36.96198901074181,37.02534403973034,0 36.96270297931845,37.02499695661675,0 36.9637590448291,37.02435203193852,0 36.96450395724272,37.02380695995571,0 36.98826396093639,37.03822803108796,0 37.00223657404416,37.03740406774829,0 37.00205133912062,37.03752629224164,0 37.0019871582727,37.03760097894773,0 37.00196254394591,37.03764752903496,0 37.0019476246903,37.03771168823148,0 37.00195149974873,37.03784646167501,0 37.00195706269022,37.03799096108652,0 37.00197731979679,37.03811061550746,0 37.00204457903121,37.03825234665469,0 37.00213871862409,37.0384492699765,0 37.00219124784149,37.03860759823162,0 37.00221579245633,37.0387691615144,0 37.00222521727223,37.03891736937583,0 37.00223031023168,37.03902067904788,0 37.00222999822184,37.03902114121311,0 37.00217715643497,37.03909901560616,0 37.00205890419687,37.03920037208019,0 37.00203719413887,37.03925447537559,0 37.00204765646826,37.03933976579087,0 37.00209759113322,37.03944269852087,0 37.00210598768433,37.03951302391298,0 37.00216996552393,37.03968923295734,0 37.00220406857542,37.03986719005187,0 37.00220902976997,37.04024460742848,0 37.0021810051686,37.04038714330535,0 37.00211929307397,37.04053283803898,0 37.00210999771631,37.04055499378868,0 37.00200846594093,37.04070637336188,0 37.00199854939186,37.04072120710768,0 37.00175030214164,37.04102587205431,0 37.00157796596205,37.04127746784648,0 37.00157759300262,37.04127816839849,0 37.00156452074961,37.04130263561586,0 37.00150319851979,37.04141740130285,0 37.00142578994532,37.04164123642967,0 37.00137465866212,37.04187383485803,0 37.00134840424327,37.04195550307682,0 37.00132382768926,37.04211186217922,0 37.00133428867218,37.04237464627737,0 37.00133927308098,37.04254087091683,0 37.00140944312416,37.04276158433309,0 37.00149368183845,37.04287995439979,0 37.00166113936007,37.04303918307392,0 37.00182254870365,37.04316476376715,0 37.00198936471634,37.04327457185936,0 37.00220284507873,37.04341656523358,0 37.00233261698251,37.04348062381993,0 37.00246225732156,37.04353457553424,0 37.00259347776414,37.04360199417483,0 37.00280660998239,37.04371702493444,0 37.00292831815361,37.04380699187514,0 37.00300636083694,37.04388047666282,0 37.00301866672363,37.0439635005387,0 37.00304196024337,37.04413631000099,0 37.00304736087686,37.0442272565073,0 37.00302590146591,37.0443004580162,0 37.00298035318968,37.0443536420963,0 37.0029191696017,37.04439010713598,0 37.00284035819745,37.04447166129885,0 37.00282990394905,37.04452903943096,0 37.00288560325281,37.04460833202275,0 37.00290991381476,37.04464519879225,0 37.00288481221854,37.0447611204113,0 37.00283401203149,37.04484130967101,0 37.00274273724305,37.04493420145243,0 37.00271137485784,37.04496044163993,0 37.00263499024261,37.04506640768125,0 37.00252420467495,37.04516982251309,0 37.00243978416505,37.04522445756169,0 37.00230109842964,37.04530904198454,0 37.00215827093856,37.04539787268202,0 37.00206238419017,37.04546018745384,0 37.00200522426133,37.04550954071478,0 37.00194050750429,37.0455437861043,0 37.0018650669859,37.04556211959857,0 37.00179786082308,37.04556689678373,0 37.00172766474132,37.04558434253338,0 37.00159950202288,37.04566967885348,0 37.00143401149086,37.0457940873609,0 37.0013223392428,37.04585485165056,0 37.00125229034404,37.04596328803392,0 37.00119644480606,37.04603284728881,0 37.00107188368032,37.04615269661414,0 37.00099466360659,37.04619547710241,0 37.00086933973979,37.04625719592242,0 37.00076562570392,37.04628334858086,0 37.0006852293538,37.0463244689213,0 37.00063555574869,37.04638386621309,0 37.00060117087011,37.04648694476862,0 37.00052315063071,37.0467091948999,0 37.00047870859739,37.04684690040028,0 37.00045940666879,37.04697766312262,0 37.00043485320045,37.04710930448675,0 37.00037183489992,37.04727328946525,0 37.00035403740754,37.04735853709918,0 37.00035494403948,37.04742761738089,0 37.0004211470055,37.04750625847401,0 37.00048663864968,37.04761102659396,0 37.00055058153159,37.04775793122236,0 37.00062531717017,37.04792581102424,0 37.00064180190795,37.04806047613416,0 37.00065658872447,37.04814629232171,0 37.00071935117331,37.04820305804378,0 37.00078302414381,37.04824885763797,0 37.00083209918235,37.04830405202497,0 37.00086432625105,37.04835686202745,0 37.00102831920325,37.04843804756194,0 37.00115959970162,37.04850939750511,0 37.00148040444164,37.04868530945314,0 37.001815983624,37.04886530899956,0 37.00200225989371,37.04896231280487,0 37.00215345581572,37.0490231296881,0 37.00229442308152,37.04908484913744,0 37.00239558584212,37.04910421364162,0 37.00256403479551,37.04912413392204,0 37.00267223651579,37.04914568768909,0 37.00271263674553,37.04915724710756,0 37.00276818643044,37.04918458355612,0 37.00281768145265,37.04923155789697,0 37.00284503084317,37.04927303388705,0 37.0028762575002,37.04936945114374,0 37.00288829670259,37.04944580953676,0 37.00288683277173,37.04957410070217,0 37.00289603448968,37.0497040911561,0 37.00287101333276,37.04987954890313,0 37.00284369952203,37.05004070674825,0 37.00275707547747,37.05016782200313,0 37.00268932399003,37.05029140599879,0 37.00261090529958,37.05040328374064,0 37.00251873050279,37.05058773724023,0 37.0024729720263,37.05070523886144,0 37.00245530462162,37.05080059348118,0 37.00239343965374,37.05097215370441,0 37.00235442697976,37.05104325706589,0 37.00226953959747,37.05114255490063,0 37.00220045114638,37.05132428027128,0 37.00218729743481,37.0514431939547,0 37.00216025828536,37.05154536925129,0 37.00215186225053,37.05170636708727,0 37.00218434102023,37.05201783327097,0 37.00222169451695,37.05222056983682,0 37.00224198216949,37.05240407468506,0 37.00229429537844,37.05254518008499,0 37.00233438303621,37.05279591872404,0 37.00239604653106,37.053008559418,0 37.00248454433884,37.05318306130212,0 37.00262561458364,37.05335880191302,0 37.00275085318612,37.05351666085962,0 37.00292115507789,37.05371915985037,0 37.00311842666036,37.05392382908148,0 37.00334566269488,37.0541306430863,0 37.00355453103655,37.05430642357572,0 37.00379364378515,37.05450593874193,0 37.00409265796731,37.05470734674629,0 37.00438353304296,37.05485883703399,0 37.00448940096572,37.0550178942684,0 37.00453969504422,37.05519981096985,0 37.00450345393073,37.0554784342774,0 37.00435907833631,37.05572917968109,0 37.00425272384405,37.05579846152352,0 37.00404395306786,37.05585781218135,0 37.00387680835289,37.05589521238078,0 37.00379993291264,37.05596784487751,0 37.00378008128278,37.05605198578264,0 37.00382048305069,37.05616440850338,0 37.00389667145737,37.05626693592398,0 37.0040325379553,37.05635455782981,0 37.00419546935487,37.05645155009252,0 37.00438339493717,37.0566275044906,0 37.0044527436263,37.05666530499917,0 37.00451865725965,37.05666954755674,0 37.00478081517515,37.05679928387311,0 37.00494495081558,37.05698743705633,0 37.00503378011362,37.05714023711655,0 37.00509560811699,37.05728846878337,0 37.00512058087751,37.05759296750797,0 37.00501951939955,37.05787453594798,0 37.00483359901594,37.05807764920446,0 37.00460485041852,37.05821154875647,0 37.00441649181618,37.05822993914681,0 37.00414989385486,37.05821780134973,0 37.00397026402187,37.05821692148356,0 37.00385443946552,37.05828748149482,0 37.00371110476551,37.05831508395145,0 37.00354256424949,37.05824693201428,0 37.00326550206018,37.05812211618154,0 37.00294561737614,37.0579280802127,0 37.00242984488866,37.05763492712365,0 37.00209793161891,37.05743619336273,0 37.00192793881287,37.05725768351785,0 37.00163248688466,37.0570994285282,0 37.0014442855813,37.0571298074463,0 37.00123903718022,37.05722990973356,0 37.00112025286335,37.05730289063169,0 37.00104269292272,37.05745927478665,0 37.00104686313185,37.05751997299994,0 37.00115331020552,37.05786794120009,0 37.00123153231768,37.05801123942706,0 37.00145392896597,37.05819110449924,0 37.0017726028034,37.05835036755013,0 37.0020933841847,37.05849881031489,0 37.0024973715485,37.05865734702655,0 37.00261947938046,37.05872289788373,0 37.0028264026846,37.05892088749177,0 37.00305200157572,37.05917270342855,0 37.00307391030303,37.0593020780178,0 37.003020277449,37.0596624230212,0 37.0029651755405,37.05991121243258,0 37.00294615645948,37.06000134520851,0 37.00287435820401,37.06009057447579,0 37.00266519239932,37.06023449904503,0 37.0024244499029,37.06036789750643,0 37.00211985576798,37.06042625071203,0 37.00173375427448,37.06043311256273,0 37.00153623386135,37.06043838102474,0 37.00128894813991,37.06041527577697,0 37.00101741154864,37.06042656355062,0 37.00066755786124,37.06045830897064,0 37.00031557587597,37.06049906724449,0 36.99993516795784,37.06059764206523,0 36.99979433892216,37.06064561812984,0 36.99963066082002,37.06069249270264,0 36.99969623044404,37.06071808093556,0 36.99956599722415,37.0607553225978,0 36.99950714720371,37.06081463448456,0 36.99944612330079,37.0609413530857,0 36.9994218062157,37.06106899319292,0 36.99939749881502,37.06143066448957,0 36.99935233967452,37.06171776517211,0 36.99933511475573,37.06192008635795,0 36.99928629790718,37.06206406135778,0 36.99916303494393,37.06227667179025,0 36.99909539602579,37.06250814438502,0 36.99906995987433,37.06264123607185,0 36.99904841536905,37.06286360736424,0 36.99899571004751,37.06299039259839,0 36.99897216321565,37.06326723748044,0 36.99900642847128,37.0636002326946,0 36.99900676426199,37.06383331136936,0 36.99898210328028,37.06402521063114,0 36.99890668080953,37.06428506634194,0 36.99888699474827,37.06444207165016,0 36.99883801062812,37.06464506740876,0 36.99876144479622,37.06481780257857,0 36.99870528359669,37.06488798131652,0 36.99859799571205,37.06499780170748,0 36.99844731794056,37.06508974130492,0 36.99824052958459,37.06517807126951,0 36.9980419624134,37.06527123152583,0 36.99793952129632,37.06538808906944,0 36.99783714184598,37.06550984943634,0 36.99778755166167,37.06561482448179,0 36.99770195071036,37.06577238585676,0 36.9976509818042,37.06592801779586,0 36.99762258682063,37.06609489938,0 36.99759175030169,37.06623075904438,0 36.99755971110781,37.0662751395625,0 36.99753094982497,37.0664142471039,0 36.99747124951979,37.06652584674477,0 36.99749446773131,37.06658609828904,0 36.9974999325889,37.06669224465846,0 36.99757887486224,37.06680430916062,0 36.99765742547498,37.06688696893691,0 36.99780524884383,37.06696577876655,0 36.99797984971454,37.06706560319013,0 36.99813959932658,37.06712143948855,0 36.9981510098881,37.06721446537171,0 36.99819102336217,37.06728574284662,0 36.99832200185677,37.06732384989233,0 36.99849741064402,37.06743346909099,0 36.99867358874076,37.06760189386014,0 36.9989839811541,37.06784761042289,0 36.99923655511751,37.0680371742586,0 36.99951584116445,37.06821024336716,0 36.99980858100059,37.0683937693282,0 36.9998686714319,37.0684281832542,0 36.99993576625108,37.0684726467994,0 36.99999483069719,37.06851626075872,0 37.00005293022068,37.06857458499682,0 37.00009487766768,37.06862477571025,0 37.00013368203351,37.06869796928002,0 37.00019153921298,37.06882429833102,0 37.00023056096431,37.06891402941263,0 37.00023963831609,37.06899390521286,0 37.00024450155383,37.06910230544278,0 37.0002348815678,37.06915568633482,0 37.00021378057728,37.06920824679369,0 37.00015759118788,37.06929602361219,0 37.00011383751912,37.06936990792185,0 37.00008566264974,37.06940782673547,0 37.00001445727097,37.06948745860751,0 36.9999476284864,37.06955051235734,0 36.99986223275327,37.06961234401089,0 36.99974980796597,37.06967435298132,0 36.99950968752698,37.06970905185363,0 36.99918366792434,37.06972323294767,0 36.99885405975326,37.0697750218914,0 36.99848557335313,37.06981570130191,0 36.99823330051992,37.06985703419866,0 36.99816033848266,37.06989032335287,0 36.99804663040327,37.06992558981678,0 36.99792446268,37.07001565795925,0 36.99782231607374,37.07010364554687,0 36.9977015717562,37.07022447359911,0 36.99772145562882,37.0702896547273,0 36.99766313938427,37.07040341966671,0 36.99760882321812,37.07061517441631,0 36.99762149511263,37.07075230070627,0 36.99761201872846,37.07085911689438,0 36.99762383470382,37.07093090019044,0 36.99758966481495,37.07102050168594,0 36.99757990756813,37.07110553863644,0 36.99758207592078,37.07127107095678,0 36.99762178705744,37.07139707990506,0 36.99770252339885,37.07154234843039,0 36.99781768463673,37.07161762150549,0 36.99795762333166,37.07171664807761,0 36.99810036664107,37.07182218337322,0 36.99833281448292,37.07192696524758,0 36.99855166293421,37.0720318593561,0 36.9988268872935,37.0720818216211,0 36.99901987514475,37.07211444628751,0 36.99920843631499,37.07212060312786,0 36.99949364574709,37.07212594523042,0 36.9998085786714,37.07208105034624,0 36.99988286823265,37.07209189963432,0 36.999944740803,37.07209036523917,0 36.9999962488203,37.07206867918468,0 37.0000487103264,37.07202370055881,0 37.00008631258312,37.07200111354868,0 37.00019958659195,37.07196979351249,0 37.00032547682922,37.07193735059518,0 37.00049520364362,37.07187620386134,0 37.00058682305679,37.07183089466977,0 37.00066912180468,37.07174922264642,0 37.00086520688571,37.07157954515668,0 37.00104131305676,37.07142724210892,0 37.00109346321486,37.07134360410159,0 37.00114575850802,37.07125356570521,0 37.00121108089581,37.07116860907162,0 37.00131524229679,37.07107943024231,0 37.00140522847762,37.07102153415623,0 37.00152782464998,37.07097894691584,0 37.00161831024896,37.07095870244822,0 37.00183671332423,37.07093089003394,0 37.00201972472971,37.0709228511675,0 37.00214957204665,37.07093863405295,0 37.00227810573838,37.07097780250924,0 37.00251573458475,37.07107172539857,0 37.00277860146149,37.07119026510608,0 37.00289350192645,37.07123993526888,0 37.00300388954051,37.07131594284748,0 37.00311684692745,37.07140263466573,0 37.00325582050721,37.07152709567808,0 37.00342459735071,37.07169902130489,0 37.00350081364174,37.07176460061336,0 37.00353045812892,37.07180038391314,0 37.00360066776819,37.07196340486756,0 37.00364097859637,37.07207116612717,0 37.00368583256706,37.07215454120274,0 37.00378960786108,37.0722822187707,0 37.00395270515018,37.07248438349534,0 37.00404754025934,37.07257902353273,0 37.00411618299856,37.07262324177538,0 37.00419561608803,37.07265568041473,0 37.00430688741537,37.07270635572229,0 37.00438430920404,37.0727709520179,0 37.00445351969452,37.07285801478421,0 37.00447985163468,37.07291914672113,0 37.00448755296272,37.07295024642838,0 37.00451637780892,37.07301622822723,0 37.00457929207465,37.07308679046151,0 37.00464947781173,37.07315534303247,0 37.00480649688364,37.07326503814218,0 37.00504929655821,37.07342756895618,0 37.00529925456441,37.07358030022194,0 37.00546592402971,37.07368407034149,0 37.00560594433814,37.07379487979163,0 37.00571848653902,37.07388028049268,0 37.00582088410152,37.07398817580533,0 37.00594562547138,37.07405486109205,0 37.00633305999975,37.07421226270029,0 37.00665127041687,37.07433874329504,0 37.00685264222416,37.07440162355372,0 37.00696134946565,37.07444481159231,0 37.00703073759028,37.07448833699895,0 37.00711453612792,37.07458057055994,0 37.00726417721555,37.07489437825018,0 37.00732680367921,37.07500254511636,0 37.00733627548846,37.07504972833039,0 37.00732076072681,37.07510302913633,0 37.00727010495542,37.07517553296393,0 37.00712326663638,37.07533392185956,0 37.00696728424521,37.07546994349124,0 37.00676026005786,37.07575373144604,0 37.00652301668611,37.07596133371092,0 37.00631254760614,37.07610313117937,0 37.00621082989667,37.07618906249671,0 37.00615306258852,37.07625335650517,0 37.0061252389082,37.0763235973678,0 37.00610314901618,37.07640974326274,0 37.00607260902758,37.07644190609681,0 37.00597704461214,37.0764914535838,0 37.00584498760725,37.07654131230127,0 37.0057550452655,37.07659790305386,0 37.00564277209294,37.07672202806179,0 37.00553992824879,37.07689038218704,0 37.00551790053043,37.0769809569185,0 37.00551023554342,37.07707052505921,0 37.00542016326056,37.07728484958909,0 37.00539498436134,37.07738786002587,0 37.00539051691663,37.07746853488864,0 37.00539740314597,37.07753049637002,0 37.00544109452392,37.07763579724025,0 37.00550657475989,37.0777419135049,0 37.0056094046262,37.07788914070054,0 37.00576432655283,37.0780632849833,0 37.00587223786287,37.07819440704311,0 37.00596090692124,37.0782929036579,0 37.00610722911199,37.07843278027819,0 37.00622537540079,37.07852283262654,0 37.00636767466963,37.07861998727103,0 37.00664795212378,37.07883169560181,0 37.00672317122472,37.07874864331056,0 37.00686933737723,37.07863641332298,0 37.00698417413352,37.07853906932232,0 37.00712373046126,37.07849136218891,0 37.00724984455323,37.07843114199639,0 37.00739318012829,37.0783561516355,0 37.00745238197489,37.07831643582271,0 37.00761461396791,37.07822732768466,0 37.00770046418823,37.07819602803476,0 37.0077467931144,37.07818699167174,0 37.00784463679688,37.07818416713789,0 37.00795163927327,37.07818392452918,0 37.00820632693819,37.07819726460862,0 37.00844102579094,37.07821476748463,0 37.0088841454936,37.07826948110622,0 37.0090416364615,37.07830270121819,0 37.00918509851122,37.07836262814995,0 37.00938025668086,37.07848414015942,0 37.00955686850661,37.07862442323734,0 37.00979517573941,37.07874734046051,0 37.01024752149152,37.07891362986102,0 37.01056063101061,37.07900577960101,0 37.01086308807654,37.07912815160858,0 37.01089766406341,37.07915000785145,0 37.01100825001777,37.07923236374274,0 37.0110901313045,37.07931850891548,0 37.01123555625137,37.07944221684577,0 37.01143579034772,37.07961242433388,0 37.01151022598044,37.07963748690176,0 37.01161452728697,37.0796560559272,0 37.01186521132984,37.07965509585721,0 37.01196257255305,37.07965781067173,0 37.01221168712079,37.07964977845067,0 37.01242989719262,37.07964673364891,0 37.01275135608923,37.0796451710869,0 37.01300947029565,37.07964887285848,0 37.01316611418119,37.07967352858381,0 37.01329798848599,37.07972084313807,0 37.0134326427911,37.07975513911305,0 37.01356399840009,37.07976347017293,0 37.01365817664963,37.07974848660855,0 37.01376057278385,37.07968617362555,0 37.01391815352665,37.0795595795252,0 37.01419989957387,37.07934449635952,0 37.01434190088932,37.07926648338906,0 37.01460589442701,37.07915788542057,0 37.01502245933235,37.0789900862712,0 37.01529665849921,37.07887313336227,0 37.01558307980853,37.07878797347223,0 37.01571957837115,37.07873954179177,0 37.01586294189585,37.07865324567639,0 37.01595834013546,37.0786193426013,0 37.01628073123251,37.07857759093023,0 37.0165216811487,37.07851054172048,0 37.01672427191019,37.07844264053396,0 37.01683979553392,37.07836957478622,0 37.01693497210214,37.07831913530011,0 37.01703794035909,37.07818946250214,0 37.01711782300217,37.07809780028951,0 37.01723163881941,37.07789714654655,0 37.01734218293894,37.07778277108709,0 37.01743864419937,37.0777181397462,0 37.01749598896444,37.07770583344595,0 37.01755054561843,37.07770536536363,0 37.01761261490471,37.07771546496469,0 37.01771642627038,37.07775947436114,0 37.0178426268767,37.07782337550208,0 37.01794946678943,37.07787326225681,0 37.01805472331145,37.07791489464275,0 37.01819048153322,37.07792200065036,0 37.0183506875784,37.07789271116062,0 37.01856958658205,37.07783456012329,0 37.01887769001528,37.07771759971272,0 37.01904497471718,37.0776559050553,0 37.01919915488247,37.07760672998317,0 37.01939760028837,37.07755982867408,0 37.01959487209133,37.07756285785968,0 37.01967494273985,37.07759584639264,0 37.0197511165863,37.07766785239499,0 37.01985072818524,37.07783891079198,0 37.0199226667219,37.0779251371324,0 37.02002944705118,37.07797029750712,0 37.02011028042742,37.07797757816707,0 37.02022510051574,37.07796241185019,0 37.02037170172084,37.07792570404951,0 37.02052012594898,37.07785973651443,0 37.02068789157078,37.07775195487407,0 37.02078399576143,37.07766073987992,0 37.02096781921031,37.07743053348361,0 37.02106546557106,37.07728967979192,0 37.02114597992556,37.07710820907751,0 37.0211603199791,37.07702301924879,0 37.02118906252968,37.07693946962325,0 37.0212082642967,37.07685154564323,0 37.02122684117366,37.07680766764518,0 37.0212533366421,37.0766940104705,0 37.0212987461368,37.07656128857776,0 37.02132522001576,37.07644645482274,0 37.02136417454912,37.07638231191961,0 37.02144456858645,37.07632963363518,0 37.02157787299076,37.07626350127038,0 37.02167003440487,37.0762083571651,0 37.02173463783884,37.07618771482558,0 37.02179062098471,37.07618368875384,0 37.02184667662087,37.07618556739016,0 37.02191317191136,37.07619562661175,0 37.02199903756057,37.07622088326119,0 37.02213064151258,37.07624810636396,0 37.02220591568975,37.07625336475179,0 37.02233510721872,37.076251660088,0 37.02247640490026,37.07623183389169,0 37.022574378135,37.07619819885677,0 37.02270543690454,37.07615719272913,0 37.02283293600122,37.07609849207116,0 37.02289999020655,37.07606778506855,0 37.02298480356335,37.07604224273124,0 37.02312584953516,37.07600380983848,0 37.02326414881395,37.07600793275417,0 37.02339076083517,37.07604760292637,0 37.02347431509087,37.0760929606339,0 37.02352148790251,37.07614660639216,0 37.02356556573476,37.07621712271855,0 37.02358490289857,37.07633924196988,0 37.02360306090944,37.07637364520096,0 37.02364461861085,37.07642113847334,0 37.02372159909294,37.07647098581297,0 37.0237961784622,37.07650667340211,0 37.02392940392695,37.07654451266836,0 37.02403132773214,37.07655781127213,0 37.02408906968171,37.07661665098401,0 37.02423634213532,37.07671226705717,0 37.02453582239835,37.0769412578606,0 37.02478594287356,37.07711869213748,0 37.02507058551385,37.07734072405738,0 37.02521417951958,37.07745025196257,0 37.02934749936794,37.08163867512619,0 37.02934399763763,37.08170406803112,0 37.02934197576127,37.0817481603585,0 37.02939321598968,37.08185685373842,0 37.02957288336375,37.08273845821831,0 37.02989536565921,37.08434823789425,0 37.0300986728814,37.08542269397445,0 37.03059775973666,37.08791547677315,0 37.03064400739945,37.08811365978952,0 37.03069799661473,37.08814017995909,0 37.03068292284377,37.0882346486941,0 37.03068615252235,37.08835254547206,0 37.03074059687187,37.08850799347751,0 37.03077909871585,37.08857317260982,0 37.03084696194471,37.08863285430696,0 37.03094269800969,37.08869753763198,0 37.030998544334,37.08873026221558,0 37.0310738436719,37.08876498190158,0 37.03112596833284,37.08880973508,0 37.03115237346465,37.08885766005125,0 37.03115295923137,37.08890089352249,0 37.0311414290156,37.08895503928726,0 37.03111905519514,37.08902402557551,0 37.03111863042743,37.08908299258511,0 37.03112942633198,37.08915561352495,0 37.03114720885027,37.08920066530555,0 37.03121705485037,37.08928675490526,0 37.03126348692033,37.08933351996074,0 37.03140587722738,37.08954192388294,0 37.03157049804467,37.08978158013097,0 37.03173059752149,37.09000905031829,0 37.03193745584421,37.09030773612012,0 37.03211552124948,37.09057348006737,0 37.03232247751566,37.09087915807893,0 37.03249836611977,37.09114491855713,0 37.03273405403579,37.09147829551946,0 37.03299012743384,37.09186739958743,0 37.03321918183042,37.09219384312857,0 37.03357585842316,37.09273726046708,0 37.0337389610633,37.09297110608091,0 37.0338903115807,37.09319573369137,0 37.03407389426425,37.09343871326741,0 37.03423731651138,37.09369584692868,0 37.03435001794845,37.09385791926723,0 37.03453698939224,37.09413581397575,0 37.03479858273871,37.09452865000418,0 37.03496979454912,37.09476998806478,0 37.03502552099901,37.09485860065884,0 37.03505203394294,37.09493263191571,0 37.03506521990897,37.09510023226746,0 37.03507317613295,37.09552468729943,0 37.03508266394577,37.09574123849261,0 37.03516989156865,37.09574047701745,0 37.03531834422272,37.09575140965889,0 37.03554340049445,37.0957826382429,0 37.03573996788224,37.09580363089629,0 37.03587085361131,37.09580598353229,0 37.03604699129763,37.09576775482524,0 37.03624459875623,37.09570488435056,0 37.03636163619447,37.09565145052672,0 37.03646947839761,37.09626215584071,0 37.03639494571991,37.0967544726081,0 37.03637701285229,37.09709445712596,0 37.03628853302352,37.09722538019953,0 37.03612687019432,37.09735011474276,0 37.03600060283545,37.09736694276516,0 37.03584406589135,37.09740325039392,0 37.03575077524905,37.09743900716905,0 37.03563785392926,37.09747493172713,0 37.0355661005371,37.0974912831393,0 37.03540925632255,37.09750488159101,0 37.03534172853672,37.09751071161725,0 37.03530487005859,37.09752675817416,0 37.03529856647571,37.09754428232642,0 37.03536330159083,37.09765377754108,0 37.03538153252636,37.09771127326859,0 37.03537558552967,37.09775499978156,0 37.03534584094401,37.09781290902109,0 37.03533998900936,37.09786362306742,0 37.03538305902508,37.09798379178586,0 37.03549514437916,37.09817993787609,0 37.03555174607747,37.09831493278336,0 37.03562953751617,37.09833289020334,0 37.03575772964223,37.09835040371362,0 37.03593960070076,37.09832396815789,0 37.03600112458849,37.09828616054052,0 37.03607368252096,37.09820477652138,0 37.03620427219705,37.09811356690941,0 37.03626544550163,37.09851259087534,0 37.03622881773959,37.09880574110503,0 37.03627085932759,37.0989102171641,0 37.03642868685344,37.0989809829136,0 37.03655930412259,37.09914551831286,0 37.03667008340066,37.09922829394311,0 37.03686913787485,37.09937703299886,0 37.03687775355377,37.09948550614389,0 37.03691730037005,37.09977080377769,0 37.03698989866214,37.09997887005978,0 37.03705247667545,37.10015506271487,0 37.03707516120379,37.10034767497756,0 37.03733876719273,37.10084988980165,0 37.03738797620773,37.10122222831297,0 37.03727982026025,37.10152845670314,0 37.03700465236365,37.10244088941926,0 37.03694388603006,37.10261856443458,0 37.03679776601344,37.10282590875818,0 37.03668706100552,37.10298232720618,0 37.03659524355371,37.10320004121822,0 37.03663072937123,37.10348533102376,0 37.03670078626231,37.10365824890611,0 37.03689967571027,37.10401079675135,0 37.03678276813045,37.10470593707019,0 37.03670808080046,37.10502376748517,0 37.03677475134707,37.10510047991207,0 37.03685717546222,37.1054831600359,0 37.03706247857418,37.10638421383889,0 37.03722707845133,37.10713102526066,0 37.0373555967827,37.10777920684055,0 37.0375696415002,37.10875438949947,0 37.03783750817004,37.10999500736188,0 37.03813862837906,37.11140847766737,0 37.03828751699947,37.11213378182339,0 37.03831037167922,37.11225262144305,0 37.03862676789907,37.11252194143903,0 37.03936922068673,37.11317401694719,0 37.04009624308238,37.11382622662992,0 37.04053774783603,37.11420884494143,0 37.04072177342264,37.11432534847706,0 37.04071645934046,37.11436017826475,0 37.04075791394573,37.11442706679325,0 37.04089545031788,37.11453253155187,0 37.04108497692658,37.11462826445658,0 37.04129225658087,37.11475166654891,0 37.04164550790729,37.11496190594961,0 37.04179107075635,37.11501860237765,0 37.04188126703202,37.1150502754294,0 37.04194913705261,37.1150909836838,0 37.04197933618379,37.11532261479913,0 37.04205607065557,37.1158506611639,0 37.04215163789588,37.11662589812438,0 37.04224580639597,37.117299111674,0 37.04235982682465,37.11829371318846,0 37.0424963364372,37.11923864686062,0 37.04259293087851,37.12008808221579,0 37.03928584345479,37.12398792406108,0 37.03686303308292,37.12642993149881,0 37.03178603977641,37.12981303906412,0 37.03167298054488,37.1298059905134,0 37.03068797134264,37.13168103398757,0 37.02966996550071,37.13312504171378,0 37.02846300665117,37.13391100226077,0 37.0264599861683,37.13434102431977,0 37.02461699475823,37.13462003083378,0 37.02436297960167,37.13502497258326,0 37.02468102082885,37.13591197769905,0 37.02466500358034,37.13698895931061,0 37.02415596882556,37.13896500216865,0 37.02485496375591,37.14007996095633,0 37.0265719673148,37.14170095753539,0 37.02695301710505,37.14446298280669,0 37.0269850009137,37.14613496854191,0 37.0265720260038,37.14823797629013,0 37.02644502652784,37.15089796861192,0 37.02657204186912,37.15284795915298,0 37.02628598562785,37.15403902568983,0 37.0263810332105,37.15472302142745,0 37.02650800021474,37.15639400163683,0 37.02657197553712,37.15745803025142,0 37.02704800371592,37.15867403459876,0 37.02679397165547,37.1600160435072,0 37.02708001540588,37.16099199317254,0 37.02620604090225,37.16066197682142,0 37.02565003919808,37.16067499154571,0 37.02528503943109,37.16086496734306,0 37.02482396195493,37.16077604275144,0 37.02450602192154,37.16058602624508,0 37.02407702051872,37.16000395695914,0 37.02340895874586,37.16006704493742,0 37.0231869770961,37.16016800271981,0 37.02280599271932,37.16013001692492,0 37.02242398116541,37.16025695765116,0 37.02218598157452,37.16047196397603,0 37.02199500454093,37.16058598986713,0 37.02164502588059,37.1605609806208,0 37.02112096891636,37.16042202745885,0 37.02091397733888,37.16010496735313,0 37.02046999618997,37.15993999823249,0 37.01961097079881,37.16056101632088,0 37.01900804388348,37.16073797101627,0 37.01888000287656,37.16087803616487,0 37.0188799742075,37.1610419642054,0 37.01903895864859,37.16134601281816,0 37.01899199954075,37.16154900533471,0 37.01876902302676,37.1616250007058,0 37.0185149746979,37.16152399716486,0 37.01705295690264,37.16100403766511,0 37.01694199032687,37.16077599598976,0 37.0161309781351,37.16049799499235,0 37.01609902932325,37.16092795962314,0 37.01579796997187,37.16128299872454,0 37.01479595905477,37.16104204210001,0 37.01449396011388,37.16068802520442,0 37.01449400179402,37.16043397702173,0 37.01420796724783,37.15994004660752,0 37.0128580318422,37.15962400701579,0 37.01255599220774,37.1595860351356,0 37.01217400760105,37.1597509729221,0 37.01142701452817,37.16028202736857,0 37.01099803114285,37.16038400912029,0 37.01082401466329,37.16071298815246,0 37.01090303277795,37.16126997494861,0 37.0107600375603,37.16139700139293,0 37.01039503525435,37.16156196972762,0 37.01004498832075,37.16185297563423,0 37.0098069684556,37.1622580194208,0 37.01079202473355,37.16301798147759,0 37.01095103206865,37.16328400970987,0 37.01093503443875,37.163853973275,0 37.01104602149201,37.16398000428298,0 37.0111570318024,37.1645120242785,0 37.01087900312176,37.16456297128482,0 37.01059297867693,37.16468301741055,0 37.01034698029604,37.1648029909802,0 37.00998104050505,37.16482900097372,0 37.00987796506376,37.16448102649009,0 37.00977500813452,37.16438601652961,0 37.00948103390665,37.16448098478475,0 37.00948102330675,37.16455704531142,0 37.00938195797404,37.16463602290087,0 37.00917498792354,37.16466698508072,0 37.00888099976093,37.1647750185533,0 37.00853099533485,37.16488902519286,0 37.00834896725598,37.16495897519191,0 37.0081259953192,37.16500899582106,0 37.00783199302313,37.16526302076872,0 37.00733104064371,37.16587901301113,0 37.00750502044585,37.16599297694326,0 37.00817203045852,37.16640500809282,0 37.00910903729215,37.16702696777239,0 37.00955698092557,37.1673139685856,0 37.00982897865212,37.16746503397928,0 37.00958178070974,37.17027418440265,0 37.00956112568164,37.17050876210927,0 37.00953595629275,37.17079501562388,0 37.0085947219314,37.1719342119553,0 37.00581727759244,37.17345876224293,0 37.00451199573302,37.17373199305669,0 37.00513998834426,37.17637600071937,0 37.00469196813894,37.17966303293638,0 37.00307697268933,37.1813059869579,0 36.99895196421829,37.18216299875775,0 36.99805597287268,37.18309202145622,0 36.99626195639039,37.18487796781962,0 36.99724899102014,37.18687797447587,0 36.9989520444835,37.18980701479109,0 37.00083599718155,37.19166397365218,0 37.00164298651139,37.1935219915342,0 37.00110504293622,37.19723602675349,0 37.00083596445167,37.1995930243386,0 37.00307698728108,37.20545001570808,0 37.00343597880653,37.20923503871249,0 37.0045886915972,37.21431837277207,0 37.00460198617549,37.21437698708222,0 37.00460207627916,37.21437698541695,0 37.00460216055947,37.21437696938488,0 37.00912897036652,37.21348796176922,0 37.00912905933053,37.2134879592092,0 37.01240712742374,37.21348804163964,0 37.01541182517246,37.21441590616637,0 37.01693780704514,37.21542890678987,0 37.0170247040888,37.21542891027716,0 37.01707602230962,37.215462975618,0 37.0186019961559,37.21546301903047,0 37.02000605963978,37.21532308094665,0 37.020688753073,37.21714990213538,0 37.02079737608832,37.2174575359436,0 37.01936594769987,37.21877986656457,0 37.02895534537337,37.22171733463008,0 37.01846327853073,37.23946128786483,0 37.00408209400584,37.24378028984741,0 37.01119502296599,37.25493218199096,0 36.99973548835465,37.25494817940362,0 36.99509404959111,37.25884302681667,0 36.98955622635115,37.26470545350304,0 36.98775826638221,37.2684215382669,0 36.9823347807602,37.27959636847303,0 36.97709445146648,37.29495358253141,0 36.97252139151582,37.29412958209992,0 36.97257209435695,37.29454922551966,0 36.97104798697062,37.29790196146563,0 36.96829498724094,37.29999299535786,0 36.96310812625043,37.30342303562153,0 36.95709303549257,37.30612499823498,0 36.95672202419911,37.30635698802934,0 36.9531129541192,37.30981401703968,0 36.95131997371811,37.31209617096541,0 36.94737405964765,37.31414070150289,0 36.94540102241194,37.31516291961614,0 36.94181404314335,37.31680319286578,0 36.93741995437585,37.31937102808472,0 36.93401299947713,37.32136803792587,0 36.92778914173449,37.32287700542107,0 36.9246639619839,37.32489704014179,0 36.92233299448704,37.32632413659645,0 36.91892500337184,37.32760698802917,0</coordinates></LinearRing></outerBoundaryIs>
          <innerBoundaryIs><LinearRing><coordinates> 36.9747480245364,37.27849201650663,0 36.97517300914279,37.27862297206785,0 36.97474811698404,37.27849201574532,0 36.97395298445697,37.2780030010043,0 36.9747480245364,37.27849201650663,0</coordinates></LinearRing></innerBoundaryIs>
        </Polygon>
      </MultiGeometry>
    </Placemark>
    <Placemark id="ID_00006">
      <name>{8F014A2B-53F9-4823-9FAE-E51D55B81A67}</name>
      <Snippet></Snippet>
      <description><![CDATA[<html xmlns:fo="http://www.w3.org/1999/XSL/Format" xmlns:msxsl="urn:schemas-microsoft-com:xslt">
<head>
<META http-equiv="Content-Type" content="text/html">
<meta http-equiv="content-type" content="text/html; charset=UTF-8">
</head>
<body style="margin:0px 0px 0px 0px;overflow:auto;background:#FFFFFF;">
<table style="font-family:Arial,Verdana,Times;font-size:12px;text-align:left;width:100%;border-collapse:collapse;padding:3px 3px 3px 3px">
<tr style="text-align:center;font-weight:bold;background:#9CBCE2">
<td>{8F014A2B-53F9-4823-9FAE-E51D55B81A67}</td>
</tr>
<tr>
<td>
<table style="font-family:Arial,Verdana,Times;font-size:12px;text-align:left;width:100%;border-spacing:0px; padding:3px 3px 3px 3px">
<tr>
<td>FID</td>
<td>6</td>
</tr>
<tr bgcolor="#D4E4F3">
<td>ID</td>
<td>{8F014A2B-53F9-4823-9FAE-E51D55B81A67}</td>
</tr>
<tr>
<td>AD</td>
<td>ŞEHİTKAMİL</td>
</tr>
<tr bgcolor="#D4E4F3">
<td>KIMLIKNO</td>
<td>1844</td>
</tr>
<tr>
<td>ILID</td>
<td>{FFB0E469-39AF-48CD-826C-9FA775F95571}</td>
</tr>
</table>
</td>
</tr>
</table>
</body>
</html>
]]></description>
      <styleUrl>#PolyStyle00</styleUrl>
      <MultiGeometry>
        <Polygon>
          <extrude>0</extrude><altitudeMode>clampToGround</altitudeMode>
          <outerBoundaryIs><LinearRing><coordinates> 37.45062799668044,37.33930600497418,0 37.45035303772989,37.33943697697446,0 37.45006001261277,37.33952401407807,0 37.44897896706439,37.33985896621115,0 37.44797200619716,37.34019399179009,0 37.44649702329976,37.34100999001236,0 37.4435660286994,37.34278696284161,0 37.44070898493219,37.34450501992752,0 37.43990300443833,37.34473804492704,0 37.43898699293148,37.34482497734377,0 37.43579996203643,37.34505799241614,0 37.43345698327557,37.34513597056967,0 37.43195102583564,37.34446196168346,0 37.42960295495737,37.34337701707334,0 37.4292860132211,37.34249404510829,0 37.42842902027187,37.34186297135745,0 37.42782601873234,37.34148501495977,0 37.42754002457128,37.33989499493131,0 37.42766702138748,37.33881002830287,0 37.42752186848856,37.33883231294131,0 37.4274240095618,37.33884733438715,0 37.42216097385321,37.33965502839425,0 37.42025697362532,37.34041196589462,0 37.4188279835402,37.34048796039345,0 37.41543304096353,37.34084096711067,0 37.41337001783126,37.34147200906357,0 37.40999013704413,37.34181296309377,0 37.40999004800236,37.34181296865997,0 37.40976799579523,37.34133296522413,0 37.41030695769207,37.34024797335226,0 37.41043400385717,37.33911300947663,0 37.41043400439565,37.33911297793669,0 37.41043387655728,37.33911247762749,0 37.41018002408857,37.33812902736626,0 37.40916503014018,37.33684204522623,0 37.40668901020756,37.33545403037626,0 37.40316703037201,37.33424301103398,0 37.40180204737507,37.33343600482847,0 37.40091298350349,37.33277897641829,0 37.40092601774957,37.33219354956276,0 37.40094500356968,37.33134118783504,0 37.4009450059643,37.33134101302045,0 37.40094495346332,37.33134091994237,0 37.40040599185553,37.33035704366269,0 37.39939001591394,37.32954903045223,0 37.39900899029901,37.32783299622867,0 37.39881902920829,37.32768195850847,0 37.39786704314339,37.32780801714443,0 37.39709504681209,37.32792401057109,0 37.39700703251251,37.3278827958081,0 37.39593100521508,37.32737895883203,0 37.3952010437955,37.32682399633441,0 37.39199599472822,37.32647102052626,0 37.39101198500313,37.32599102200321,0 37.38974202565689,37.32520898187855,0 37.38929803021725,37.32455303119326,0 37.3892786279139,37.32442418180111,0 37.38920302603375,37.32392199753429,0 37.38872702539664,37.32298796524424,0 37.38812400135932,37.32228097905691,0 37.38620803233307,37.32265002297818,0 37.38463709042818,37.32283999440035,0 37.38463700027837,37.32283999996028,0 37.38386301717761,37.32337901503656,0 37.38340301925467,37.32353695948118,0 37.38311701444039,37.32359698222144,0 37.38289899590712,37.32356303469913,0 37.38231998968507,37.32344301523881,0 37.38171700497816,37.3234770007024,0 37.38137103651125,37.32358097568545,0 37.38104195454673,37.32373296667613,0 37.38085598265145,37.32377703948417,0 37.38072100198582,37.32371400323773,0 37.38051100127842,37.32370104387265,0 37.38031996706815,37.32361604346598,0 37.38016602199464,37.32356900010518,0 37.37987597679379,37.32358103451791,0 37.37976500558477,37.32352798990907,0 37.37966599648129,37.32338604279255,0 37.37966651237134,37.32338525834401,0 37.3797689748489,37.32323101765847,0 37.37980498688435,37.32312399297315,0 37.37980470535626,37.32312358902124,0 37.37973702808309,37.32302602016242,0 37.37959799066076,37.32295996303969,0 37.37925296383181,37.32302895987547,0 37.3788840128851,37.32318402068378,0 37.37858704316194,37.32325002105505,0 37.37832103668831,37.32323798068477,0 37.37815001105516,37.32321897705025,0 37.3780709667373,37.32310500155153,0 37.37799198170356,37.32292803714488,0 37.37787298812054,37.32288400551841,0 37.37784954972056,37.32289296558678,0 37.37773442374344,37.32285036455355,0 37.37753544800025,37.32292639480053,0 37.3773494465027,37.32309635318123,0 37.37715846542574,37.32314138036607,0 37.37665142463108,37.32318540045876,0 37.37642448080315,37.32313135872926,0 37.37626641793599,37.32314437225716,0 37.37591745680312,37.32327332915398,0 37.37581847457245,37.32337739017014,0 37.37535347098842,37.32348138221699,0 37.37488942751183,37.32364835126396,0 37.37464743729632,37.32366738337277,0 37.37451239475416,37.32363633123126,0 37.37433039942266,37.32359239732345,0 37.37382245427693,37.3236893114131,0 37.37348544565948,37.32370836425957,0 37.3730117375085,37.32387770500696,0 37.37279813842196,37.32385580460259,0 37.37263603136757,37.32373599687464,0 37.37234300712657,37.32355898640552,0 37.37224321814391,37.3235487611392,0 37.37220444489055,37.32352533892863,0 37.37177546054822,37.32348138161794,0 37.37134746308595,37.3235633913144,0 37.37090240173691,37.32371534534038,0 37.3705964250714,37.32374722137753,0 37.37020801952422,37.32355300296408,0 37.36982002717583,37.32333203154131,0 37.36941497400139,37.32318100355597,0 37.36935452996113,37.32317647940273,0 37.36927641366333,37.32314735260702,0 37.3687684370738,37.32310934488694,0 37.36826848467454,37.32318532680092,0 37.36796741508422,37.32332334947217,0 37.36763444681731,37.32348832309923,0 37.367213451075,37.32355131306999,0 37.36683244523768,37.32374630654493,0 37.36639644580467,37.32388534259539,0 37.36592845644244,37.32386632619824,0 37.36538841015484,37.32378433868524,0 37.36492844488856,37.32368934916941,0 37.36424641544861,37.32372731454185,0 37.36363543457614,37.32386033774819,0 37.3631274422091,37.32415635943673,0 37.36268348237218,37.32436531277602,0 37.3618104357903,37.32447836579542,0 37.36157645621437,37.32457036256162,0 37.36098947100673,37.3249043211179,0 37.36071145886954,37.32498033147346,0 37.36028344844666,37.32495434419467,0 37.35986241921176,37.32495431841335,0 37.35919858193002,37.32486345632102,0 37.35919828111693,37.32486341653073,0 37.35820800259992,37.32450303974284,0 37.35704201192731,37.32387796103556,0 37.35671704653956,37.32356304368442,0 37.35647104049488,37.32332300482021,0 37.35634714212117,37.32330364187301,0 37.35633248406829,37.32328933861297,0 37.35600640479716,37.32323837710919,0 37.35543548981811,37.32336432085638,0 37.3550384465909,37.32373031765538,0 37.35433247536907,37.32402136064793,0 37.35392843176286,37.32421035899147,0 37.35349139716443,37.32424131299675,0 37.35295247118491,37.32436129196291,0 37.35284681006903,37.32435256532195,0 37.35275004748263,37.32419303948824,0 37.35264598019653,37.32409303380582,0 37.35228099197693,37.32409900557496,0 37.35177400651759,37.32413697124945,0 37.35124201113505,37.32424397673117,0 37.35102800062392,37.32437600503463,0 37.3507659598033,37.32438296146908,0 37.34999997742628,37.32446803186186,0 37.34934996403916,37.3244549910689,0 37.34920701533824,37.32430396891074,0 37.34894500992952,37.32411501300683,0 37.34857197018356,37.32398796989077,0 37.34821497157608,37.32377396350299,0 37.34813555901566,37.32377574330231,0 37.3481335484778,37.32377453549302,0 37.34807641428468,37.32374028580804,0 37.34780645067701,37.32374633578521,0 37.34724346209372,37.32385331691028,0 37.34702145603195,37.32386629697903,0 37.34675142368673,37.32379034116556,0 37.34649254785785,37.32379034888197,0 37.34609704636406,37.32369201598446,0 37.34609541254726,37.3236923823473,0 37.34609275628985,37.32369171882615,0 37.34595849009332,37.32365833578663,0 37.34559346594022,37.32374034691242,0 37.34461744917631,37.32420733220302,0 37.34395141224184,37.3245222803781,0 37.34363343450107,37.32456031633119,0 37.34348275748315,37.32452700605258,0 37.34331201882302,37.32436699517916,0 37.34320047944902,37.32435863028029,0 37.34317346700627,37.32433331437385,0 37.34284040945712,37.32430834901217,0 37.3427924200188,37.32438332798761,0 37.34252164083688,37.32453918073385,0 37.34242302599939,37.32450603960611,0 37.34185200723584,37.32402599281227,0 37.34174386074693,37.32401787185503,0 37.34151904042914,37.32400101998058,0 37.34149820458405,37.32397616521554,0 37.3414458519746,37.32397223869197,0 37.34137140974691,37.32395650586275,0 37.34112643431489,37.32366427863981,0 37.34085645813542,37.32381629839449,0 37.34120546194293,37.32406835752465,0 37.3411424392719,37.32424533536545,0 37.34093642328706,37.32432030299577,0 37.34068241912793,37.32424532287509,0 37.34036445323902,37.32391730409837,0 37.34017449085206,37.32400533544072,0 37.34017444847909,37.32420728229216,0 37.34033347943981,37.32435831531661,0 37.34015845174766,37.32461135622735,0 37.33980940614153,37.32440930807898,0 37.33973044823111,37.32458529529672,0 37.33982542534228,37.32478733732018,0 37.33992047335032,37.32495135043817,0 37.33970648355621,37.32509633480922,0 37.33919347789599,37.3252256377396,0 37.33872597364301,37.32468202370347,0 37.33815502157655,37.32408904440558,0 37.33740903817504,37.32372296213205,0 37.3364730051252,37.32328197681482,0 37.3356790197907,37.32253704709992,0 37.33517196604393,37.32236100664115,0 37.33512391755634,37.32235873516415,0 37.33503342015316,37.32232731616002,0 37.33395448424693,37.32227631682814,0 37.33231942095156,37.32203629230558,0 37.33152648120476,37.32204927454288,0 37.33041549443317,37.32259227774259,0 37.32922542680653,37.32305830013828,0 37.32687749092217,37.32392930033325,0 37.3254014818712,37.32452230857119,0 37.32430644995328,37.32477526692261,0 37.32303647738491,37.32477532822622,0 37.32256048058185,37.32462331067482,0 37.32224347126739,37.32430829861612,0 37.32216441093275,37.32375326548804,0 37.32202984642208,37.32367562095144,0 37.32128699355271,37.32359700592529,0 37.32124539925044,37.32357355963903,0 37.32068404075941,37.32325697967014,0 37.32028701455078,37.32311803714931,0 37.31949400102246,37.32236100188145,0 37.31932192161137,37.32182303214741,0 37.31927201109324,37.32166698129713,0 37.31914501641077,37.32107300694219,0 37.31889098444366,37.32015206407609,0 37.31889096729919,37.32015198678382,0 37.31889109502018,37.32015129071233,0 37.31896995973688,37.31973603480372,0 37.31876397242333,37.31948303762567,0 37.31766096799239,37.31917001213317,0 37.3169470021383,37.31889698320941,0 37.31578897136429,37.31834097616693,0 37.3147100259826,37.3177729896742,0 37.31439198887893,37.31729395806043,0 37.31424998272833,37.31620902257477,0 37.31420203403049,37.31564102097052,0 37.31397996159859,37.31541396511022,0 37.31320196360822,37.31528698227575,0 37.31286203368235,37.31521236480798,0 37.31274200973191,37.31518602142772,0 37.31236104150597,37.31479500340046,0 37.31226596719038,37.31445398258115,0 37.31226597547683,37.31445394014359,0 37.31226617669973,37.31445331624167,0 37.31232893923653,37.31425692556666,0 37.31252004222566,37.31365896464798,0 37.31304401463427,37.3129529557301,0 37.31332902486122,37.31235900032897,0 37.31398003125264,37.31170303521873,0 37.31420198270668,37.31104696942993,0 37.31439202797943,37.31032799320046,0 37.31421800490968,37.30997397214893,0 37.31372600323586,37.30981001891652,0 37.31290100738197,37.30944402744652,0 37.31266304234332,37.30917902943204,0 37.31266341797333,37.30917773327108,0 37.31272601896615,37.30896403728442,0 37.31340902569606,37.30873702606233,0 37.31383704705235,37.30863603057261,0 37.31404298751229,37.30833303079358,0 37.314012040709,37.30771500586376,0 37.31366297592307,37.30709699837657,0 37.31282198000643,37.30661700877393,0 37.31251996043617,37.30622601899649,0 37.31236097608155,37.30574602433115,0 37.31119899378901,37.30613297370946,0 37.31062701555052,37.30618400776824,0 37.31027702164013,37.30605703925532,0 37.30954599926497,37.30577901538194,0 37.30872001539707,37.30572795620032,0 37.30805206280663,37.30582996035807,0 37.30805197492506,37.30582996583443,0 37.30754302007967,37.30608196294224,0 37.30703500671596,37.30608198950078,0 37.30652603550311,37.30603200964105,0 37.30598603752438,37.30651197458334,0 37.30535001623108,37.30760001522079,0 37.30468203376326,37.30894000145868,0 37.30477797211896,37.30934401188684,0 37.30496800810169,37.31048195821082,0 37.30465100579794,37.31131703715931,0 37.30382399081903,37.31179700143625,0 37.30395093798904,37.3130353746229,0 37.30395100919964,37.31303603605269,0 37.30382397176498,37.3134660203847,0 37.30376003623207,37.31379402286772,0 37.30404598913605,37.31437598806617,0 37.30395099678409,37.31485599711033,0 37.30355876854553,37.31497316137095,0 37.30344209956638,37.31500802684197,0 37.30344201410048,37.31500804219907,0 37.30318799848605,37.31432497351371,0 37.30283802696301,37.31417401004081,0 37.30258399119788,37.31384500420166,0 37.30233002749345,37.31427503547894,0 37.30188500715408,37.31455298254414,0 37.30167818640428,37.31457848243792,0 37.30147096375739,37.31460403774724,0 37.30113120904082,37.31447763716344,0 37.300995010121,37.31442697216317,0 37.30095551705465,37.31443007599445,0 37.30036122719933,37.31447685992198,0 37.30035914877728,37.31447702241542,0 37.30035902266322,37.3144770355141,0 37.30140801550587,37.31510901149931,0 37.30124900866446,37.31526099567007,0 37.30058099610004,37.31538700764357,0 37.30045400083954,37.31584204124761,0 37.30112205066395,37.31665204129809,0 37.30080404365898,37.31690398374678,0 37.30016797432797,37.31677796474883,0 37.29940503908163,37.3166770366643,0 37.298895968718,37.31687898974792,0 37.29873402540684,37.31737504711352,0 37.29860996677078,37.31746102543261,0 37.29837597584029,37.31762597927455,0 37.29622602821444,37.31859801565806,0 37.29479503747291,37.31892701229938,0 37.29473203703208,37.31907900562019,0 37.29441398461805,37.31935697413767,0 37.29352398705239,37.31940699041008,0 37.29252604271591,37.31931597705351,0 37.29246302033755,37.31961900123579,0 37.29112804679575,37.32015002541269,0 37.28985596083371,37.32032700923928,0 37.28791696298028,37.32045302574773,0 37.28791704403162,37.31984700178433,0 37.28642198350025,37.32002403321272,0 37.28670898040334,37.32234903292395,0 37.28731301876535,37.322805023921,0 37.28753503263067,37.32323398543468,0 37.28778896466892,37.32424600647021,0 37.2880760385622,37.32447303460457,0 37.28887001160474,37.32487801471218,0 37.28931496932865,37.32551001020052,0 37.28965702122296,37.32623603302402,0 37.29008596260332,37.32717197331243,0 37.29002301665947,37.32833495969032,0 37.28965702654713,37.32847403538267,0 37.28949812259348,37.32880170473952,0 37.28949799085859,37.32880198457557,0 37.28951403964263,37.32909297112835,0 37.28957798611352,37.32937099854449,0 37.28968898998221,37.32963598760956,0 37.2905422247404,37.33048739481727,0 37.29062696980237,37.33057196163008,0 37.29088095433804,37.33033200803736,0 37.29143700876986,37.33120401809413,0 37.29171807988502,37.33113850220644,0 37.29181904751513,37.33111496912264,0 37.29200999054247,37.33140601921428,0 37.29208879772033,37.33185997658757,0 37.29208898642263,37.33186104668156,0 37.29193003428848,37.33208791272953,0 37.29192999257831,37.33208798075785,0 37.29172440629912,37.33220175332794,0 37.29172402625068,37.33220196199811,0 37.29197761208022,37.33294670098633,0 37.29197804324309,37.33294796123996,0 37.29143696663603,37.33313698079241,0 37.29173898049319,37.33417396719985,0 37.29156503744945,37.33422398908125,0 37.29121502592695,37.33436298080307,0 37.29061103992795,37.3344769891529,0 37.28986409716446,37.3347549955464,0 37.28986400978672,37.33475503253797,0 37.28983201355326,37.33413606692918,0 37.2898320161828,37.33413602275296,0 37.28956204374921,37.33427503874815,0 37.28919600526346,37.33428803903331,0 37.28862402204293,37.33436302783275,0 37.28638300264991,37.33460396508839,0 37.2862079617567,37.33398398590767,0 37.27747697839862,37.34093804400913,0 37.27684197490483,37.34124200963007,0 37.2764280446826,37.34146896991457,0 37.27629528815294,37.34143203005055,0 37.27579198787167,37.34129200581802,0 37.27578078705303,37.34129367629296,0 37.27528397712419,37.34136803436513,0 37.27480695678375,37.34194901011163,0 37.27420298139479,37.34227803824034,0 37.27185000040936,37.34270798023505,0 37.27184999096175,37.34270788843759,0 37.27184256743492,37.34265025476031,0 37.27172296588936,37.34172204579433,0 37.27200901536351,37.34106500742481,0 37.26978402075322,37.3407360221203,0 37.26864001862793,37.34043298574556,0 37.26755900385599,37.34002797243306,0 37.26638197088627,37.33990198278801,0 37.26584203960248,37.33974997108947,0 37.26577796316057,37.33954799032809,0 37.26526998088107,37.33939698556097,0 37.2649834868044,37.3394344712677,0 37.26469700265275,37.33947196068097,0 37.26437948754296,37.33944696621322,0 37.26406198060734,37.33942197620957,0 37.26396597603133,37.33921997250529,0 37.2633300274105,37.33922000785192,0 37.26231297440834,37.3388410264097,0 37.26229315996474,37.33885149362077,0 37.26202703920441,37.33899204763939,0 37.26181065295899,37.33904937210135,0 37.26097797877138,37.33926997531057,0 37.25967500166785,37.33932098508755,0 37.25946449335958,37.33916571585741,0 37.25922903530392,37.33899203827872,0 37.25887200771665,37.33678098939255,0 37.25873970584018,37.33678584078015,0 37.25786204762633,37.3368179584948,0 37.25786204496023,37.33681813691582,0 37.25786202616599,37.33737495828982,0 37.2575449867991,37.33742500848936,0 37.25750900109416,37.33737503655565,0 37.25729000238783,37.33707104526279,0 37.25716210229079,37.3370520380881,0 37.25627298794835,37.33692000124745,0 37.25487406866456,37.33707101080019,0 37.25487398075664,37.33707101713857,0 37.25388901875558,37.33762701633277,0 37.25449299199357,37.33853699083951,0 37.25442902803224,37.33886596125242,0 37.25271209654858,37.33886604017703,0 37.25210798417052,37.33896696811611,0 37.25140901345495,37.3386130048848,0 37.25096402806464,37.33848704244907,0 37.25051924981651,37.33868889445261,0 37.25051900012414,37.33868901151587,0 37.25061398360453,37.33937089748602,0 37.25061399189758,37.33937098929763,0 37.25112299038383,37.34017997504218,0 37.25182204363986,37.34096396884965,0 37.25239397409495,37.34136802878792,0 37.25268103079744,37.34205004572794,0 37.2529979827496,37.34313695133251,0 37.25299798104694,37.34313698468654,0 37.25299106561407,37.34317975593441,0 37.25288112566893,37.34385855094792,0 37.25287126744938,37.34391954759391,0 37.25287123996084,37.34391959113175,0 37.25287101820497,37.3439209827802,0 37.25245798557645,37.34452696142503,0 37.25144103390845,37.3449570303881,0 37.24962897205265,37.34538701700169,0 37.24864298037245,37.34536102839284,0 37.24788000871708,37.34515902185036,0 37.2472759799416,37.34533598107515,0 37.24670403409498,37.34528595935758,0 37.24641797277603,37.34488102251207,0 37.24578199327757,37.34452699437337,0 37.24460602960703,37.34376897854801,0 37.24292099970151,37.34339000853615,0 37.24145798158026,37.34283404605733,0 37.24069496913475,37.34210103213547,0 37.23939198103317,37.34136799855008,0 37.23840698556553,37.34101397889395,0 37.23767495456225,37.34101398036588,0 37.23713501333242,37.34260601541617,0 37.23669022467358,37.34381951424193,0 37.23669004557814,37.34382001615496,0 37.23700782003864,37.34647147574979,0 37.23700799272935,37.34647292180838,0 37.23700800100688,37.34647301362112,0 37.23583100647198,37.34634699023862,0 37.23468700083593,37.34647302308665,0 37.23468699143289,37.34647293128548,0 37.23468025640173,37.34642469227273,0 37.23456002897932,37.34556400347412,0 37.23344722102105,37.34563896119605,0 37.23344703943604,37.34563896759444,0 37.23344706561181,37.34543914298753,0 37.2334470441856,37.34541196532794,0 37.23077698643338,37.34558900805034,0 37.23026798897895,37.34295996536047,0 37.22974400632251,37.34166000948426,0 37.22974422378231,37.34165895128088,0 37.23016034651086,37.3396741380584,0 37.23016619260848,37.33964624613811,0 37.23025305003005,37.33923196909257,0 37.23095295667125,37.33761297459284,0 37.22999896535509,37.33680302811103,0 37.22764498122258,37.33533598357666,0 37.22707198957982,37.33305903841025,0 37.22707217598138,37.33305808144173,0 37.22745397012199,37.33113696683657,0 37.22439901828174,37.32845497862553,0 37.22395397030134,37.32673504438105,0 37.22369896212604,37.32369916860656,0 37.22369895357887,37.32369898940033,0 37.22348701350148,37.32241698914291,0 37.22338105333316,37.32177596477379,0 37.22032702221033,37.31924498138102,0 37.22032702572093,37.31631000528753,0 37.21838199701289,37.31558001434719,0 37.20815004856603,37.31115202269416,0 37.20706300528561,37.30869403181791,0 37.20528898268889,37.30467897478131,0 37.20563799084448,37.3034149663488,0 37.20818097783093,37.30081000383542,0 37.20822826659381,37.30068583679656,0 37.20859499558389,37.29972303251925,0 37.20859505404602,37.29972210481069,0 37.20875980018933,37.29724529352082,0 37.20888100183141,37.29542301478371,0 37.20856304160059,37.29491801029769,0 37.20741804319697,37.29420903704814,0 37.20652799890939,37.29372896672476,0 37.20509800294463,37.29226202521047,0 37.20443001964325,37.29213599678662,0 37.20191896740878,37.29044102765268,0 37.2005829994101,37.28985900711331,0 37.20036098118191,37.28932804172531,0 37.19969303872129,37.28889802221627,0 37.19902596893346,37.28824098762022,0 37.19829497790317,37.28765902854778,0 37.19711804461739,37.28697596187504,0 37.19505198435279,37.28487703584076,0 37.19552902893881,37.28459799384562,0 37.19591001904834,37.28409201606,0 37.19597400324376,37.28340999944624,0 37.19597387249804,37.28340971785767,0 37.19559203859622,37.28262498085115,0 37.19524296346894,37.28186702323378,0 37.19514701007037,37.28148697929167,0 37.19530604602397,37.28087997409249,0 37.19578298829786,37.28027299540817,0 37.19675296841928,37.27990597926701,0 37.19675318229625,37.27990446164448,0 37.1968294556526,37.27936785725939,0 37.19683490843458,37.2793294858489,0 37.19719440771433,37.27680024263211,0 37.19719447949074,37.27680014730245,0 37.19745891615288,37.27643592955348,0 37.19749497464092,37.27468496050923,0 37.19747203259934,37.27454001467384,0 37.1952940194629,37.2742620306502,0 37.19345001455003,37.27408499521908,0 37.1918450008634,37.27404700967526,0 37.19044603371326,37.27414795835353,0 37.18958798534589,37.27423697017367,0 37.18853903211955,37.27438799779149,0 37.18752110428841,37.27457799608237,0 37.18591603467527,37.27496996448387,0 37.18464396423612,37.27531198877162,0 37.18373803208428,37.27565304132146,0 37.18253000758695,37.27608298948535,0 37.18152897252241,37.27657700094618,0 37.18081399043098,37.27695595590385,0 37.18012995872136,37.27730999738912,0 37.1789899909382,37.27802796191735,0 37.17894797582147,37.27795800058172,0 37.17871895571304,37.27729395883814,0 37.17828999584891,37.27664903217895,0 37.17781298877781,37.27624501090295,0 37.17636700958475,37.27561199019906,0 37.17582596931951,37.27513199947711,0 37.17569611343399,37.27487940405812,0 37.1755719904787,37.27463797787215,0 37.17554004184215,37.27434703768429,0 37.17549303634092,37.27418304146764,0 37.17512701771415,37.27390497058365,0 37.17455500428324,37.27331002124007,0 37.1740620255282,37.27290497062057,0 37.17372798447074,37.27247500454121,0 37.17349000357225,37.27169100607378,0 37.1733789904109,37.27093197178054,0 37.17285397223595,37.27009701499803,0 37.17271104227002,37.26975598624625,0 37.17274297697982,37.26935104583582,0 37.17285399317262,37.2690850051418,0 37.17285398385683,37.26908491333306,0 37.17285383989104,37.26908377230345,0 37.17282197900737,37.26883200252592,0 37.1726789784843,37.26863002423554,0 37.17213901694088,37.26849100646297,0 37.17208152762523,37.26847794642475,0 37.17208144162378,37.26847792565253,0 37.17136002641685,37.26831398015599,0 37.17077201901999,37.26809900768009,0 37.17045401997653,37.26781999808779,0 37.1702630240061,37.26760497467408,0 37.17004099671928,37.26693498866104,0 37.16976996522911,37.26675797359665,0 37.1693889629593,37.26675804393621,0 37.16905513632538,37.26679603208943,0 37.16905504961731,37.26679603835169,0 37.16876898565229,37.26665702007121,0 37.16872103843836,37.26646698606127,0 37.16867297070903,37.26623901427035,0 37.16867301155493,37.26607076003675,0 37.1686729899445,37.26602399339153,0 37.16856199924172,37.26583404378228,0 37.16833996378238,37.26574602815132,0 37.16812421582583,37.26572689572465,0 37.16791104411392,37.26570799607094,0 37.1674020434101,37.26565696342516,0 37.16692502690664,37.26546701465963,0 37.16673403493559,37.26522702333833,0 37.16660703017401,37.26487303473278,0 37.16633702699094,37.26456902562864,0 37.16581202237015,37.26434196470282,0 37.16551003079613,37.26402502589191,0 37.16523999033291,37.26351897249899,0 37.16509695932484,37.26297499177182,0 37.16401904286469,37.26294098942859,0 37.16173000195931,37.26253704092672,0 37.16171281271357,37.2625245281435,0 37.16099902468989,37.26200504466286,0 37.15969497627506,37.26043699417914,0 37.1590279772644,37.25985497061697,0 37.15785196818319,37.2597030058367,0 37.15715213666475,37.25967803800641,0 37.15715204876763,37.25967803976656,0 37.15546803755691,37.26015795841887,0 37.15413298141348,37.2625870185724,0 37.15317901619045,37.2632959851173,0 37.15178001798421,37.26359896977381,0 37.14898296639713,37.26294099394138,0 37.14720304690719,37.26319399941386,0 37.14478702609333,37.26314403274721,0 37.14090897939123,37.26354896910686,0 37.13912903007546,37.26410501121185,0 37.13722197574214,37.26668600852237,0 37.13563203757346,37.26734299522398,0 37.13429702136262,37.26714095848055,0 37.13238997316667,37.26587603856781,0 37.13022798693466,37.26567402030624,0 37.12851199155088,37.26461096543454,0 37.12685901259402,37.26304299282916,0 37.12336198927105,37.2612719904768,0 37.12183597116912,37.26015801238846,0 37.12031004863702,37.2592480402521,0 37.11511498474656,37.25889597368739,0 37.11522395830259,37.25762798677403,0 37.11471604027934,37.25641402198978,0 37.11401603872439,37.25530099363804,0 37.11318997141149,37.25484501942454,0 37.11307701673942,37.25482507198589,0 37.11307697580924,37.25482504804377,0 37.113073174566,37.25482294931847,0 37.11305163878355,37.25481106220253,0 37.11095870747842,37.25374272848437,0 37.11259887736778,37.25019158857994,0 37.12194811361704,37.24771457867671,0 37.12017558033077,37.24201719385021,0 37.10048587165561,37.21887510403928,0 37.10009298615433,37.21875700507121,0 37.09933102137901,37.21804800280492,0 37.09901304753645,37.21673198624364,0 37.09767798333323,37.21511196414512,0 37.09494395531843,37.21242795817676,0 37.09297300751609,37.20994700433596,0 37.09293984517253,37.21004529294576,0 37.09293952513849,37.21004489495129,0 37.0928347658914,37.20991302177349,0 37.09229080998053,37.20923787270022,0 37.08011802925088,37.19491722040441,0 37.07577560989083,37.20444151476539,0 37.05991737756339,37.19851840605638,0 37.03167119463775,37.20741042466224,0 37.02089253061726,37.21736963129604,0 37.0208269742069,37.2171839664939,0 37.02012704243192,37.21531103311133,0 37.02000605965191,37.21532308184754,0 37.0186019961559,37.21546301903047,0 37.01707602232171,37.21546297651891,0 37.01555003794532,37.21444997771997,0 37.01243500185659,37.21348804213785,0 37.00912905933053,37.2134879592092,0 37.00912897036652,37.21348796176922,0 37.00460216055947,37.21437696938488,0 37.00460207627916,37.21437698541695,0 37.00460198618743,37.21437698798314,0 37.00343597994483,37.20923503960385,0 37.00307698841931,37.20545001659946,0 37.00083596558979,37.19959302523001,0 37.00110504407431,37.19723602764488,0 37.00164298764943,37.19352199242559,0 37.00083599831955,37.19166397454357,0 36.99895204562146,37.18980701568251,0 36.99724899215803,37.18687797536732,0 36.99626195640222,37.18487796872054,0 36.99805597401052,37.18309202234765,0 36.99895196535613,37.18216299964919,0 37.00307697382719,37.18130598784929,0 37.0046919692768,37.17966303382774,0 37.00513998948207,37.17637600161073,0 37.00451199685886,37.17373199304715,0 37.00581727760439,37.17345876314385,0 37.00859472306919,37.17193421284664,0 37.00953595743054,37.17079501651521,0 37.00956112681941,37.17050876300059,0 37.00958178184752,37.17027418529397,0 37.00982897978984,37.16746503487061,0 37.00955698206329,37.16731396947694,0 37.00910903842988,37.16702696866371,0 37.00817203159622,37.16640500898416,0 37.00750502158354,37.16599297783461,0 37.00733104178139,37.16587901390248,0 37.00783199416081,37.16526302166006,0 37.00812599645688,37.16500899671241,0 37.00834896839366,37.16495897608325,0 37.00853099647253,37.1648890260842,0 37.00888100089861,37.16477501944464,0 37.00917498906122,37.16466698597205,0 37.00938195911172,37.16463602379221,0 37.00948102444444,37.16455704620275,0 37.00948103391862,37.16448098568566,0 37.0097750092722,37.16438601742094,0 37.00987796620145,37.16448102738141,0 37.00998104164275,37.16482900186504,0 37.01034698143374,37.16480299187152,0 37.01059297981464,37.16468301830186,0 37.01087900425946,37.16456297217614,0 37.0111570329281,37.1645120242689,0 37.01104602262971,37.16398000517429,0 37.01093503557643,37.16385397416631,0 37.01095103320634,37.16328401060118,0 37.01079202587124,37.16301798236891,0 37.00980696959325,37.16225802031212,0 37.0100449894584,37.16185297652555,0 37.010395036392,37.16156197061893,0 37.01076003869795,37.16139700228425,0 37.0109030339156,37.16126997583992,0 37.01082401580094,37.16071298904377,0 37.0109980322805,37.1603840100116,0 37.01142701454018,37.16028202826949,0 37.0121740087387,37.1597509738134,0 37.01255599334539,37.15958603602689,0 37.01285803297986,37.15962400790708,0 37.0142079683855,37.1599400474988,0 37.0144940029317,37.16043397791301,0 37.01449396125157,37.1606880260957,0 37.01479596019247,37.16104204299128,0 37.01579796998392,37.16128299962546,0 37.01609902933532,37.16092796052406,0 37.01613097927281,37.16049799588362,0 37.01694199146458,37.16077599688102,0 37.01705295804035,37.16100403855636,0 37.01851497583564,37.1615239980561,0 37.01876902416451,37.16162500159705,0 37.01899200067849,37.16154900622595,0 37.01903895866068,37.16134601371908,0 37.01887997534524,37.16104196509664,0 37.01888000401431,37.1608780370561,0 37.01900804502122,37.1607379719075,0 37.01961097193655,37.16056101721211,0 37.02046999732771,37.15993999912371,0 37.02091397735099,37.16010496825406,0 37.02112097005411,37.16042202835007,0 37.02164502701836,37.16056098151201,0 37.0219950056787,37.16058599075834,0 37.02218598271229,37.16047196486723,0 37.02242398230317,37.16025695854237,0 37.02280599384495,37.1601300169152,0 37.02318697823387,37.16016800361101,0 37.02340895988364,37.16006704582861,0 37.02407702165651,37.16000395785031,0 37.02450602305934,37.16058602713627,0 37.02482396309274,37.16077604364261,0 37.02528504056891,37.16086496823423,0 37.0256500403359,37.16067499243688,0 37.02620604204008,37.16066197771258,0 37.02708001654371,37.16099199406371,0 37.02679397279329,37.16001604439836,0 37.02704800485372,37.15867403548992,0 37.0265719766749,37.1574580311426,0 37.0265080013525,37.156394002528,0 37.02638103434823,37.15472302231861,0 37.02628598676557,37.154039026581,0 37.02657204300683,37.15284796004414,0 37.02644502766551,37.15089796950309,0 37.02657202714143,37.14823797718129,0 37.0269850020513,37.14613496943306,0 37.02695301711723,37.1444629837076,0 37.02657196732698,37.14170095843631,0 37.0248549648934,37.1400799618475,0 37.02415596996303,37.13896500305985,0 37.02466500359249,37.13698896021153,0 37.024681020841,37.13591197859997,0 37.02436297961381,37.13502497348418,0 37.02461699589563,37.13462003172497,0 37.02645998730571,37.13434102521095,0 37.0284630077886,37.13391100315193,0 37.02966996663815,37.13312504260492,0 37.03068797248006,37.1316810348787,0 37.03167298168229,37.12980599140452,0 37.03178604090159,37.12981303905432,0 37.03178297850496,37.12981508039736,0 37.03185736670291,37.12998749227553,0 37.03921322985639,37.13236642342064,0 37.03945003232643,37.13258190593179,0 37.03966411441203,37.1323421739873,0 37.0397342836756,37.13226496715801,0 37.04094931295512,37.13207047839418,0 37.04240539190695,37.13179925302261,0 37.04508361552172,37.13131754192761,0 37.04627060159656,37.13068449548032,0 37.04765480077376,37.12999095314195,0 37.04870540906463,37.12942116088309,0 37.0489969762844,37.12937960278916,0 37.04927963621576,37.12941048565067,0 37.04963072110717,37.12942535088471,0 37.04962035347484,37.12940733216215,0 37.05021466748177,37.12689566257114,0 37.05027935534665,37.12681607344744,0 37.05032804009243,37.12676982693178,0 37.05060402155214,37.12650767797343,0 37.05079514811826,37.12641379854738,0 37.05098066576071,37.12627124670104,0 37.0518573685403,37.12639779299267,0 37.05254077716076,37.12649920421907,0 37.0533552146531,37.12661605303956,0 37.05430745375111,37.12675976272554,0 37.05511332217305,37.12689072075474,0 37.0552947733403,37.1269031542324,0 37.05597867008672,37.12709371888106,0 37.05701775189147,37.12738412837853,0 37.058215324618,37.12771759370374,0 37.05900500799932,37.12794465716389,0 37.05985914112338,37.12818050609105,0 37.06068115864341,37.1284189752463,0 37.0613709665068,37.12861179830409,0 37.06187597400296,37.12876179137956,0 37.06228397991779,37.12887519080582,0 37.06280110241279,37.12905019898972,0 37.06295701787482,37.12910961979998,0 37.06323709695111,37.12922114820798,0 37.06356446442113,37.12931957430332,0 37.06362857391092,37.12937728785568,0 37.06371170155231,37.12943736077271,0 37.06376968526737,37.1294134922877,0 37.06381869350782,37.12939332102209,0 37.06391085651466,37.1294203669066,0 37.0639780227038,37.12947044641926,0 37.06403295666668,37.12955104963038,0 37.0643327521266,37.12977747491197,0 37.06488052053473,37.13021328009115,0 37.06546381917898,37.13068036566831,0 37.06605604700331,37.13115790360702,0 37.0666018113653,37.1316060094293,0 37.06665946124529,37.13165114171702,0 37.06692123657912,37.13186475832394,0 37.06715874557209,37.13206805448711,0 37.0673005603694,37.13217213202762,0 37.06751133583339,37.13218954819706,0 37.06785182823732,37.13223037885499,0 37.06837217235016,37.13227309616211,0 37.069125375056,37.13234356545317,0 37.0694173584165,37.13236551488237,0 37.06999925275377,37.13241820621342,0 37.07037916446837,37.1324551597662,0 37.07113451287895,37.1325220811061,0 37.07169657424903,37.13256792256757,0 37.07232673731018,37.13262192480411,0 37.07277029395868,37.13266180524396,0 37.07327975814612,37.13270986858555,0 37.07383086240979,37.13275579911798,0 37.07448093484739,37.13282189940085,0 37.07478171823541,37.13284551099864,0 37.07585328782927,37.13292832787664,0 37.07673925136893,37.13299519912972,0 37.07753551287449,37.13305975991783,0 37.07859331000714,37.1331469047528,0 37.07903416992711,37.1331678648517,0 37.07902404134163,37.13315833057612,0 37.07931197018996,37.13291472273303,0 37.08433839097599,37.1286616913584,0 37.08441022549943,37.12791506645357,0 37.08432453391332,37.12769050737815,0 37.08426878123832,37.12752395227248,0 37.08428569335478,37.12734896208747,0 37.084585071056,37.12694218116763,0 37.08445621576394,37.12607306592975,0 37.084198469768,37.12569207971107,0 37.08420520175718,37.1252568691722,0 37.08460548087851,37.12474553537741,0 37.08547421155576,37.12384563406493,0 37.08788691733424,37.12130587957025,0 37.09136586172009,37.11765096156022,0 37.09109080205893,37.11722874288002,0 37.08729181617822,37.11139674234386,0 37.08711896040531,37.11107797492565,0 37.08696189648985,37.11089022046794,0 37.08686986917114,37.11074892990948,0 37.08534747181756,37.10855091456488,0 37.08533323808294,37.10854584777538,0 37.08802265030884,37.10862917566338,0 37.08805313320157,37.10863012130348,0 37.08806196699283,37.10862558378117,0 37.08841526739461,37.10844417833071,0 37.08862742975041,37.10837062264365,0 37.08912171596795,37.1082962322165,0 37.08954515003357,37.10821136326887,0 37.08972649223131,37.10816650886385,0 37.08981302312255,37.10809013583305,0 37.09007006159652,37.10768288633209,0 37.09027303325267,37.10751293807434,0 37.09089994886363,37.10708464462014,0 37.09114994516246,37.10694150365001,0 37.0919177091332,37.10652599685342,0 37.09209560202502,37.10640645433197,0 37.09231139225095,37.10626969618341,0 37.09255732763289,37.10616437219943,0 37.09276389912316,37.10607526579737,0 37.09294533697415,37.10595864468443,0 37.09311124328342,37.10579459797897,0 37.09322829107231,37.10567460738892,0 37.09337508789084,37.10555830323137,0 37.09358620918612,37.1054414037947,0 37.09389606593408,37.10530774048827,0 37.09405890100967,37.10527452926158,0 37.09424056078173,37.10517376030165,0 37.09433348983186,37.10509758803621,0 37.0944206780253,37.10496597839636,0 37.0945519400363,37.10480225127453,0 37.09477590245503,37.10454650274021,0 37.09480958527084,37.10451219618481,0 37.09512233889527,37.10419362688986,0 37.09528033938129,37.10411509853909,0 37.09565240433226,37.10399606161499,0 37.09597981019422,37.10385964479117,0 37.09648182092143,37.10361071474666,0 37.0967167773893,37.10352294821423,0 37.09691585594327,37.10348281677111,0 37.09720831230249,37.10348236325219,0 37.09728486592707,37.10350565078673,0 37.097411338002,37.10369307659911,0 37.09747528143689,37.10373117097495,0 37.09758102912794,37.1037374471055,0 37.09770654385368,37.10364924105956,0 37.09784735975323,37.10357539783945,0 37.09799754164688,37.10352323278415,0 37.09825010610114,37.10345319263782,0 37.0984031399352,37.10342569944557,0 37.09850340636441,37.10345049286461,0 37.09884793643376,37.10358734597948,0 37.09905266392952,37.10367976367231,0 37.09918213264014,37.10375001262942,0 37.09945805247165,37.10383034103009,0 37.09966397556086,37.10388413241179,0 37.0997807977096,37.10392699884153,0 37.09996392453113,37.10402721992109,0 37.10017172409129,37.10408056772192,0 37.10041244842964,37.10409675602193,0 37.10059008405599,37.10408840902272,0 37.10086637902044,37.10410594210091,0 37.101045760556,37.10407413004195,0 37.10125380358163,37.10399039237072,0 37.101453945428,37.10390313266549,0 37.1015777432562,37.10386165282745,0 37.10191776077506,37.10382053501973,0 37.1020096377835,37.10382442406151,0 37.10220894784189,37.10388425525275,0 37.10242003544771,37.10393922461383,0 37.10286412836099,37.10410462698763,0 37.10321518892173,37.10423091148247,0 37.10337759486764,37.10427651276814,0 37.10361667963537,37.10428606568296,0 37.10393184023648,37.10421835549063,0 37.10415213678822,37.10425010320278,0 37.10429084222662,37.10428191488108,0 37.10446169311106,37.10436822161374,0 37.10477406673143,37.10448018781835,0 37.10495278295712,37.10454968679169,0 37.10506156441339,37.10459199400699,0 37.10540161490866,37.10459810819402,0 37.10584137292486,37.10455378220053,0 37.1059900416565,37.1046823514294,0 37.10607578382506,37.10473415673697,0 37.1063772953705,37.10474681224889,0 37.10678655874994,37.10473061604168,0 37.10706093944986,37.10473733847585,0 37.10720426527372,37.10476384883492,0 37.10740171238535,37.10479294402476,0 37.10777401337029,37.10489157686592,0 37.10786303359682,37.104903121493,0 37.108134371617,37.10496556372355,0 37.108277510001,37.1049796963159,0 37.1087025398057,37.1049850066293,0 37.10888067432993,37.10501428174346,0 37.10900086904407,37.10504410216279,0 37.10925720509842,37.10513762676599,0 37.10940457201005,37.1051764721529,0 37.10959375429825,37.1051685108793,0 37.10972431492378,37.10511468737371,0 37.11019294553233,37.10493083677249,0 37.11051023814191,37.10478347683383,0 37.11078553650319,37.10465850699438,0 37.11121843191224,37.10450716798,0 37.11157201586466,37.10442295453891,0 37.11200837460223,37.10433173407348,0 37.11233826165758,37.10422077128183,0 37.11269151144107,37.10411373842151,0 37.11290050678804,37.10405991415091,0 37.11324430659248,37.10401520179313,0 37.11345747660005,37.10389288146454,0 37.1135907358617,37.10379621011573,0 37.11376959207956,37.10365934648733,0 37.11387256415429,37.10361689257881,0 37.11408939805243,37.10356783646418,0 37.1143817028598,37.10348487885782,0 37.11458756235785,37.10339443482414,0 37.11491382857509,37.10327243802186,0 37.1152400486252,37.10314767102588,0 37.11541837232926,37.10306301862613,0 37.11567846324657,37.10290291644202,0 37.11580141860368,37.10281048247165,0 37.11596394091161,37.10259045016793,0 37.11601654669604,37.10241017363108,0 37.11604230588497,37.10204760315087,0 37.11627465126502,37.10187946423729,0 37.11656612853211,37.10174119366287,0 37.11680988394732,37.1016448566509,0 37.11716424521924,37.1015557754211,0 37.11751478484178,37.10144183758249,0 37.11763859116186,37.10140748064346,0 37.11774387308179,37.10128755536039,0 37.11777913026331,37.10110191022542,0 37.11783213378701,37.10094928773486,0 37.1179260434936,37.10076032523588,0 37.11808952653248,37.1003715613732,0 37.11814602804541,37.1002216682733,0 37.11814008912901,37.09958281098771,0 37.11813594318436,37.09930073168745,0 37.11813833415656,37.09930039378278,0 37.11864977169591,37.09922789223489,0 37.11995272620348,37.09899618479384,0 37.12298344647851,37.09842018737766,0 37.12438408824139,37.0981697704667,0 37.13121504291973,37.0969604676015,0 37.13124770713456,37.09695468497694,0 37.13128814800739,37.0969068208228,0 37.13133735452867,37.09697416204573,0 37.13290498802592,37.09899111464335,0 37.13300385143982,37.09927997188001,0 37.13357228678993,37.09990354529342,0 37.13379251492819,37.10005951429375,0 37.13401211706613,37.10044930679327,0 37.1340866025401,37.10048152659353,0 37.13436990602171,37.10045576660511,0 37.13450307245471,37.10056316792718,0 37.13463953209466,37.10089118439263,0 37.13475083440246,37.10118650922687,0 37.13492643764403,37.101382421791,0 37.13532452245595,37.10160913613115,0 37.13571125907637,37.10190182224432,0 37.13614624754297,37.10212159562798,0 37.13650157850477,37.10251337667032,0 37.13682055555643,37.10294831614127,0 37.13688652439649,37.10351082340748,0 37.13695074943556,37.10368145500046,0 37.13729976658576,37.10392510001465,0 37.13735101870216,37.10405304305079,0 37.13773861294539,37.10440169969433,0 37.1379093333224,37.10454496297185,0 37.13797341151989,37.10470571480912,0 37.1378937007585,37.10477110985407,0 37.13783125044257,37.10482234098907,0 37.13777684822784,37.10503362731049,0 37.13796935594162,37.10525901277023,0 37.13810785951318,37.10572202627745,0 37.1382270400799,37.10626755464891,0 37.13837714024984,37.10668105903497,0 37.13843512067719,37.10698347657276,0 37.13847785884303,37.10709174327661,0 37.13877854639721,37.10740171028842,0 37.13890607533483,37.10768040787242,0 37.13903082444055,37.10804804977543,0 37.13921355643829,37.10871810853252,0 37.13925327290839,37.10889885291401,0 37.13944055014041,37.10904854111847,0 37.13966101441177,37.10921767110221,0 37.14007940072413,37.10969775036934,0 37.14031808877466,37.10998525780994,0 37.14040377389716,37.1102149587249,0 37.14030899059132,37.11074936864873,0 37.14079678804402,37.11119584627313,0 37.14115020077881,37.11172923991143,0 37.14104299610278,37.11198384659886,0 37.14115568579908,37.11209473212892,0 37.14160803472301,37.11237030209872,0 37.14174212241784,37.11253696383566,0 37.14177584687199,37.11286595863323,0 37.14154192320593,37.1134445210328,0 37.14157233624089,37.11355290512808,0 37.14181257743496,37.11394248300531,0 37.14184218526789,37.11454485313014,0 37.14178971647028,37.11488455850802,0 37.14241476627366,37.11543179649198,0 37.14276950131427,37.11577745978696,0 37.14280021404468,37.11590559808707,0 37.14269281148356,37.11614703695936,0 37.14270433423444,37.11636723139483,0 37.14270463595357,37.11636784297909,0 37.14280121200368,37.11646106634291,0 37.14284622805217,37.11650451723946,0 37.14310481854913,37.11647238604171,0 37.14328791119385,37.11634218606987,0 37.14340873535588,37.1161730678808,0 37.1434053680178,37.11594916286882,0 37.14324501307953,37.11569331718305,0 37.1433127521796,37.11531941279752,0 37.1435512702555,37.11482289975994,0 37.14359104064747,37.11431102392527,0 37.1437564918426,37.1136293050453,0 37.14377706193998,37.11358970336339,0 37.14395675987798,37.11337782378396,0 37.14438325108274,37.1136156321451,0 37.14457460882104,37.11342715920409,0 37.14482450262373,37.1134005558239,0 37.14498435824378,37.11341283540762,0 37.14532147894072,37.11316074725556,0 37.14579068935572,37.11279678731235,0 37.14618446875532,37.11258216476469,0 37.14670389529141,37.11240088501583,0 37.14698960715309,37.11246033083768,0 37.14724424343376,37.11274817601708,0 37.14724386455296,37.11291559559702,0 37.14724368218442,37.11299701493516,0 37.14705556308766,37.11339973492791,0 37.14695494107717,37.11388109571415,0 37.14694919125279,37.11435808406129,0 37.146938199312,37.11505976603812,0 37.14698927266117,37.11558458904892,0 37.14700056175645,37.11576073642517,0 37.14713089605072,37.11581822872075,0 37.14776405968465,37.1160229215605,0 37.14846636838095,37.1162338519286,0 37.14849864361032,37.11608493123381,0 37.14864324470679,37.11565843854131,0 37.14884214920496,37.11568415969317,0 37.14911940012251,37.11575405112143,0 37.14929628786636,37.11584935046213,0 37.1493021399184,37.11585250494532,0 37.14942405790095,37.11592389967039,0 37.14952566293071,37.11594993231643,0 37.14953502278777,37.11595403668213,0 37.14956659276019,37.11596041968618,0 37.14969699495655,37.11599383156072,0 37.14978671319159,37.1158953779018,0 37.15000355620538,37.11528364511738,0 37.15000373861832,37.11528313427436,0 37.15102805461118,37.11553884493864,0 37.15133632879322,37.11561101946825,0 37.1513863585464,37.11566103905904,0 37.15139048031295,37.11566516171553,0 37.15137954794614,37.11607014611882,0 37.15151932042658,37.11604186889809,0 37.1518571218452,37.11597353120389,0 37.15192488907356,37.11602167619796,0 37.15204309530543,37.11610565991387,0 37.15220106346525,37.11619755450219,0 37.15225822973589,37.1162308076475,0 37.15239246372183,37.11625963908516,0 37.15249327629216,37.1162525970251,0 37.15255953085805,37.1162479704104,0 37.15283453218974,37.11618502756903,0 37.15303805806102,37.11609599034126,0 37.1532409221677,37.11596343118578,0 37.15343420369295,37.11580650958104,0 37.15367759969638,37.11565835699908,0 37.15388139017265,37.11550180813494,0 37.15412481326414,37.11535541315763,0 37.15431883610243,37.11527799744704,0 37.15416133252001,37.11504287044645,0 37.15367788517605,37.11469635880702,0 37.15269717203385,37.1151819408591,0 37.15273088119488,37.11496580561824,0 37.15285491644932,37.11478264493489,0 37.15294393620331,37.11455539381978,0 37.15297354876621,37.11441758031383,0 37.15295223579253,37.11423160187037,0 37.15292930810377,37.11411334138442,0 37.15289922315803,37.11404592989749,0 37.15280980929831,37.11389869597422,0 37.15290687152909,37.11385332122934,0 37.15302248663369,37.11381199712813,0 37.15309603166923,37.11378377652183,0 37.15343096542007,37.11357106022563,0 37.15357483572551,37.11347656749486,0 37.15388399413685,37.1133064151015,0 37.15406223388548,37.11321370463796,0 37.15417739782664,37.11314276384267,0 37.15460653385132,37.11279918090159,0 37.15466491504952,37.11275243978331,0 37.15547497221894,37.11357211680475,0 37.15589973535025,37.11334141945192,0 37.15601654009912,37.11327105555349,0 37.15624161617511,37.11308635642281,0 37.15629747758999,37.11314245118115,0 37.15635851123725,37.11328030940642,0 37.15636155989218,37.11328813471636,0 37.15636299873666,37.11329796697118,0 37.15637804550624,37.11337802673483,0 37.15640399452042,37.11345500499919,0 37.15645900447768,37.11355702369161,0 37.15647727129954,37.11358138193097,0 37.15650965525118,37.11365957863747,0 37.15651593047761,37.11381370175846,0 37.15658122822236,37.11397354355211,0 37.15664714844516,37.11417428619545,0 37.15667809387911,37.11440054258922,0 37.15667996048344,37.11452324166171,0 37.15676244575071,37.11461385647035,0 37.15678785153219,37.11464176346993,0 37.15699333425882,37.11471842399838,0 37.15714007929978,37.11480824468234,0 37.15717140791775,37.11477680523006,0 37.15727940295916,37.11466843479896,0 37.15737273058547,37.11460459143974,0 37.15761443221209,37.11447951334051,0 37.15766818805015,37.11413915096585,0 37.15771752855303,37.11409640794833,0 37.15773799143086,37.11407868338061,0 37.15790212725663,37.11402044257385,0 37.15864706385184,37.11391562046744,0 37.15889063357334,37.11391324149877,0 37.15918632387398,37.11372155383614,0 37.15932062989091,37.11368343948148,0 37.15954233040232,37.11362052664451,0 37.15994270285538,37.11359458553209,0 37.15997139542587,37.11341494705496,0 37.16004555969155,37.1133037714096,0 37.16014041643364,37.11325177728369,0 37.1601768932962,37.11320460720835,0 37.16019140125736,37.11311084261717,0 37.16015206899396,37.11297079181105,0 37.16006880283787,37.11273754828696,0 37.16007838979343,37.11266936480604,0 37.1601199856145,37.11260937908013,0 37.16003587609107,37.11232081967034,0 37.16001215608711,37.1121593394681,0 37.16004091910496,37.11195478719312,0 37.16014898473906,37.11172392773017,0 37.1602993567218,37.11147988673444,0 37.16050766703551,37.11117277321318,0 37.16062583694783,37.11108429185551,0 37.16082643642462,37.11103866646749,0 37.16109481643032,37.11103771959273,0 37.16157691427047,37.11102628265986,0 37.16163334616379,37.11115167716224,0 37.16211620997035,37.11201347398271,0 37.16234772098666,37.11193227729331,0 37.16220179342272,37.11171371625424,0 37.16220273536066,37.11163813893369,0 37.16226529731397,37.11161569402523,0 37.16244503463118,37.11157698838831,0 37.16252258169715,37.11157454850059,0 37.16280044355258,37.11150801002859,0 37.16295320743033,37.11148804078266,0 37.16343765142503,37.1113556607141,0 37.16389680444345,37.11121513312141,0 37.164083742206,37.11109910494695,0 37.16436491094714,37.11083772923365,0 37.16459106306898,37.11068101274159,0 37.16462379917793,37.11049092850647,0 37.16442289419938,37.11020586935335,0 37.16442002193056,37.11020299629752,0 37.16441926707694,37.11020072054075,0 37.16425942280105,37.10997391924424,0 37.16425959149687,37.10984796836317,0 37.16439313845554,37.10939492231063,0 37.16445786015219,37.10923978964546,0 37.16443765539544,37.10915266355593,0 37.16432790616228,37.10896901541381,0 37.16437628223959,37.1087048889802,0 37.16428450180845,37.10846228930387,0 37.1642905749117,37.10831109163779,0 37.1644228435388,37.10818552284896,0 37.16465621837603,37.10795316536975,0 37.1646277043647,37.10787115939506,0 37.16448950807699,37.10774656760044,0 37.16433856582898,37.10747432175495,0 37.16434649391417,37.10717028740068,0 37.16423280065623,37.1068657679138,0 37.16422457210197,37.10660219729758,0 37.16430347749515,37.10641501863322,0 37.16429753357716,37.10636279290133,0 37.16428800825164,37.10634763225801,0 37.16394670385085,37.10589994611281,0 37.16376661392505,37.10564074934836,0 37.16372311613693,37.10548365541442,0 37.16377958341653,37.10533733669678,0 37.16377466953278,37.10520807842307,0 37.16374717647752,37.1051378168097,0 37.16322961521573,37.10488427923967,0 37.16316052968862,37.10478150965372,0 37.16315236001147,37.10463112382914,0 37.1632244001233,37.10454342761343,0 37.16337575561519,37.10445965820421,0 37.1634714195369,37.10438113482855,0 37.16345834891364,37.10429427365402,0 37.16338876255629,37.10415859681024,0 37.16337547634632,37.10405763143903,0 37.16330939892293,37.10395953570626,0 37.16318423016887,37.10383615873237,0 37.16293693500923,37.10359642587846,0 37.1628409008605,37.1034586564497,0 37.16281812828691,37.10331311528581,0 37.16286382611796,37.10323038093139,0 37.16302614037603,37.10328756389193,0 37.16366083215962,37.10352349680125,0 37.16431063528597,37.10378749047326,0 37.16471297752326,37.10399278328937,0 37.1650146371562,37.10414028725741,0 37.16536318436712,37.10428262808892,0 37.16562754977566,37.10437494764632,0 37.16602283035783,37.10451292565344,0 37.1663847657831,37.10463408225767,0 37.16680734080587,37.10477490841406,0 37.16720428657592,37.10489415917796,0 37.16799260077675,37.10514985974424,0 37.16859744235516,37.10532250779825,0 37.16882701931539,37.10513999670468,0 37.16925078311495,37.10485957071246,0 37.16966065007855,37.10463022009287,0 37.17016940443613,37.10430976719724,0 37.17095207776769,37.103827913187,0 37.17122599985335,37.10366651177964,0 37.17142721550023,37.10354893087709,0 37.17093330893386,37.10301309449633,0 37.1709720021203,37.10291056788573,0 37.17182487806129,37.10250431453358,0 37.1732826828647,37.10192460412382,0 37.17332103311699,37.1019981546895,0 37.17345964806233,37.10226398423403,0 37.17345884627067,37.10243455608762,0 37.17324207646299,37.10263202513764,0 37.17266815688573,37.10305586038182,0 37.17257878603765,37.10327407627661,0 37.17253995024008,37.1034285194723,0 37.17257874334528,37.10349416037653,0 37.17268969722893,37.10356183924906,0 37.1730583831853,37.10368254106236,0 37.17366340210904,37.10393845494625,0 37.17381575998289,37.1036928978038,0 37.17393118085004,37.10352061450244,0 37.17405028296189,37.10340459003142,0 37.17413638151643,37.10333618113865,0 37.17426821798634,37.10313445917252,0 37.17443919721375,37.10291883771375,0 37.17479101392961,37.10257982335392,0 37.17488888432676,37.10194736835032,0 37.17495930131837,37.10184506130064,0 37.1751109292664,37.10167329741481,0 37.1754531684518,37.10141176597732,0 37.17580636415055,37.1011940655944,0 37.17604111196464,37.10107639845578,0 37.17647725662399,37.1009018121778,0 37.17655065040714,37.10032713382756,0 37.17657449356929,37.09987378042124,0 37.17671188119775,37.0994467612984,0 37.17696249740585,37.09946899043877,0 37.17736360203971,37.09946775624828,0 37.17772738326644,37.09949160628104,0 37.1781577383193,37.09960816405889,0 37.17833080819481,37.0999359849529,0 37.17836201779037,37.10018008404968,0 37.17843097652628,37.10042655423396,0 37.17841779416338,37.10068207786997,0 37.17842398701437,37.10086051813649,0 37.17849907964973,37.10106024211111,0 37.17905376866634,37.10101353657583,0 37.17903779637466,37.10131028056831,0 37.17891611255298,37.10164377751181,0 37.17901886628532,37.10163726317194,0 37.17943435319827,37.10145737709038,0 37.17973490671308,37.10138298872004,0 37.18002551607151,37.10133066709604,0 37.18031844653002,37.10120692166793,0 37.18054865004191,37.10101789090438,0 37.18067712049481,37.10090127279491,0 37.18119058686281,37.10084947698574,0 37.18263383213269,37.100840587988,0 37.18299003685359,37.10081781222039,0 37.18320342344087,37.10087060697021,0 37.18330792797754,37.10097666578915,0 37.18335068460635,37.10108059271944,0 37.18339910378305,37.10110757236644,0 37.18357324566925,37.10106189525999,0 37.18377022797464,37.10094184360084,0 37.18399360857583,37.10075562242248,0 37.18443251911965,37.10053978502329,0 37.18547932161637,37.10039201939224,0 37.18560262983464,37.10104437389568,0 37.18645198376939,37.10120614310659,0 37.18715977238202,37.10196249444473,0 37.18753252349157,37.10233731792788,0 37.18757078899091,37.10237579807256,0 37.18840674906536,37.10233721624739,0 37.18909688900037,37.1024017001813,0 37.18916829971557,37.10170620522997,0 37.1894428812125,37.10172542122895,0 37.18970877980168,37.10097030615709,0 37.18983452164682,37.10103922881599,0 37.19079117814693,37.10156360029882,0 37.19162147214362,37.10225827940178,0 37.19182841187322,37.10189919988242,0 37.19193879519793,37.10194202904317,0 37.1921828839235,37.10220320779172,0 37.1923045432437,37.10230908424662,0 37.19255715498432,37.1024575831737,0 37.19267898633765,37.10257444355551,0 37.19274614226085,37.10270283810966,0 37.19273111122389,37.10283755202384,0 37.19269102505358,37.10312355480087,0 37.19285412487136,37.10324823778807,0 37.1930435263763,37.10330125600935,0 37.19279302923631,37.10394363256885,0 37.1938603195183,37.10400703993459,0 37.19379966898677,37.10429325188086,0 37.19385298733506,37.10441354621728,0 37.19405140632986,37.10460377911794,0 37.19417197070907,37.10485795866487,0 37.19506909406644,37.10478301548856,0 37.1951947803725,37.10558088175225,0 37.1956752811443,37.10561173855445,0 37.19592999804441,37.10567507849631,0 37.19616367292208,37.10570842104391,0 37.19623883134148,37.10569118681902,0 37.19626435619336,37.10557009811097,0 37.1962808508495,37.1055287391944,0 37.1963596964496,37.10552794360169,0 37.19644895642609,37.10553528171626,0 37.1966148910567,37.10562148639113,0 37.19682504340717,37.10568527238325,0 37.19724379209428,37.10571400169033,0 37.19765719650908,37.10531902843153,0 37.1978120805389,37.10516522148443,0 37.19838987398153,37.10481290192982,0 37.19886937140308,37.10448944369313,0 37.19917399803543,37.1041184255627,0 37.19930066880803,37.10391414260946,0 37.19951314353924,37.10372675580757,0 37.19969838291761,37.10366815470958,0 37.19973898082601,37.10365531263202,0 37.19986513884298,37.10371574808563,0 37.19996211082367,37.10378963357982,0 37.20015590768821,37.10392804609686,0 37.20023478220165,37.10403954620779,0 37.20025494956923,37.10413292477752,0 37.20024719762474,37.10423407159637,0 37.20021165941758,37.10436240392718,0 37.20015304059538,37.10472874879747,0 37.20014062702437,37.10486954948058,0 37.20012602658407,37.10505726276789,0 37.20015851297528,37.10526091043744,0 37.20018477417984,37.10544117677543,0 37.20015698765442,37.10553524079631,0 37.20000608426473,37.10580404808667,0 37.20000741578886,37.10588843961069,0 37.20000151971892,37.10607137588639,0 37.20000017994552,37.10635742649874,0 37.19999672613649,37.10669507962309,0 37.19998060527198,37.10678668107957,0 37.19997834079605,37.10701412659587,0 37.19999138526281,37.10733022267625,0 37.20047158932505,37.10731766839998,0 37.20068226585171,37.10727321263943,0 37.20083372216401,37.10712931431381,0 37.20094899985578,37.10712814934143,0 37.20109261056324,37.10709591235328,0 37.20152940295887,37.10707224983403,0 37.20165410489675,37.10705944400256,0 37.2020006073753,37.10709825738416,0 37.20219419725002,37.1071886391758,0 37.20227293434213,37.10730711845192,0 37.202375811795,37.10773701093134,0 37.20266437807751,37.10806113673193,0 37.20290454831792,37.10836266533205,0 37.20296426792313,37.10845662052223,0 37.20307362895345,37.10887387197249,0 37.20310332895198,37.10912732958499,0 37.20318711401946,37.1095516989148,0 37.20311808562531,37.11005991920191,0 37.20315234317171,37.11060138372481,0 37.20338818698728,37.11089390169421,0 37.2034504017351,37.11103729675359,0 37.20352302289643,37.11129717694008,0 37.20352758127829,37.11158518203284,0 37.20348065820617,37.11186685304763,0 37.20350310327007,37.11220268419115,0 37.20354071751463,37.11241491203346,0 37.20364596088946,37.11257158708977,0 37.20382024715296,37.11276185343396,0 37.20390719178305,37.11294667782018,0 37.20391970530043,37.11333184088311,0 37.20390439332329,37.11439026381306,0 37.20330199105886,37.11442719986991,0 37.20315195587853,37.11426946907715,0 37.20298398157417,37.11419411390871,0 37.20250157297942,37.11411167506308,0 37.20182017775814,37.11402097476266,0 37.2015182492488,37.1139932098794,0 37.20181912436692,37.11436004114071,0 37.20194415238262,37.11455912588025,0 37.20208915210543,37.11480424241586,0 37.20224584628646,37.11538316002784,0 37.2023785151389,37.11606506504938,0 37.20255527385495,37.11710098898121,0 37.20326840605212,37.11708651932508,0 37.20357795381064,37.1180988187492,0 37.20378967871724,37.11886451848692,0 37.20385382520232,37.11896102475347,0 37.20399539131529,37.11900346437869,0 37.20423121636782,37.11906688591777,0 37.20485874855132,37.11915139965362,0 37.20518368387759,37.11915749953242,0 37.20559054437611,37.11914709680643,0 37.20554998597882,37.11930421286078,0 37.20596428927053,37.11951625186079,0 37.20608178295571,37.11952132392928,0 37.20626876578325,37.11946614287957,0 37.20639735078345,37.11943035992734,0 37.20644510235049,37.11948002053461,0 37.20640563961553,37.11970607455338,0 37.20645022471623,37.11980277844543,0 37.20645345956185,37.12000646013509,0 37.20673590717038,37.12000922011543,0 37.20700867432218,37.12012268589024,0 37.2072318722316,37.12016174414353,0 37.20765180948748,37.12011775386364,0 37.20800542275619,37.12004429022761,0 37.20812954116646,37.12002253277526,0 37.20829726061277,37.11996307224422,0 37.20852528029791,37.11989181791571,0 37.20890095287595,37.11988892171578,0 37.20971063813602,37.11999181018633,0 37.21026240113774,37.1199698050635,0 37.210389597298,37.11993166231557,0 37.21053019287991,37.11989437731383,0 37.21059831311383,37.1198763138124,0 37.21070177956961,37.11995303942792,0 37.21098453199564,37.12005249415976,0 37.2113029984895,37.12014749269464,0 37.21139891660119,37.12039213655209,0 37.21141679618005,37.1205516107972,0 37.21143741327635,37.12088299295933,0 37.21127603655727,37.12164916327109,0 37.21127582534416,37.12165017185601,0 37.21231755996465,37.12189743261253,0 37.21278167948898,37.12207736300473,0 37.21293257823417,37.12215920558543,0 37.21297161192401,37.12219777478805,0 37.21279275967881,37.12252300914844,0 37.21290378135375,37.12277484572923,0 37.21290208378655,37.12277846352837,0 37.21267377935786,37.1230858951951,0 37.21192919600996,37.12354015258453,0 37.21161495892225,37.12374106598247,0 37.21125130076307,37.12379185298884,0 37.21056988870588,37.12397139125675,0 37.21057547095318,37.1243218697505,0 37.21061582050559,37.12469948651597,0 37.21087350054321,37.12551820640689,0 37.2113232676159,37.12680921911644,0 37.21132814190577,37.12711502724466,0 37.21129627484564,37.12727000188771,0 37.21119266468261,37.12750131319144,0 37.21119425280616,37.1276009592401,0 37.21117955288749,37.12775575662234,0 37.21115049891714,37.12781791308552,0 37.21111097251891,37.12784684286042,0 37.21104050045766,37.12788461953781,0 37.21091850355597,37.12790439423386,0 37.21086296820365,37.1279459880537,0 37.21085067614345,37.12800434575502,0 37.21086444407445,37.128038614597,0 37.21099367380778,37.12801512869252,0 37.21103419891893,37.12800776518573,0 37.21109229148374,37.12802305280851,0 37.21108464154123,37.12806151209896,0 37.21102475941592,37.12814152973208,0 37.21103753066641,37.12821683702354,0 37.21111680726045,37.12831661012798,0 37.21121876869963,37.12849158734048,0 37.21124871827335,37.12860774554763,0 37.21125769804978,37.12865265010719,0 37.21129716361023,37.12874356573428,0 37.2113230654492,37.12891667292131,0 37.21137616668459,37.12913714740557,0 37.21145436659285,37.12916943408352,0 37.21151943100082,37.12920714928961,0 37.21158837065606,37.12928055790535,0 37.2119126235071,37.12929842032684,0 37.21211339257887,37.12934665984113,0 37.21226559510954,37.12945892036233,0 37.21226971221186,37.12946440143048,0 37.21245980843937,37.12971765480773,0 37.21260991360722,37.12990537226363,0 37.21290673390787,37.13027555054612,0 37.21322783351079,37.13030270575356,0 37.21465463415023,37.13042784455739,0 37.21587655022888,37.13054242509655,0 37.21788858206204,37.13071424883777,0 37.2176279216222,37.12916625435604,0 37.21756654402343,37.12880020202235,0 37.21734709849127,37.12749136261603,0 37.21750063346541,37.1271665781677,0 37.21694688506672,37.12677375808428,0 37.21694096751911,37.12675802597987,0 37.21717545591838,37.12649279628729,0 37.21761584737974,37.12614856104904,0 37.21778136006817,37.12600523138765,0 37.21807860533592,37.12587507391054,0 37.21824801027501,37.12569175653923,0 37.21860648385046,37.12556635467775,0 37.21862234165385,37.12556080542729,0 37.2188737158631,37.12539843440393,0 37.21898830272563,37.12547351914478,0 37.21912771900408,37.12568271563472,0 37.21918870790833,37.12580919345672,0 37.21919568824747,37.12596164598245,0 37.2192570852613,37.12611354058296,0 37.21935771987819,37.1261669785003,0 37.21950794378574,37.12620174905697,0 37.21964786532519,37.12620175464561,0 37.21980068645355,37.12618464333774,0 37.21985287107908,37.12621173299361,0 37.21986652737453,37.12625648243542,0 37.21985248879303,37.12632223645205,0 37.2198103673426,37.12638482680534,0 37.21981142022894,37.126450425512,0 37.21982947091598,37.12650031052554,0 37.21989727601283,37.12656004147473,0 37.21998663629141,37.12661955233515,0 37.22001489590469,37.12663189900135,0 37.22009087107894,37.12666509758197,0 37.22017498140384,37.1266659581181,0 37.22023227518409,37.12660839224138,0 37.22041618160489,37.12637859274787,0 37.22051570675956,37.12626534215872,0 37.22057092866599,37.12621297644149,0 37.22065691570987,37.1261965522155,0 37.2208124190534,37.12621221765296,0 37.22086216995461,37.1262220632242,0 37.22096847711003,37.12626240736846,0 37.22105319716787,37.12630124566122,0 37.22110186033231,37.12629654206147,0 37.22156151770122,37.1254891095035,0 37.22187387496853,37.12525689192249,0 37.22241198178001,37.1246487196163,0 37.22268099321519,37.12434222278799,0 37.22287634863072,37.12413531402315,0 37.22300769598125,37.12406646536176,0 37.22314228412373,37.1240120469844,0 37.22343200667293,37.12349458914708,0 37.22384815876156,37.12306685860489,0 37.22417616723398,37.1224198487452,0 37.22447251680524,37.12243372683948,0 37.22475512067297,37.12246237496961,0 37.2251900625354,37.122596503867,0 37.22548339857286,37.12267144660414,0 37.22568188964743,37.12290331836744,0 37.22594512961634,37.12324844889261,0 37.22595223140797,37.12368874804869,0 37.22605932915468,37.12395121914172,0 37.22606234354289,37.12395861045846,0 37.22619746967924,37.12398504663664,0 37.22672014058824,37.12408730545922,0 37.22739681084778,37.12395764488716,0 37.22753755133085,37.1236215355267,0 37.22784684690356,37.12312714823349,0 37.22792242513201,37.12295811311507,0 37.22850504310797,37.12285677689677,0 37.22892539393275,37.12275712021582,0 37.22928027755307,37.12262348465738,0 37.22981878043773,37.1224706167987,0 37.23005775001597,37.12252878405035,0 37.2301671891793,37.12260562329261,0 37.23031779505222,37.12255207755163,0 37.23023379909952,37.12210904848762,0 37.23028364541145,37.12191111874895,0 37.23035249652192,37.12173048207626,0 37.23047548640407,37.12142433896344,0 37.23059040985897,37.12119824292236,0 37.23075932754788,37.12109685317461,0 37.23094014210548,37.12100740503344,0 37.2311151976282,37.12093747637789,0 37.23133104098529,37.12076009137339,0 37.2314325728368,37.12065200605709,0 37.23157086626313,37.12056299687354,0 37.2317521537592,37.12050273341264,0 37.23198885003282,37.12044148116608,0 37.23213866930402,37.12038348132629,0 37.232293977208,37.12030190615834,0 37.23232008638621,37.1202216757774,0 37.23232873107587,37.12015103165939,0 37.23240065222632,37.12011892711543,0 37.23254098841484,37.12007984018789,0 37.23267196608185,37.12006750399883,0 37.23288498446341,37.12004334016569,0 37.23304705534646,37.12001656860404,0 37.23322862635843,37.11998489250178,0 37.23334366341929,37.11995547433362,0 37.2335056576304,37.11992399968888,0 37.23368692291331,37.11987351124313,0 37.2338212562243,37.11982664652,0 37.23386345663387,37.11977290010531,0 37.23397569595501,37.11969177102993,0 37.23414277489659,37.11961164047707,0 37.23424558182002,37.11955255967806,0 37.23434475601183,37.11951076369058,0 37.23450393018329,37.11941692232949,0 37.23462815538493,37.11941081178952,0 37.23477828575226,37.11939479591661,0 37.23487420421111,37.11937452782066,0 37.23509877772828,37.11937379557475,0 37.23527273125266,37.11934308051138,0 37.23582557870792,37.11930681014864,0 37.23619030962266,37.11929337542185,0 37.23640071628969,37.11928475867408,0 37.23649275651916,37.11927255769181,0 37.23680728565583,37.11925482612122,0 37.23706742101795,37.11922160362617,0 37.23727803639837,37.11922582969713,0 37.2374111408749,37.11927261356654,0 37.23762517477514,37.11936351440553,0 37.23775271011551,37.11943765292511,0 37.2379614084295,37.11957035789673,0 37.23808519438392,37.11966059474613,0 37.23836899089615,37.11984871578766,0 37.23852269423069,37.11992900426272,0 37.23862437883283,37.12001625845928,0 37.23885932642251,37.12015992848779,0 37.23904784877205,37.12028481438931,0 37.23933454085633,37.12034466257513,0 37.23971119649843,37.12021784663258,0 37.24007797619286,37.12008590337441,0 37.24017221478097,37.12005877389204,0 37.24039354666578,37.12001724091776,0 37.2404510682976,37.11994082113484,0 37.24061163604823,37.11977704436744,0 37.24085003702319,37.11958108054123,0 37.24100230525026,37.11950889721873,0 37.24119026804591,37.11942326726753,0 37.24167572526966,37.11916196775736,0 37.2420048372409,37.11892322041649,0 37.24219113159052,37.11873564309978,0 37.24222850778445,37.11862544400037,0 37.24231433504578,37.11848336409744,0 37.24238813136439,37.11840415810135,0 37.24253984030705,37.11829799002166,0 37.24268184293052,37.11819715294113,0 37.24279536403857,37.11815151801112,0 37.24293538365409,37.11812913401383,0 37.24304581095687,37.11809399016475,0 37.2432378446556,37.11805798858003,0 37.24348202063914,37.11801621210135,0 37.24428202324039,37.11782480884105,0 37.24433614415997,37.1177405778235,0 37.24463911574851,37.1177007956048,0 37.2456968973866,37.11750144838363,0 37.24613979885191,37.11743404913541,0 37.24627994462406,37.11741950403397,0 37.24687274113444,37.11733483955989,0 37.24726723507061,37.11730193120908,0 37.24748237116401,37.11728136801234,0 37.24774019839914,37.11727603979645,0 37.24877471481077,37.11712316230821,0 37.24876528566215,37.11726818752604,0 37.25050258632953,37.11712653412891,0 37.25072604018321,37.11744853696568,0 37.25187045370885,37.11804031085595,0 37.25224341067508,37.11814160908801,0 37.25296188950616,37.11830421885244,0 37.25318151738171,37.1183522652373,0 37.25371334696918,37.11837196180766,0 37.25380288740201,37.11862320433494,0 37.25392510443869,37.1186123131913,0 37.25405645530168,37.11860060989738,0 37.25422718508948,37.118726295848,0 37.2548993435195,37.11903363295374,0 37.25490388265454,37.11903392728357,0 37.25548816333064,37.11907169155502,0 37.25587933403629,37.11897374344782,0 37.25658347795373,37.11877775600274,0 37.25686851263264,37.11855561341537,0 37.2567636497943,37.11793620850675,0 37.25667362685632,37.11698949296253,0 37.25626755812362,37.11698820893434,0 37.2557557487574,37.11700849650872,0 37.25524285134662,37.11700365354692,0 37.2547214282846,37.11704818539637,0 37.25416872565089,37.11710629066991,0 37.25403729562346,37.11633444365772,0 37.25412471847626,37.11630054201365,0 37.25405156617514,37.11582874210827,0 37.2538642076061,37.11584036472465,0 37.25330147470291,37.11592424884785,0 37.25274663365201,37.11600912811578,0 37.252544458438,37.11459579702782,0 37.25309377736065,37.11459287676609,0 37.25367474031402,37.11459844917159,0 37.25404740827269,37.11463550504791,0 37.25416888059785,37.1137809747347,0 37.2549448229634,37.11370573192549,0 37.25495003894978,37.1133742002825,0 37.25491911153143,37.11297952851503,0 37.25685957568675,37.11317693194237,0 37.25697790261772,37.11420272461791,0 37.25765653200439,37.11405966081757,0 37.25761647253638,37.11388916505933,0 37.25865335390083,37.1138438378125,0 37.25866821532829,37.11388301972079,0 37.25884864152675,37.11435875748506,0 37.25889418886914,37.11475858684653,0 37.25921544212868,37.11428602596002,0 37.25934975176234,37.11435938357292,0 37.25958454901529,37.11418263642288,0 37.2600061425343,37.11369603545754,0 37.25970822348718,37.11351242316974,0 37.26008953593806,37.1129985872485,0 37.25998065747739,37.11291865401767,0 37.26005078805301,37.1126293201892,0 37.26035344012172,37.11220957171287,0 37.26040147333077,37.11214815487137,0 37.25998120809242,37.11179104880934,0 37.25992952211398,37.11105503233915,0 37.26006852983949,37.11097778123833,0 37.26021703257913,37.11057742120249,0 37.26121953635591,37.10977803062787,0 37.26208713251918,37.10853794796439,0 37.26246521237421,37.1089024319891,0 37.26273924314226,37.108820407031,0 37.26357008363274,37.10868100431027,0 37.26394865051923,37.10837729796518,0 37.26398372292726,37.10824709092036,0 37.26392327637706,37.10781174229478,0 37.26426322995196,37.10779081820434,0 37.26423268501815,37.10754381965223,0 37.26429418387688,37.10715591513988,0 37.26463169281818,37.10654855858928,0 37.26467851092104,37.10629271590197,0 37.26494324575745,37.10589597720286,0 37.26538475187954,37.10586045311011,0 37.26556047000075,37.10542799036401,0 37.26581777071273,37.10513251024398,0 37.26612295659541,37.10501059074568,0 37.26632568295491,37.10505212616499,0 37.2664210327426,37.10513733304986,0 37.26722074315581,37.10502856811411,0 37.26740311276988,37.10500376557241,0 37.26735886035583,37.10506234810269,0 37.26712201007157,37.10537590877637,0 37.2672879791858,37.1054190949922,0 37.26811167864376,37.10482040791327,0 37.26876950648377,37.10487301823222,0 37.26899667696942,37.10468732413604,0 37.26938709181252,37.10476558846339,0 37.2691141393633,37.10512665678794,0 37.2695392198424,37.10523968601597,0 37.26966470193875,37.10505417941166,0 37.26985282831733,37.10509703464007,0 37.2705845593935,37.10522514040616,0 37.27058699642695,37.10548353888082,0 37.27128431573832,37.10559209324549,0 37.27131370763787,37.10548413135358,0 37.27218470743508,37.10555633188415,0 37.272310724443,37.10534270542932,0 37.27344365909037,37.10532405812012,0 37.2735573175627,37.1048159370906,0 37.27416561747462,37.10478588846917,0 37.27475712718699,37.10495549620112,0 37.27479881757429,37.10557024880373,0 37.27544262675636,37.10560459402007,0 37.27554499246011,37.10582576883684,0 37.27703464501103,37.10608832659834,0 37.27723280587622,37.10624594006451,0 37.27801386691328,37.10643929928695,0 37.27883845929026,37.10654735779277,0 37.27851675193962,37.10818970237877,0 37.27974992037419,37.10892395842373,0 37.28120138401372,37.10879169857373,0 37.28189490675035,37.10743543647156,0 37.28237766785864,37.10759167454108,0 37.28302060136622,37.10727973114579,0 37.28374572192338,37.10778517983392,0 37.28377221124067,37.10774112222607,0 37.28417224850706,37.107075800638,0 37.284826111527,37.10763056421142,0 37.28591566967656,37.10768606150388,0 37.28672572912236,37.10815687466365,0 37.2867923944906,37.10814908992244,0 37.2880180068081,37.10800598657011,0 37.28850860705364,37.10784652439862,0 37.28861108123687,37.1078132177532,0 37.28874273523515,37.10806082220148,0 37.28880657858187,37.10811734188144,0 37.28720966165351,37.10905433299562,0 37.28708044449402,37.10981446361275,0 37.28847496676748,37.10950892572381,0 37.28956889841358,37.10952910700767,0 37.29035004825975,37.11013058088952,0 37.29381641807786,37.1085329022301,0 37.29457501099604,37.10790593117558,0 37.29593181313366,37.10733384625632,0 37.2966673522732,37.10668845055815,0 37.29742601633765,37.10617201908102,0 37.29800049354313,37.10552671982529,0 37.29954495137768,37.10484271508079,0 37.30004056113786,37.10452729598613,0 37.30006785710074,37.10450992266581,0 37.30036540966857,37.10439223385423,0 37.30044497365249,37.10437442409905,0 37.30106914353627,37.10410908190615,0 37.30119852669262,37.10408396739306,0 37.30151704969094,37.103956224623,0 37.30175470437553,37.10381603411916,0 37.30241698655439,37.10340556897812,0 37.30283847051768,37.10320118844217,0 37.30329422259805,37.10283055693107,0 37.30346918701056,37.10273484087496,0 37.30357061620947,37.10270002909188,0 37.30371707605759,37.10261471640973,0 37.30381336337193,37.10254887727125,0 37.30433475629846,37.10193956780519,0 37.30446611298516,37.10104604698801,0 37.30449442639992,37.10064407199936,0 37.30454939946473,37.10021585475959,0 37.30487127458565,37.09944556638047,0 37.30487984128866,37.09941395681361,0 37.30490402168981,37.09935604541363,0 37.30514999700613,37.09871196793942,0 37.30535303929843,37.09831303271721,0 37.30534901120392,37.09824602981783,0 37.30525997296423,37.09775604622092,0 37.3052590248652,37.09759799005729,0 37.30532200275583,37.09745599148739,0 37.30527498594719,37.09713298585227,0 37.30526696684343,37.09681703009541,0 37.30531398997783,37.09645901409925,0 37.30533499283649,37.0958120056574,0 37.305277035698,37.09521903554516,0 37.30514198415401,37.09459402104243,0 37.3049309718722,37.09409501698258,0 37.30459895833673,37.09362203591334,0 37.30436804336846,37.09323896113937,0 37.30424701328978,37.09295497878368,0 37.30419500340525,37.0927570200373,0 37.30409903238191,37.0920349684603,0 37.304008967023,37.09136502891617,0 37.30397103288295,37.09081896986162,0 37.30393102081565,37.09062799780599,0 37.30373899024107,37.09026098679395,0 37.30367702806655,37.09009395779584,0 37.30366457955804,37.09008054355501,0 37.30347604599388,37.08987741337168,0 37.30342891530213,37.08978283404205,0 37.30354480744325,37.08947729349742,0 37.30361772134572,37.08898031316043,0 37.30364989106356,37.08879020970089,0 37.3037431176779,37.08855997091331,0 37.30416022273186,37.08790162227555,0 37.30446318126913,37.08751311566951,0 37.30477777411156,37.08692436710127,0 37.30502684478399,37.08658771737376,0 37.30511149040986,37.08644109507678,0 37.30530543807013,37.08632002941656,0 37.30541532181404,37.08603852075131,0 37.30536821772914,37.08602633513708,0 37.30548513584982,37.08546003229689,0 37.30554252158409,37.08511440838965,0 37.30557692560799,37.0847794900334,0 37.30561413844982,37.0844378723867,0 37.30577988121637,37.08333529836583,0 37.30599350134263,37.08272270128933,0 37.30618993987758,37.08227562663869,0 37.30636945043338,37.0818973028474,0 37.30689162879217,37.0808319775462,0 37.30689401746566,37.08067634937066,0 37.30682726034718,37.08067221963873,0 37.30673014384254,37.08036694975556,0 37.30662803154824,37.08009173830531,0 37.3066988075853,37.07983867865951,0 37.30688562724973,37.07932323230146,0 37.30691799191357,37.07918439284104,0 37.30691074998455,37.07891975896293,0 37.30676739619391,37.07882294890929,0 37.30688994862331,37.0786055389845,0 37.30685563100437,37.07847986826351,0 37.30723638541863,37.07815861129937,0 37.30755845979876,37.07709882209691,0 37.30756259545184,37.07706462837045,0 37.30759880895211,37.07699286939923,0 37.30772588645407,37.07652862674959,0 37.3076943755365,37.07637652400307,0 37.30750227884504,37.07602761373695,0 37.30714102251943,37.07576805188108,0 37.30667475996353,37.07543738613488,0 37.30672548957104,37.0752351837547,0 37.30703493017674,37.07476947184617,0 37.30721508818991,37.07427274892581,0 37.30714601217652,37.07387121453981,0 37.30723344112093,37.0737174419511,0 37.30717795130474,37.07314456653604,0 37.30703821866017,37.07272741246342,0 37.30680146597863,37.07217365346816,0 37.30653771642313,37.07159946728574,0 37.30628420271378,37.0713201564642,0 37.30589821121995,37.07102635428065,0 37.30580055151466,37.07099003781456,0 37.3050422708,37.07054508867125,0 37.30479364773267,37.07022256247576,0 37.30459914592142,37.06970527421095,0 37.30444219018607,37.0693711988153,0 37.30422127030999,37.068610931061,0 37.30414171604882,37.06844980473086,0 37.30398987265382,37.0681644295407,0 37.30397795091316,37.06796308810374,0 37.30399836074081,37.06713719194929,0 37.3040189497835,37.06628874148787,0 37.30403159201259,37.06604038742243,0 37.30406969898833,37.06587265485856,0 37.30412283445815,37.06533822698028,0 37.30412993312257,37.0651092964891,0 37.30413880822724,37.06480682239426,0 37.304161332352,37.06429696812921,0 37.30417190740778,37.06422012559426,0 37.30429958823184,37.0638586948868,0 37.30448135354042,37.0633524339865,0 37.30468770555829,37.06283348102819,0 37.30444967503572,37.0625968256052,0 37.30487609705383,37.06260293894228,0 37.3044202977349,37.06176374742705,0 37.30409848135861,37.06113212299762,0 37.30386115945939,37.06068361871849,0 37.30392736742055,37.05868361530344,0 37.30406276343381,37.0567478340748,0 37.30545972452107,37.05420307096821,0 37.30553628906004,37.05401265678933,0 37.30562098977641,37.0536162263702,0 37.30604637423429,37.051600828555,0 37.30660441854157,37.04974974351268,0 37.30673792964907,37.0492601244916,0 37.30698208914017,37.04806898596709,0 37.30746499540722,37.0457546919589,0 37.30750114511245,37.04518123909525,0 37.30746925892569,37.04259111697511,0 37.30778126117859,37.04057011308463,0 37.30896126927604,37.03752193228195,0 37.30983847100425,37.03551976952784,0 37.30978654426182,37.03356982776566,0 37.30978537644901,37.03352591722241,0 37.30984906922469,37.03284529048887,0 37.30983996106157,37.03197662787626,0 37.3098977965983,37.03153712427105,0 37.3099040430215,37.03153399366546,0 37.30991136000073,37.03138251397562,0 37.30992086104327,37.03116386942918,0 37.30993363763762,37.03102260369443,0 37.30993285606291,37.0309771021878,0 37.30991295936706,37.03097903378995,0 37.30995893490342,37.03076554756045,0 37.31034246478631,37.02686129787804,0 37.31079172641492,37.02680346572497,0 37.31114226195977,37.02677990812185,0 37.31135861075407,37.02705711309894,0 37.31403077279498,37.03048068905336,0 37.3154280114056,37.03238154599205,0 37.31702965085694,37.0340709349025,0 37.31776918186912,37.03485094724548,0 37.31777126547036,37.03484977260965,0 37.31788543608815,37.03496540247092,0 37.31949642296677,37.03655139858802,0 37.31996495703545,37.03717092648046,0 37.32100845137168,37.03906690264304,0 37.32110653319513,37.0392429346001,0 37.32132910690392,37.03963107606223,0 37.3214583311593,37.03985642990381,0 37.32152110185461,37.03996588995066,0 37.32189248113229,37.04061351850618,0 37.32211093108723,37.04099445207111,0 37.32242744705471,37.04154639298764,0 37.32253653476429,37.04173661258387,0 37.32263204258735,37.04190315898209,0 37.32292192299555,37.04271764951115,0 37.3236769659313,37.04403291046017,0 37.32597360705221,37.04803319234293,0 37.33108071760358,37.05692728883128,0 37.33136497772697,37.05741704630983,0 37.33140391460736,37.05747873184096,0 37.33450024326945,37.06252260538706,0 37.33451171429846,37.06251977870805,0 37.33460220765178,37.06249749132978,0 37.33583026414178,37.06219503098293,0 37.33645027438954,37.06205924757355,0 37.3378965700744,37.06174249621864,0 37.33916510564845,37.06136793660587,0 37.34023582439744,37.06120812443293,0 37.34125854491597,37.06118138324315,0 37.34241423305928,37.06141095266047,0 37.3429792804876,37.06154738950299,0 37.34298246851877,37.06154851479962,0 37.34360341498756,37.0617674594827,0 37.34378810475446,37.06175878256267,0 37.34414175531194,37.06178110795655,0 37.34456816949134,37.06173677103317,0 37.34531452437601,37.06189948224137,0 37.34541487488907,37.0619169875232,0 37.34584604900527,37.06199220753987,0 37.34613503932873,37.06207451431929,0 37.34657146133789,37.06228395328051,0 37.34694876055507,37.06239934129795,0 37.34718745740422,37.06247769179593,0 37.34734279720445,37.06251836453085,0 37.34759361836274,37.06255053516311,0 37.3476778246703,37.06256564147127,0 37.34790069478426,37.06259835610376,0 37.34825598448329,37.06260026263027,0 37.34846910459091,37.06260970236923,0 37.34879206042221,37.06266916342468,0 37.3489801471484,37.06266957234729,0 37.34912039143404,37.06263356781214,0 37.34938569732163,37.06249365293439,0 37.34942201562464,37.0624731239148,0 37.34954856476934,37.06240160034572,0 37.3498337223564,37.06237060078912,0 37.35008339595675,37.06229143676087,0 37.35019187623207,37.06218517365624,0 37.35028763545871,37.06209136659677,0 37.3505616184076,37.06191825645242,0 37.35077672610399,37.06184295254064,0 37.35092338515889,37.06181353034814,0 37.3510445707611,37.06181214996762,0 37.35113180574542,37.06184931734401,0 37.35121816091024,37.06208076910964,0 37.35124092275991,37.06209850103273,0 37.35145519627734,37.06226540690827,0 37.35198370616234,37.06232024633769,0 37.35247441101783,37.06237352689664,0 37.35310354262447,37.06229275890779,0 37.35361664002767,37.06222802892272,0 37.35393833481299,37.06207226493458,0 37.35395889426793,37.06185125104419,0 37.35411550557217,37.06170718384511,0 37.35439374383847,37.06151757122142,0 37.35470476456293,37.0614502380215,0 37.35498587971536,37.06142249697937,0 37.35516569446884,37.06148794575499,0 37.3552216881856,37.06154953646912,0 37.35563297512419,37.06171002260135,0 37.35589427152994,37.06189484627493,0 37.35597627426981,37.06203426437391,0 37.35742805441733,37.06234669945243,0 37.35826559157319,37.06261406474088,0 37.35907599209496,37.06264620746222,0 37.35973992389607,37.06251662166684,0 37.36031973531598,37.06266186761061,0 37.36174814227421,37.06288712302299,0 37.36188852347128,37.0625472045083,0 37.36198255799798,37.06254064120012,0 37.36199401427931,37.06252900023469,0 37.36205323884687,37.06253570833109,0 37.36224994730657,37.06252198119239,0 37.36278514447898,37.0625746917406,0 37.36320507396489,37.06260666283995,0 37.3636422128241,37.06264257018604,0 37.36390244120568,37.06265259020298,0 37.36427467445752,37.06284435454085,0 37.36485214732284,37.06311435787581,0 37.36524457502153,37.06325630276922,0 37.36558740412033,37.0633151792138,0 37.36566253678798,37.0633341541802,0 37.36599516796084,37.06316250295188,0 37.36608561574437,37.06316029349571,0 37.36636807029406,37.0632027332197,0 37.36645573686144,37.06319940944734,0 37.36654616547213,37.06324626392458,0 37.36658927716868,37.06331429649197,0 37.36673949470022,37.06348940698309,0 37.36675338318349,37.06356077747941,0 37.3668243282934,37.06361320550798,0 37.36704277474778,37.06366789424563,0 37.36718191090643,37.06370584081844,0 37.36728625407464,37.06375715916013,0 37.36760487093014,37.06385982183795,0 37.36768418445492,37.0638687605986,0 37.36775377308263,37.06382305577617,0 37.36806312216544,37.06389348533699,0 37.36827845991755,37.06389100123727,0 37.3684434403371,37.06396274386415,0 37.36873332930643,37.0641135925512,0 37.36901648510678,37.06420928503655,0 37.3695084754327,37.06441993724398,0 37.37002019672624,37.06460964723635,0 37.37044749391488,37.06473589093507,0 37.37084080838712,37.06472904432572,0 37.37123122532589,37.06456113087734,0 37.3720835794552,37.064210664022,0 37.37234336608398,37.06412480762911,0 37.37276085839585,37.06402561961548,0 37.37319091379548,37.06398612017275,0 37.37378741386896,37.06394008721057,0 37.37496052640873,37.06384348377222,0 37.37663704941478,37.06405556241511,0 37.37798119904837,37.06466701511891,0 37.37834656964012,37.06480312640291,0 37.37857260864652,37.06500161153985,0 37.37857286250674,37.06500253031256,0 37.37858901686241,37.06501601972567,0 37.37861403822368,37.06510197174443,0 37.37872397669808,37.06552397656062,0 37.37886995591795,37.06603604067308,0 37.37887970804275,37.06616892214497,0 37.38055459288086,37.06699333839418,0 37.38103271453132,37.06711173496516,0 37.38161859987149,37.06726701625979,0 37.38182501816281,37.06732564600957,0 37.38183062233328,37.06732331379748,0 37.38184542910887,37.06733144308865,0 37.38197102401654,37.06745068478603,0 37.38222740030118,37.0676734191097,0 37.38238031110392,37.06773168669092,0 37.38258211281568,37.06780043578236,0 37.38272842228852,37.06782875134918,0 37.38278188804424,37.06783675684972,0 37.38323902837762,37.06793098548445,0 37.38348797452449,37.06801297204342,0 37.3836850185386,37.06809700613638,0 37.38390200299954,37.06823199389473,0 37.3839800441434,37.06828001738762,0 37.38403803924687,37.06826104669607,0 37.38409903106395,37.06825898249542,0 37.38415000547121,37.06826703897504,0 37.38421100261166,37.06830102274119,0 37.38442798390643,37.06844193813185,0 37.38471575002704,37.06839805159961,0 37.38503206183047,37.0684515723111,0 37.38544787568292,37.06860748257117,0 37.3856512968396,37.06868499581052,0 37.38617427204466,37.06873845747054,0 37.38692596856279,37.06871789031527,0 37.38751554336729,37.06883675726444,0 37.38797862150073,37.06885576102388,0 37.38825592395577,37.06889065728452,0 37.38846363936019,37.06890218840354,0 37.389144266603,37.06894482165504,0 37.38914344432497,37.06894116512242,0 37.3893019867439,37.06894197761906,0 37.38966199480745,37.06886296238972,0 37.38972142844241,37.06884222413387,0 37.39018911624194,37.06871317979623,0 37.39151022253834,37.06828632995175,0 37.39236887898679,37.06789352045831,0 37.39304880654835,37.06751073669105,0 37.39327479523337,37.06739911071593,0 37.39348352856672,37.06694598333025,0 37.39407897997394,37.06659798271539,0 37.39425445004564,37.06649543341655,0 37.39504151134025,37.06635690092271,0 37.3951760381083,37.06633322054871,0 37.3952365510816,37.0663463660226,0 37.39528605740232,37.06634456725154,0 37.39536720159058,37.0663495321368,0 37.39542555269412,37.06633163651973,0 37.39559456349077,37.06629377005656,0 37.39566639269417,37.06624935250162,0 37.39574501279818,37.06620493607367,0 37.39583662655627,37.06614192322692,0 37.39590223677508,37.0660938846304,0 37.39595370333292,37.06606169885996,0 37.39596736009301,37.06604983414251,0 37.39605268153075,37.06602815191646,0 37.3961245018225,37.06601455735063,0 37.39626815592199,37.06597964637279,0 37.39635186654181,37.06594247671278,0 37.3964338779758,37.06588990190695,0 37.39645191765016,37.06587057751814,0 37.39648579862747,37.06582130481571,0 37.39649828752399,37.06572613124943,0 37.39651189857093,37.06551053322141,0 37.39682260597384,37.06512302541012,0 37.39707383528813,37.06508035744596,0 37.3971156813401,37.0651295852052,0 37.39711998159647,37.06512503586192,0 37.39714402735503,37.06509095884476,0 37.39718000378605,37.06504502378623,0 37.39718102444295,37.06504501176223,0 37.39718098813871,37.06504303269613,0 37.39742003698728,37.06473696722508,0 37.39784697567234,37.06412202303893,0 37.39795098192256,37.06401301520074,0 37.39808603879496,37.06391301523578,0 37.39890202518338,37.06352499027497,0 37.39959066046239,37.06323991419204,0 37.40017499178231,37.06299800975008,0 37.40045495540431,37.06284501867601,0 37.40067638413013,37.06282021584509,0 37.40069596135658,37.06281802136293,0 37.40092203315667,37.0628210302208,0 37.40106502600214,37.06280996892297,0 37.40122396739452,37.06271301425667,0 37.40136298891802,37.06260196977315,0 37.40143936008005,37.06256237759939,0 37.40146900219416,37.06254700859278,0 37.4019269721866,37.06239101042168,0 37.40240299617037,37.06217297321169,0 37.40258550337176,37.06209254620899,0 37.40296803656113,37.06192396620705,0 37.40310593281742,37.06188834026831,0 37.40311498166691,37.06188600054367,0 37.40339304681573,37.06185702585043,0 37.4035089561634,37.06185096998399,0 37.40357603263949,37.06181701135718,0 37.40379168660421,37.06160993154455,0 37.40380303646579,37.06159903478175,0 37.40386799586727,37.06155600096636,0 37.40393202783424,37.06154298764515,0 37.40525104057932,37.06136398167939,0 37.40554297874288,37.06128797937981,0 37.40571298203535,37.06122801869433,0 37.40586597656542,37.06113104094845,0 37.40605299931357,37.06093299828816,0 37.40612969177344,37.06087382242146,0 37.40615797084125,37.06085199924542,0 37.40623692269484,37.06081863534876,0 37.40637100250892,37.06076197113372,0 37.40644197550515,37.0606980461503,0 37.40645003222347,37.06060197718597,0 37.40641102397646,37.06041301028541,0 37.40643998496824,37.06033399530227,0 37.40653398934607,37.06029701540577,0 37.40670503873467,37.06029904129912,0 37.40686796592215,37.06031801465898,0 37.40720899511528,37.06023403418658,0 37.40733176646586,37.06022172135242,0 37.40763795835058,37.06019100376547,0 37.40804004493142,37.06018902679565,0 37.40826798101131,37.060228044908,0 37.40876697478792,37.06051919064128,0 37.4088300237624,37.06055597550973,0 37.40902800598502,37.06057002449759,0 37.40946701090624,37.06081903022551,0 37.40960198088161,37.06091601517488,0 37.4098277409247,37.06104996902581,0 37.40992896279882,37.06111002550898,0 37.41025902147128,37.06121496264533,0 37.41089704375723,37.06135300545342,0 37.41121696712067,37.06135100303375,0 37.41147699620995,37.0613199697268,0 37.41163699512078,37.06125597686005,0 37.41176802449932,37.06109004106631,0 37.41190899190282,37.06087001076155,0 37.41206997517201,37.06073904436148,0 37.41236496530843,37.06067299007247,0 37.41248656732756,37.06065474014326,0 37.41311724431385,37.06056007589002,0 37.41330403921498,37.06053203568506,0 37.41342050777274,37.06048217320865,0 37.41347948979519,37.06043295518955,0 37.41355843207208,37.06034874597739,0 37.41357600792497,37.06032999487571,0 37.41363402521311,37.06025297358573,0 37.4138455404356,37.06018963684535,0 37.41419504625934,37.06008497453843,0 37.41445102380199,37.05993097799139,0 37.41541300139495,37.05946603072542,0 37.41575898771276,37.05933997201932,0 37.4158312800438,37.0593975585661,0 37.4158970874336,37.05937358131222,0 37.41589292082907,37.05947645917674,0 37.41602806809554,37.05945965852131,0 37.41609762954842,37.05933499853883,0 37.4161153648758,37.05933400471985,0 37.41611330620989,37.05928833251664,0 37.41611226732596,37.0589685160837,0 37.41640595104903,37.0588210280612,0 37.41649839800937,37.05878814223325,0 37.41651108646011,37.05878550934924,0 37.41651409398667,37.05878255960488,0 37.41663531487147,37.05873943706919,0 37.4167321628362,37.05854265752857,0 37.41698970501162,37.05833171905936,0 37.41747117924929,37.05832669573407,0 37.41769555749556,37.05832832974886,0 37.41823043881057,37.05823419063096,0 37.41840495038103,37.05796743764968,0 37.41848624735206,37.05765871535946,0 37.41869677376457,37.05728594694547,0 37.41906409147592,37.05712527301335,0 37.41916671527637,37.05659421004238,0 37.41923406131131,37.0564915230377,0 37.4193378462256,37.05633958211105,0 37.41957128028827,37.05625534012125,0 37.41976979108111,37.05617151571759,0 37.41982485412311,37.0560588662189,0 37.41982087074933,37.05584511262021,0 37.41984795052945,37.05576105516116,0 37.41995506877495,37.05554825646563,0 37.42010940929971,37.05530970040258,0 37.42030925342671,37.05492451512911,0 37.42023236398815,37.05461216618291,0 37.42015252537238,37.0540969189771,0 37.42017887068093,37.05402935487522,0 37.42057078492819,37.05397750348251,0 37.42185186019152,37.05380755320414,0 37.42191597033641,37.05265782173909,0 37.42232414806687,37.05241560508572,0 37.42253070317356,37.05232537448315,0 37.42292134598079,37.05200601363938,0 37.42322316597559,37.05179541176661,0 37.4238709745094,37.0515858785014,0 37.42397454772642,37.05140215249147,0 37.42403425501964,37.05129623520403,0 37.42404289322125,37.05106034581887,0 37.4240663686804,37.05103482343105,0 37.42439524384487,37.0509644926659,0 37.42440122630619,37.05097038542938,0 37.42441605098589,37.0509600423493,0 37.42446923102277,37.05094866922666,0 37.42452648072751,37.05070809286961,0 37.42503744779194,37.04999762915277,0 37.42501646687779,37.04989442505066,0 37.42485377248941,37.04977402219938,0 37.42460988284223,37.04959379678796,0 37.42443066963015,37.04946181388773,0 37.42408826102633,37.04921926808237,0 37.4240595631296,37.04911194066302,0 37.42407818719185,37.04902876759539,0 37.42509510807503,37.04891011415041,0 37.42553822608683,37.04880697728251,0 37.42558871807713,37.04805264249289,0 37.426041132283,37.0477410056583,0 37.42589550346898,37.04731824572831,0 37.42627504259837,37.04679794430356,0 37.42642162727422,37.04647222424127,0 37.42631395729476,37.04572288298042,0 37.42636320461399,37.04559112710256,0 37.42647931953343,37.04512429226006,0 37.42648393155145,37.04510574380932,0 37.42629232683218,37.0450291960285,0 37.42626689009026,37.04484213026728,0 37.42625664331012,37.04476678945506,0 37.42621857756695,37.04448686365539,0 37.4262326581927,37.04447852410759,0 37.42620153725791,37.0444178826695,0 37.42617744264299,37.04414837559365,0 37.42625455386978,37.04385728913938,0 37.42647200547032,37.04360014957845,0 37.42661740887356,37.04326265020869,0 37.42800412563191,37.0432214955913,0 37.43087731293279,37.04329597858465,0 37.43119776333666,37.04454997163004,0 37.43126380266768,37.0457403866337,0 37.43122502855645,37.04652136435642,0 37.43129558320531,37.04652351967751,0 37.43296564221257,37.04655966983582,0 37.43371424837557,37.0467305640332,0 37.43423309987362,37.04680102334193,0 37.43530204141327,37.04680494796214,0 37.4363177794931,37.04682310772407,0 37.43679068978869,37.04665900145202,0 37.43715203506232,37.04645577856628,0 37.43861882715509,37.0464773431324,0 37.43879671702314,37.04655844665876,0 37.43892079461623,37.04666202844211,0 37.43894043653529,37.04683351743385,0 37.43891741045287,37.04695734682083,0 37.43884426566569,37.04704754808034,0 37.43869461927643,37.04714459222804,0 37.43846993940594,37.04723176840859,0 37.43836152452716,37.04748331057637,0 37.43843889493569,37.04765440414809,0 37.43864085032884,37.04750025414801,0 37.43902743550971,37.04730789452304,0 37.43936897577645,37.04720991543807,0 37.43970004119338,37.04717827674578,0 37.4398886844414,37.04711505440522,0 37.44018728390252,37.04695626248618,0 37.44024941005559,37.04690042936264,0 37.44104998473621,37.04624930309029,0 37.44227512742727,37.04622712409788,0 37.44462345374701,37.04623927305248,0 37.44461076092431,37.0479633302921,0 37.44469122937106,37.04799076046496,0 37.44570206502241,37.04819211323624,0 37.44649283520145,37.04834628546201,0 37.44664658866377,37.0483325406812,0 37.44653282409116,37.04795645416809,0 37.44665125639451,37.04779832308883,0 37.44698869321433,37.04731939876829,0 37.44729903646054,37.04744143842966,0 37.44745606465846,37.04744427152362,0 37.44766018570473,37.04727559819788,0 37.44835583006157,37.04694423811674,0 37.44878277778517,37.04665651437995,0 37.44939841798152,37.04632375124209,0 37.44918826289459,37.04589436269081,0 37.44971072785262,37.04556593208335,0 37.44978704609046,37.04547431593106,0 37.44991637240473,37.04534681387668,0 37.44994051717362,37.04522644395828,0 37.45006974959773,37.04507182742059,0 37.45050343080679,37.04548090472822,0 37.45066473702096,37.04562255174078,0 37.45058284777929,37.04579542528124,0 37.45069546419587,37.04615662936822,0 37.45052729302719,37.04627169690973,0 37.45062195618973,37.04646124759088,0 37.45093701141855,37.04671071004186,0 37.45161976776299,37.04637466197042,0 37.45187106622362,37.04668992245416,0 37.45140172103875,37.04719189295561,0 37.45110397578431,37.04750450684868,0 37.45100292663869,37.04802537844449,0 37.45083787124721,37.04825210468128,0 37.45073749006465,37.04850144576433,0 37.45059004944345,37.04877790558407,0 37.45106167233747,37.04864922692059,0 37.45183732617379,37.04847832601359,0 37.45284365073967,37.04824977665421,0 37.45332189795678,37.04802464200886,0 37.4550599523648,37.04769073779828,0 37.45599455690088,37.04725237192107,0 37.45601009270643,37.04692378846367,0 37.45642590683782,37.04539723233745,0 37.4561038824769,37.04533813950658,0 37.45610691020997,37.04533047181369,0 37.45596579108985,37.04530457590484,0 37.45613027468264,37.0448880703587,0 37.45595920520564,37.04460004707855,0 37.45639852381915,37.04479006547149,0 37.45690053697982,37.04506609153975,0 37.45700353178646,37.04516013915983,0 37.45699210164988,37.04579370056402,0 37.45697420962825,37.04604190202723,0 37.4569861605581,37.04607502086458,0 37.45729194472985,37.04608487499614,0 37.45735280005796,37.04650132753791,0 37.457391193113,37.0464876040053,0 37.45751608300634,37.04646713870424,0 37.45757660799983,37.04646392536973,0 37.45778333376774,37.04642681470592,0 37.45780189170011,37.04643070237812,0 37.45782125637022,37.04642305551031,0 37.45795059972875,37.04642064411134,0 37.45802710053093,37.04644727965439,0 37.45808845130681,37.04643206276951,0 37.45826918284038,37.04641201216488,0 37.45833885766087,37.04640012020075,0 37.45842370333965,37.04635068463396,0 37.45848697668252,37.04633632327678,0 37.45856056423718,37.04630740293035,0 37.45859433652221,37.04630104379513,0 37.45858604461021,37.04619115504136,0 37.45876392711293,37.04616035561796,0 37.45892298869516,37.04612297589362,0 37.45893334105031,37.04613102419214,0 37.45912612649915,37.04607960457319,0 37.45913866378594,37.04607443271409,0 37.45916591279681,37.04607492193078,0 37.45935108063669,37.04602856193583,0 37.45958338458202,37.04593931546824,0 37.45959772588575,37.04593068136597,0 37.45962269911595,37.04592614480312,0 37.45980438600277,37.04584038950834,0 37.4599307703412,37.04582826271258,0 37.45995436541754,37.04576099508313,0 37.46009451967846,37.04573154370041,0 37.46031013513964,37.04568151159607,0 37.46048223454967,37.04565069430858,0 37.46057678874974,37.04563940291531,0 37.46083683318178,37.04558218246336,0 37.46093303378043,37.04553798601723,0 37.46095853306552,37.04554219855939,0 37.46134313360073,37.04542201126965,0 37.46146988554528,37.04540460299025,0 37.4617598784211,37.04535801988828,0 37.46184401786315,37.04532755472897,0 37.46181999188051,37.04511240504473,0 37.46228853528625,37.04507041906218,0 37.46259165589139,37.04504052790903,0 37.46278626154331,37.04502337538132,0 37.46288054801175,37.04501014111586,0 37.46302499285303,37.04499494747106,0 37.46305083412482,37.04514006544021,0 37.46308398465744,37.04515183800273,0 37.46315891378931,37.0451630934306,0 37.46318799501466,37.04542462129359,0 37.46319720205724,37.04546895556832,0 37.46352149886782,37.04544665748318,0 37.46387925717715,37.04539801135778,0 37.46390708340189,37.04541030619804,0 37.46392413457103,37.04544424073929,0 37.46401735190898,37.04543156566537,0 37.46404517816732,37.04544386047242,0 37.46405559593738,37.04546459531153,0 37.46410009269019,37.0454595213143,0 37.4641828269021,37.0454568819305,0 37.46415664508283,37.04535524140469,0 37.46413191989168,37.04511924647203,0 37.46415775749686,37.04509788754103,0 37.46430592165017,37.04508439435676,0 37.4643655183951,37.04508003665568,0 37.46443027731129,37.04510602014168,0 37.46461203343371,37.04509286869531,0 37.46462733133544,37.04530099323924,0 37.4646372621083,37.04531380889593,0 37.46464297755073,37.04544312647347,0 37.46465340552337,37.04548181433918,0 37.46466882794012,37.04569640646248,0 37.46469350510194,37.04588511677417,0 37.4647089984354,37.04603132886955,0 37.46471834494258,37.0460556141761,0 37.46473416936522,37.04621910774306,0 37.46474080376106,37.04623427604256,0 37.46474740011632,37.04631349646662,0 37.46476939713256,37.04641817440599,0 37.46490138235563,37.04642264333584,0 37.46490749408525,37.04645172762275,0 37.46494563703486,37.04645301890645,0 37.46499546087523,37.04679323781505,0 37.46500630257465,37.04692085131649,0 37.464895092538,37.0469536000805,0 37.46482013459368,37.04698142042619,0 37.4648563492689,37.04711992536362,0 37.46492959737333,37.04743950874623,0 37.46495898885674,37.04773165515616,0 37.4650118440555,37.04776464186596,0 37.46526456933095,37.04773555812072,0 37.46532287339239,37.04772618384018,0 37.46533058681803,37.04768281563176,0 37.46546643915111,37.04768222030719,0 37.46549546165503,37.04769412246409,0 37.46579128847544,37.04760503499937,0 37.46606375760715,37.04752568331379,0 37.46632652021454,37.04745037212062,0 37.46650509651637,37.04735453141337,0 37.46664892558508,37.04726451162205,0 37.46694471643916,37.04709417555647,0 37.46715024166987,37.04696858677363,0 37.4672874555639,37.04688452972253,0 37.46742535601403,37.04680438784774,0 37.46758605701419,37.04670141185307,0 37.46773072141848,37.04662314650271,0 37.46783825546165,37.04655416478096,0 37.46790947107483,37.04650475059097,0 37.46798645282036,37.0464371261979,0 37.46813617920733,37.04639948747975,0 37.46840709772953,37.0463034812691,0 37.46865377753492,37.04621904958501,0 37.4688481055633,37.04614752098288,0 37.46899939092623,37.04609564420104,0 37.46912832884767,37.04605826078377,0 37.46926858775731,37.04600553994513,0 37.46942403008296,37.0459472384092,0 37.46956996394812,37.04590327124634,0 37.46990699695734,37.04577898925842,0 37.47050063681289,37.04557799182925,0 37.47050560807324,37.04551861240358,0 37.47063147932295,37.04551264067214,0 37.47063504996398,37.04557093392013,0 37.4706882304307,37.04560115883104,0 37.47081852516614,37.04563026989371,0 37.47082632826266,37.0456347051356,0 37.47099974544587,37.04567345170421,0 37.47107229545421,37.0457022910747,0 37.47113129264555,37.0460240149671,0 37.47137681931863,37.04591883577098,0 37.47164563410967,37.04579439944177,0 37.47185876820593,37.04570858793679,0 37.47229200237902,37.0455208288367,0 37.47279037994605,37.04531329165484,0 37.47402154354972,37.04487778944672,0 37.47404074368219,37.0448352384214,0 37.47404205521883,37.04480895907698,0 37.47435601977222,37.04485466674359,0 37.47443507568383,37.04480115712417,0 37.4747959025779,37.04482293729533,0 37.47583178822541,37.04492174618388,0 37.47596666587352,37.0452181867035,0 37.47672997116712,37.04542399679332,0 37.47699099018914,37.0455656662632,0 37.47724521207195,37.04588960319361,0 37.47736871550998,37.04585912968033,0 37.47752796025961,37.04581983432082,0 37.47756071201401,37.04591051850323,0 37.47738798775237,37.04632672099372,0 37.47706833615042,37.04662467763418,0 37.47706177941456,37.04681936463896,0 37.47684236182842,37.0469587321852,0 37.47682983526942,37.04711208749207,0 37.476696687044,37.04717171320862,0 37.47671602931482,37.04737021692004,0 37.47652575302247,37.04741398980025,0 37.4765129851957,37.04755492699156,0 37.47654677916336,37.04769942464561,0 37.47668342944414,37.0480869333037,0 37.47682580539146,37.04850335449908,0 37.47692349835744,37.04874642955399,0 37.47696683806866,37.0489649301117,0 37.47718024266594,37.04935552868152,0 37.47721590457989,37.04942080381922,0 37.47732917930932,37.04941939485753,0 37.47733005174685,37.04942183829376,0 37.47752325086945,37.04941698027292,0 37.47841155960108,37.04940592346838,0 37.47840191309283,37.05000024603983,0 37.48055453555494,37.04998268283983,0 37.48053939218326,37.0508713792514,0 37.48072871440675,37.05087335153465,0 37.48160708165733,37.05084093942811,0 37.48193520933401,37.05075755126401,0 37.48234163393778,37.05076016182066,0 37.48382208859025,37.05068066644608,0 37.48440877933348,37.05066461575866,0 37.48447824036129,37.05047270120966,0 37.48569351772835,37.050493555741,0 37.48595569030932,37.05047824968328,0 37.48670426777671,37.0511781482122,0 37.48771677463194,37.0511834908363,0 37.48730022252416,37.05212639911475,0 37.48808971845064,37.05246744516728,0 37.48925725531923,37.0533208793783,0 37.48941171612343,37.05360686207824,0 37.48951353957057,37.05381799001405,0 37.48993199417526,37.05454942868596,0 37.49024342104914,37.0548603653001,0 37.49097555584075,37.05524168014901,0 37.49344117385671,37.05603177131596,0 37.49494004419802,37.05592831469986,0 37.49584483303719,37.05556445282728,0 37.50064745362708,37.05471454166652,0 37.50091588948996,37.05533932150811,0 37.49739232597626,37.05636037327317,0 37.49877924603876,37.05712538921696,0 37.49957290708569,37.05779046248509,0 37.49920748634607,37.05824658359079,0 37.49914675931377,37.05833239007373,0 37.49909188850157,37.05838016747291,0 37.49904698276939,37.05832888947999,0 37.49889666869493,37.05816762203454,0 37.49883452555496,37.05821563628156,0 37.49875853672006,37.05813410926435,0 37.49858991781144,37.05826439020566,0 37.4984795650173,37.05836582933902,0 37.49839805132057,37.05834685003232,0 37.49817100408765,37.05854480746557,0 37.49851505329438,37.05890062749893,0 37.49841698067967,37.05899190774346,0 37.49973388075317,37.06017055147128,0 37.49990785474198,37.06049683900553,0 37.49969671673824,37.06065408970193,0 37.49948571373846,37.06080453586105,0 37.49971636774998,37.06105754685617,0 37.50012364083063,37.06150503798989,0 37.5003180532521,37.06176609606647,0 37.50069433546924,37.06163134810852,0 37.50088870794574,37.0615708576597,0 37.50144380228512,37.06141114845026,0 37.50185901687259,37.06123946079892,0 37.50213119946851,37.06110849701403,0 37.50277365355392,37.0608239875705,0 37.50320733019012,37.06068485364983,0 37.50450584236789,37.06017893975005,0 37.50565255079725,37.05972724131363,0 37.50575183944741,37.05996837702911,0 37.50609022487853,37.06079096867907,0 37.50642423638619,37.06162030817504,0 37.50665269445164,37.06220332965809,0 37.50703625692464,37.06310474815781,0 37.50822547251789,37.06308569159231,0 37.50836970623117,37.06298372702148,0 37.50915076006024,37.06245083562631,0 37.51031882014151,37.06166760608003,0 37.51108044778059,37.06114976983012,0 37.51135641006076,37.0613676006349,0 37.51158532183995,37.06149466862986,0 37.51376299666795,37.06260227751424,0 37.51458930406599,37.06236087990393,0 37.51466517378363,37.0624125672905,0 37.51472745009434,37.06239437388135,0 37.51484804298953,37.06247653070795,0 37.51498572945721,37.06249854718514,0 37.51531884578735,37.06250782426699,0 37.51557393289864,37.06249060309325,0 37.51583757396396,37.06247008435365,0 37.51587093580164,37.06250112577251,0 37.51623565410479,37.06230493739307,0 37.51663727852527,37.06206667563961,0 37.51746879175491,37.06210089583261,0 37.51796732273606,37.06211903731199,0 37.51890779795512,37.06255441483423,0 37.52001101721274,37.06302754512782,0 37.52001029798068,37.06303071500216,0 37.52001836219465,37.06303189014462,0 37.52052586192278,37.06269796299961,0 37.52134386768719,37.06211611469276,0 37.52216030105037,37.06150531701783,0 37.52165515492027,37.06128125241342,0 37.52041999336635,37.06071632170305,0 37.52028339388273,37.0606448641096,0 37.52017990664226,37.060562759356,0 37.51997386006381,37.06035092779325,0 37.51973507679261,37.06007573636628,0 37.51963195522113,37.05997492376623,0 37.51935568095682,37.05988130463616,0 37.51946371376243,37.05923785831087,0 37.51964600557494,37.05826868739075,0 37.51973576464192,37.0577018117804,0 37.5197452136829,37.05764214453666,0 37.51977685203956,37.05721551145053,0 37.51980289931102,37.05696744614296,0 37.52020517943065,37.05625621662445,0 37.52051004543959,37.05575133150927,0 37.52079827150928,37.05577534327349,0 37.52089185195019,37.05543795023151,0 37.52103632395836,37.05499400975542,0 37.52133890847388,37.054140272742,0 37.52140678253449,37.05405272273454,0 37.52142135233422,37.05404140145455,0 37.52144616184294,37.05394602915087,0 37.52153401768808,37.05394097925183,0 37.52354798191246,37.05371497874186,0 37.52520200250144,37.05337101480649,0 37.52654396924351,37.05306402517413,0 37.52917595573611,37.05225196785494,0 37.52864198195554,37.05047499972474,0 37.5305509816807,37.04968700511459,0 37.53246098876621,37.04895096652981,0 37.532365039861,37.04826497916276,0 37.53500595943856,37.04813801245989,0 37.53507001503061,37.0477320210569,0 37.53560102111456,37.04753301980124,0 37.53713800630973,37.04747796624432,0 37.53892098506897,37.04709699559202,0 37.54124402543491,37.04651297736059,0 37.54305695979895,37.04564898446164,0 37.54292996562094,37.04524303978872,0 37.54261201217638,37.04463303304293,0 37.54264404537619,37.04371901916834,0 37.54420299192827,37.04310901294784,0 37.54351902072239,37.04209302514459,0 37.54342301462189,37.04077199691726,0 37.54428299107471,37.03927298518202,0 37.54441004775838,37.03840999940768,0 37.5446960360858,37.03701298741819,0 37.54520577313103,37.03685833932477,0 37.54556457349403,37.03668049923779,0 37.54532659228811,37.03612271594231,0 37.54575791649491,37.03595092217467,0 37.54557995884135,37.03512534181004,0 37.54649168074446,37.03492012617475,0 37.54603301039103,37.03277001549804,0 37.54596700239035,37.03166803118314,0 37.54619201745879,37.03035696866329,0 37.54730597677439,37.02974704588586,0 37.54826103961196,37.02936600995908,0 37.5493419953785,37.02944201465122,0 37.54931101777213,37.02804498525056,0 37.55160203119954,37.02766403971967,0 37.55074298829488,37.02700300396757,0 37.54988303678268,37.02611397889006,0 37.54962898323629,37.02568203428383,0 37.54937397541754,37.02456404662087,0 37.54943800102814,37.02288803527297,0 37.55064702171324,37.0213890143613,0 37.55080602512862,37.02083001588863,0 37.55042395916328,37.02016895765536,0 37.5516019868389,37.01960997573573,0 37.55080601517088,37.01834000648648,0 37.55032895983981,37.0180849940278,0 37.54915198807291,37.01793302027542,0 37.54892899946458,37.01762800347478,0 37.54921503645652,37.01722198855114,0 37.550615034705,37.01645897785839,0 37.55122004187593,37.01577303273916,0 37.54918296783325,37.01440103738262,0 37.54994701169876,37.01241903810549,0 37.55051997801934,37.01086902677631,0 37.55077502206949,37.01010700151036,0 37.55090196585982,37.00952201856748,0 37.55223800364346,37.00820101110724,0 37.55354296869469,37.00667601068391,0 37.55402000816585,37.00665102097088,0 37.55440199571468,37.00647299361403,0 37.55577096199244,37.0060409675393,0 37.55631204042611,37.00370300596995,0 37.55799803430711,37.00347397341552,0 37.55841204203681,37.00311798378765,0 37.55901701061432,37.00291502544945,0 37.55977999828644,37.00301701356741,0 37.5603530422701,37.00321999241447,0 37.56184897944211,37.00316904210016,0 37.56229398554776,37.00276198562339,0 37.56248497679349,37.00217803766902,0 37.56289904178102,37.00169496717196,0 37.56359901335426,37.00138998401088,0 37.56429896965591,37.00136498823698,0 37.56452197522087,37.000246044839,0 37.56649495971016,37.00050100005114,0 37.56719499566795,37.00039902738207,0 37.56813879956816,36.99974577632101,0 37.56758207951626,36.99908069412628,0 37.56686558693229,36.99854912081798,0 37.56812090679809,36.99617376609726,0 37.56908311949076,36.9965140651728,0 37.56926219739464,36.99590365682771,0 37.57152799229246,36.99625964396806,0 37.57189150321951,36.99674212028693,0 37.57317060796334,36.99707125857302,0 37.57475527423495,36.99599962843848,0 37.57485074239207,36.99602240264498,0 37.57499012372033,36.99593310660015,0 37.57540451943117,36.99564892963399,0 37.57597555313884,36.99587020957241,0 37.57639476654647,36.99597920326546,0 37.57665006811952,36.9959725186002,0 37.57704825458685,36.99590581735397,0 37.57749267962997,36.99574869958241,0 37.57808095191864,36.99547959192772,0 37.57875667815193,36.995081572328,0 37.57970522420346,36.99482326755962,0 37.58020983556598,36.99469610005931,0 37.58064802408756,36.99465585676501,0 37.58107678524505,36.99468697404693,0 37.58140203449258,36.99470452628513,0 37.58204162527268,36.99479513377042,0 37.58257950191321,36.99479326179284,0 37.58312030227009,36.99463378999664,0 37.58360227364222,36.99466431083932,0 37.58392063582718,36.99477393166573,0 37.5847400451637,36.99489859819959,0 37.58549431130709,36.99487735496751,0 37.5860205971919,36.99485233081241,0 37.58640061024882,36.99493514913704,0 37.58720341453623,36.99518669841261,0 37.58761891618207,36.99526993463463,0 37.58827394231302,36.99535601858894,0 37.58907077934803,36.99545090203313,0 37.58954056326965,36.99547783807454,0 37.58981544270367,36.9954882221709,0 37.59162466279741,36.99553817367518,0 37.59180230485251,36.99911508326205,0 37.59255803822229,37.00001801418181,0 37.59354398709317,36.99963602309374,0 37.59459403686761,36.99948404006938,0 37.59574002926667,36.99966202473257,0 37.59733100104128,36.99973803655052,0 37.59873102234017,37.0001959881582,0 37.6000680214783,37.00024600512175,0 37.60145203339815,37.00154303224384,0 37.6024390116222,37.00197497119116,0 37.60364798301465,37.00235596240936,0 37.6043479924741,37.00278797882125,0 37.60431596188747,37.00339804626498,0 37.60380701489748,37.00426202097395,0 37.60383896287114,37.00482102967553,0 37.60479396367587,37.00522796819067,0 37.60603498602794,37.00548197659602,0 37.60644797046817,37.00566004269278,0 37.60815095932922,37.00604096513158,0 37.61018801691183,37.005634042954,0 37.61123798879408,37.00502403390348,0 37.612382977859,37.00461800807578,0 37.61349703523903,37.0045159941169,0 37.61410198711589,37.00438899392226,0 37.61489703702325,37.00408403835893,0 37.61629804025714,37.00365196246856,0 37.61741103733616,37.00278799466128,0 37.61811103621319,37.00225397722953,0 37.61881197575278,37.00088204390174,0 37.62011600028236,37.00039897956755,0 37.62100702013118,37.00019603661945,0 37.62180303924195,36.99968699828879,0 37.62301203163922,36.99953899063559,0 37.62409404048265,36.99973803154862,0 37.62539899592802,36.9994839723206,0 37.62637501752127,36.99886601225675,0 37.62753099298642,36.99816203915685,0 37.62905896599079,36.99806095993999,0 37.62912204525573,36.99877200885373,0 37.62950402670334,36.99925501225793,0 37.63058602011387,36.99989096616121,0 37.631285976739,37.00050098120799,0 37.63198600342861,37.00080604149593,0 37.63306801647955,37.00050098250741,0 37.63446803333325,36.99961100898414,0 37.63507302482868,36.99884903687771,0 37.63597802569409,36.99820295927749,0 37.63656897614332,36.99859402360207,0 37.63742803213199,36.99864498409069,0 37.63895503650487,36.99841699944565,0 37.63930498898971,36.99860095791423,0 37.64029204337819,36.99844196157583,0 37.64108801088393,36.99795902072781,0 37.64166004270852,36.99714601468899,0 37.64188302378226,36.99653600089741,0 37.64223300284802,36.99625603496831,0 37.6430610235892,36.99595097657261,0 37.64312401531709,36.99546798554935,0 37.6429010202082,36.99513800494104,0 37.64302898101587,36.99434997421103,0 37.64360199279906,36.99432500645359,0 37.64382397525172,36.99381602341973,0 37.64417400237366,36.99366401468344,0 37.6471340096145,36.99488395761085,0 37.64678404091553,36.99549403132563,0 37.64650397240145,36.99583098434456,0 37.64777003938324,36.99701897851507,0 37.64770700987723,36.99770500324439,0 37.6508399828634,36.99856198537413,0 37.6517800415895,36.99844202732135,0 37.65213004603075,36.99912798012297,0 37.65248002608409,36.99955998778729,0 37.65311697457326,36.99963600467178,0 37.65330698984825,36.99989099754214,0 37.65340298096654,37.00037403039313,0 37.6535939973426,37.00062801862116,0 37.65445302368904,37.00090702841981,0 37.65464400495164,37.00138999795082,0 37.65496196837153,37.00174602519343,0 37.65464400545139,37.00278795834694,0 37.65435796324156,37.00446503008362,0 37.65365803643363,37.00527798597974,0 37.65324398170485,37.00578695948541,0 37.65544002656866,37.00764200754186,0 37.65426203214895,37.00820102089693,0 37.65407097435866,37.00936995730198,0 37.65403904616498,37.01048801334201,0 37.6539119847227,37.01140301332289,0 37.65477096866137,37.0116059619255,0 37.65461003539122,37.01205698070346,0 37.65383798193913,37.01288896544565,0 37.65282796007735,37.01370200272305,0 37.65265303326024,37.01369596839527,0 37.65255797234229,37.01375298358355,0 37.65188102022617,37.01424903292948,0 37.65157904504409,37.01453502788598,0 37.6509629560513,37.01537302376698,0 37.65059703194959,37.01634496148267,0 37.65034199288731,37.01680899904955,0 37.65000802066088,37.01727899818604,0 37.64756503367207,37.01880300554372,0 37.64726300189519,37.01904501380962,0 37.64705598059875,37.01922298183234,0 37.64669003127707,37.0195269747651,0 37.64629303929317,37.01988303227991,0 37.64598995707382,37.02012397075482,0 37.64608597619819,37.02050598861057,0 37.64595798424402,37.02075999710474,0 37.64549699239281,37.02148398038623,0 37.64493998101864,37.02185198596597,0 37.6444950209027,37.02230999213862,0 37.64430198183101,37.02287498668074,0 37.6453989723036,37.02319203327104,0 37.64571804376394,37.02371298011383,0 37.6462109619965,37.02410697380448,0 37.64699097425159,37.02447598288988,0 37.64713398967641,37.02480598338506,0 37.64710203858731,37.025009005881,0 37.64625898572215,37.02532700935043,0 37.64447703033435,37.02636804254459,0 37.64401499340556,37.02674896550499,0 37.64318795853935,37.02784198687398,0 37.64306104198508,37.02813400565818,0 37.64313997427897,37.02907398655022,0 37.64310798502579,37.02939199545744,0 37.64287797317871,37.02998903988299,0 37.64184297942877,37.02991199166597,0 37.6414299846802,37.02996303480526,0 37.64125497633511,37.03016596281585,0 37.64130195959621,37.0307509719587,0 37.64143002671425,37.03087797461457,0 37.6417160288979,37.03084004302632,0 37.64243198936707,37.03072496913375,0 37.64260702786099,37.03094098431031,0 37.64249600865709,37.03186800480498,0 37.64193897616011,37.0328720293672,0 37.64139804277524,37.03338001579799,0 37.64031599780534,37.03384997411892,0 37.63987003424486,37.03396400727658,0 37.63953603219435,37.03392599974689,0 37.63791298799471,37.03337997373583,0 37.63810400029673,37.03420603612648,0 37.6380400250797,37.03467596899421,0 37.63778600011103,37.03513302637383,0 37.63732404737225,37.03556501768499,0 37.63646496391884,37.03612396130474,0 37.63601996419779,37.03674603751141,0 37.63533599303185,37.03688604517217,0 37.63498499034711,37.03707597988627,0 37.63462002495875,37.03743200884158,0 37.63457197684566,37.03767300785107,0 37.63465098073304,37.03783800222941,0 37.63497003447277,37.03799103612243,0 37.63522399879783,37.03832096197157,0 37.63520800801504,37.03903201105433,0 37.63477898249796,37.03952697901553,0 37.63471500645222,37.03997203856599,0 37.63533597015549,37.04086102670186,0 37.63525597550871,37.04103902596452,0 37.6347949618918,37.04111503936839,0 37.63377602999014,37.04110204319703,0 37.63337803942451,37.04124197575263,0 37.63302799351825,37.04154696953373,0 37.63291701952676,37.04229600266411,0 37.63301200530505,37.04261397341035,0 37.63344195664099,37.04293102579184,0 37.63374403987064,37.04312196520286,0 37.63487400942952,37.04354696828109,0 37.63535098421051,37.04376901630993,0 37.63610698455461,37.04402298807673,0 37.63639400351113,37.04411202729845,0 37.63705399240982,37.0442079946457,0 37.63732402470291,37.04432195812183,0 37.63743603089714,37.04441701528273,0 37.63753897466543,37.04471603825719,0 37.63777003533997,37.04500103626207,0 37.63820803706503,37.04548404159686,0 37.63846199034401,37.04584604083013,0 37.63881197168666,37.04637901218621,0 37.63898699348658,37.04645499385961,0 37.63935296258104,37.04645498267735,0 37.6400690185807,37.04630297242133,0 37.64034003442733,37.04619496232026,0 37.64070601210023,37.04750900346072,0 37.64119095723122,37.04762998747339,0 37.64138201297184,37.04751596185282,0 37.6419549715481,37.04741404217084,0 37.64246403099966,37.04738897101274,0 37.64302100776776,37.04753499265413,0 37.6434899800019,37.04756003577927,0 37.64372100668695,37.04755404049613,0 37.64402304374413,37.04742702846414,0 37.6442780064468,37.04722397927797,0 37.64432500469744,37.04695703808834,0 37.64464398589917,37.0466400069291,0 37.64491396868517,37.04649298053254,0 37.64495403096645,37.0463730226467,0 37.64495404783928,37.04604302136612,0 37.64504903935854,37.0459850210652,0 37.64536802886605,37.0459349983168,0 37.6458210405285,37.04609299310472,0 37.64613102842925,37.04638598080843,0 37.64626699387534,37.04652503378273,0 37.64646601633321,37.04670304149308,0 37.64675999377453,37.0468170111852,0 37.64702196231029,37.04689997437343,0 37.64731698753647,37.04693796083907,0 37.64768298005028,37.04705903767124,0 37.64841503641805,37.04730001654706,0 37.64868504463991,37.04731302543839,0 37.64887602764654,37.04738904080119,0 37.64907501785459,37.04754803035502,0 37.64961601470205,37.04817599805545,0 37.64979099715264,37.04834802664993,0 37.64999003462328,37.04844898055175,0 37.65029201309699,37.04853795779843,0 37.65034000976151,37.04865200619069,0 37.65021303643151,37.04904000495159,0 37.65011696341871,37.04919796107649,0 37.64987102966659,37.04921796380287,0 37.6498069674109,37.0492869818724,0 37.64987100753637,37.04941396417109,0 37.6500059813343,37.04961799911599,0 37.6500300174505,37.04983303927222,0 37.65010100068196,37.04989098700508,0 37.65029199976794,37.04991599485453,0 37.65058698114912,37.05003696931462,0 37.65105655563694,37.050362866801,0 37.65437764343916,37.04720393350936,0 37.6544889678966,37.04727501341041,0 37.65458777706893,37.04730769901164,0 37.65619900026104,37.04771298666331,0 37.65682804581795,37.04784604214136,0 37.65711399655595,37.04783303592239,0 37.65763103860101,37.04765504383003,0 37.65814801958115,37.04771297045652,0 37.65825203887333,37.04778901503974,0 37.65847502068603,37.04786501792925,0 37.659254017321,37.04787097472002,0 37.65966803329823,37.04789699282034,0 37.65995397099672,37.04796003626129,0 37.66005002038609,37.04809999210343,0 37.6605269756941,37.04824002252521,0 37.66092498418723,37.04825896064865,0 37.66096503338243,37.04834797428981,0 37.66087699436661,37.04861396446184,0 37.66073403876042,37.04879799731779,0 37.66043995965319,37.048969998693,0 37.66028897849039,37.0491219733273,0 37.66020100232114,37.04940796726414,0 37.65992304499668,37.04996696431379,0 37.65960399015278,37.05053798079494,0 37.65941298203282,37.05121101656908,0 37.65936600494562,37.05168099093754,0 37.65927802269809,37.0519669842293,0 37.65896003522815,37.05254501247487,0 37.65900803001772,37.05278602904183,0 37.6592379698407,37.05300197159852,0 37.65954103509001,37.05314804290565,0 37.6597319854181,37.0532809929952,0 37.65981101564368,37.05347795982041,0 37.6598910163583,37.05363003479766,0 37.66018500594987,37.05380200365779,0 37.66040803572864,37.05402398786823,0 37.66065499309261,37.0541949922099,0 37.66072597693526,37.05437999533159,0 37.66071802671147,37.05456403056773,0 37.66081402523681,37.05469695689251,0 37.66156503193672,37.05552099050696,0 37.66170003794488,37.05552901149601,0 37.66186996560106,37.05559899188157,0 37.66218097008175,37.05576395902028,0 37.66278096622059,37.05619404660381,0 37.66299798989552,37.05658201072336,0 37.66337098371822,37.05699500255933,0 37.66386800819816,37.05732496864385,0 37.66422004347809,37.05760596248491,0 37.6644890218392,37.05798598595499,0 37.66469597419132,37.05820097868063,0 37.66577201269862,37.05861400380601,0 37.66639303344495,37.05881200218812,0 37.66701395632795,37.05871298100448,0 37.66950898017493,37.0586020084443,0 37.67059102136274,37.05926199891382,0 37.67215100929497,37.06098904558708,0 37.67275504636039,37.06185202362966,0 37.67304201880197,37.06256303329079,0 37.67450499681729,37.06375703682385,0 37.67466501730851,37.06434097118849,0 37.67437795832203,37.06530600333161,0 37.67307302228185,37.06649897185819,0 37.66906403690622,37.06936802322166,0 37.66906396287934,37.07002901280089,0 37.67141900101365,37.07175496368312,0 37.67189596626955,37.07251700498551,0 37.67175002422554,37.07343597518381,0 37.67198096863427,37.07533602178857,0 37.67191801705756,37.07627499788876,0 37.6719580410556,37.07659803405272,0 37.67207700666307,37.0767819922625,0 37.67225904193448,37.07691495643157,0 37.67229898382059,37.07709903687393,0 37.67225896615948,37.07724504580927,0 37.67216398093604,37.07732099965036,0 37.67202104083311,37.07732103320583,0 37.67198104599651,37.07756103038216,0 37.67276598527773,37.07790798319347,0 37.6718780205965,37.07868999184943,0 37.67129000756914,37.07941198596104,0 37.67104400982994,37.07969102212553,0 37.6709009910031,37.07992003475982,0 37.67079698786472,37.08036297028727,0 37.67060698159532,37.08072502248651,0 37.67065404105038,37.08083204632361,0 37.67099602030228,37.08099096416176,0 37.67112301006571,37.08110497181183,0 37.67125004718397,37.08127601961177,0 37.67157601506626,37.08139001498594,0 37.67178301434227,37.08148496112773,0 37.67229897112107,37.08161204516072,0 37.67283903815305,37.08168796247963,0 37.67340400502904,37.08161799227674,0 37.67369004704881,37.081611971936,0 37.67392802685833,37.0816940409713,0 37.67441296901416,37.08175198565802,0 37.67463498302314,37.08174497517745,0 37.67488096398925,37.08182801043255,0 37.67506399122083,37.08197997083685,0 37.67508803287699,37.08222095615609,0 37.67504001956621,37.08236599768873,0 37.67487402970828,37.08251198409425,0 37.67457198191302,37.08324103788945,0 37.67442101177101,37.08344998171259,0 37.67412696687157,37.08374195844734,0 37.67415002616723,37.08391302949042,0 37.6738879842261,37.08428097079637,0 37.67378499980185,37.08433099650541,0 37.67371297605024,37.08440104056233,0 37.67340403943608,37.08493995734584,0 37.67334795935803,37.08521199204101,0 37.67319698995193,37.08539597311106,0 37.67320497130606,37.08558600163796,0 37.6730380132661,37.08577696626654,0 37.67280802890622,37.08609299701161,0 37.67266499901342,37.08653702402172,0 37.67260899238149,37.08707002768121,0 37.67270398975936,37.08725999986677,0 37.67271196212134,37.08736099530732,0 37.67264099452008,37.08751302770675,0 37.67261697569894,37.08767800499641,0 37.67270399622048,37.08794396521604,0 37.67268099912624,37.08810901818928,0 37.67254500536144,37.08827404350632,0 37.67250598786819,37.0884699605963,0 37.6724659594091,37.08864102174098,0 37.67230700946819,37.08891396634416,0 37.67225904131611,37.08912902351977,0 37.67216395644644,37.08936997848292,0 37.67217199699837,37.08952900581018,0 37.67220400427959,37.08975699358398,0 37.67216402115977,37.08990903914103,0 37.67203702802293,37.09008700359872,0 37.6719890095155,37.09016896387648,0 37.6719969969875,37.09033403020207,0 37.67186201876391,37.09049903951379,0 37.67184601469486,37.09063200318027,0 37.67186196421782,37.09077100408901,0 37.67201296151781,37.09084096616528,0 37.67213198514277,37.09124597231501,0 37.67245804493817,37.09122704516716,0 37.6726249605192,37.09125298608454,0 37.6726730118304,37.09131601885578,0 37.6727039707383,37.09162701609081,0 37.67291901879987,37.091841967087,0 37.67295896088304,37.09201298101711,0 37.67305396748838,37.09224098040431,0 37.67317301749549,37.09241898743291,0 37.67333997135906,37.09255198184705,0 37.67357804486532,37.09289402881038,0 37.67374501365682,37.09297700908601,0 37.6739920210101,37.09308400218195,0 37.67396804861039,37.09319202639761,0 37.67351497703628,37.09343902744106,0 37.67320497080531,37.09369896552818,0 37.6730539809432,37.09394602663114,0 37.67291900734226,37.09423800786639,0 37.67260902888579,37.0944910057147,0 37.67247396047276,37.09478298778441,0 37.67231499143444,37.09496699043916,0 37.67204495762628,37.0950619946095,0 37.67183804527406,37.09507401416145,0 37.67162402418936,37.09526500977017,0 37.67156802284876,37.0954229578614,0 37.67161602947142,37.09561899980996,0 37.6715840343985,37.09594899774609,0 37.67167900274537,37.09609499484077,0 37.67176701326682,37.0963549941232,0 37.67194204540709,37.09648796744219,0 37.67198902639447,37.09663301928344,0 37.67202900205899,37.09735003219256,0 37.67198098129634,37.09758401449029,0 37.67207697487844,37.09792004747093,0 37.6722040427934,37.09820499716267,0 37.67229102922673,37.0983380396101,0 37.67248198366841,37.09838896387197,0 37.67272796195977,37.09840198462199,0 37.67279995704683,37.09846503976253,0 37.67285503166386,37.09861096803836,0 37.67295097184198,37.09864899343273,0 37.67315698399721,37.09860400303894,0 37.6733240017496,37.09861696477258,0 37.67345098681373,37.09876295977977,0 37.67355499932953,37.09876302313027,0 37.67381301250833,37.09858501019077,0 37.67409896283233,37.09810399978379,0 37.67452803195179,37.09909198622481,0 37.67471704699712,37.09992701485954,0 37.6748140095718,37.1023120390464,0 37.67544995860088,37.10217202681311,0 37.67533796693072,37.10361696245959,0 37.67532197675649,37.10437801916486,0 37.67578303607295,37.10431401022435,0 37.67591000205366,37.10476999339343,0 37.67624396700699,37.10478302309691,0 37.67635502756498,37.10569601755908,0 37.67644303371557,37.10636702183855,0 37.67641100187199,37.10712803483392,0 37.67587099263664,37.1080399615126,0 37.67587103278582,37.10854703029103,0 37.67650603493973,37.10854697238911,0 37.67695104018001,37.11016903289603,0 37.67723698897738,37.11153795857403,0 37.67800001223547,37.11272900501467,0 37.68012998437593,37.11272902176707,0 37.68133704334427,37.11275398930531,0 37.68232198987257,37.11303297357249,0 37.68305298755137,37.11303295921679,0 37.68391201223407,37.11280502701883,0 37.68499200109569,37.11267802917929,0 37.68562801175077,37.11473096413039,0 37.6856279914651,37.11554198509636,0 37.68451499569584,37.11602396532093,0 37.68330800019406,37.1161509611095,0 37.68295799444174,37.11594803964989,0 37.68229101547678,37.11602401127034,0 37.68178203698458,37.11637898235642,0 37.68082900960276,37.1164289967964,0 37.6806380138757,37.11696202357354,0 37.68000203390616,37.11721497670018,0 37.67958902735506,37.11779800719554,0 37.67958903613448,37.11860902895332,0 37.67908103608487,37.11891297059917,0 37.67857196746564,37.11886196749939,0 37.67768198471767,37.11840597779985,0 37.67685598780464,37.11843100330353,0 37.6765059613389,37.11873603252958,0 37.67631597180574,37.11997697000602,0 37.67571201750189,37.12043400555812,0 37.67418602932813,37.12068698144552,0 37.67329598875075,37.12114299925339,0 37.6727879777355,37.12200498796837,0 37.67208902182813,37.12276504556876,0 37.67094397509602,37.12332196571085,0 37.66976896480742,37.12393102199116,0 37.6695460151192,37.12453900515638,0 37.66830700889583,37.12512200543567,0 37.66716198732892,37.12562797504143,0 37.66684499370714,37.12628701801347,0 37.66611395492071,37.12648995991679,0 37.6651280425611,37.12649002825436,0 37.66484204214221,37.12704797453064,0 37.66385703687178,37.12702197740165,0 37.66286502376501,37.12741798142571,0 37.66149698435334,37.1274530274634,0 37.6612750463832,37.1283909774558,0 37.65882703517871,37.12937902935799,0 37.65701600804912,37.12813700573862,0 37.65571296310034,37.12839104393458,0 37.65479101310098,37.12813700368128,0 37.65415599409637,37.12740197991643,0 37.65269400844056,37.1273769584602,0 37.65119997223259,37.12778202812904,0 37.64976997192357,37.12889700503256,0 37.64932498197877,37.12930303310509,0 37.65008698469156,37.13127898321392,0 37.6499600447161,37.13181097998029,0 37.64868898548377,37.13249496968074,0 37.64767198756061,37.13249496556736,0 37.64617798199527,37.13391402218777,0 37.64560600946765,37.13386402326435,0 37.64258701369783,37.13350904425251,0 37.64077496785529,37.13343303804159,0 37.64020295705326,37.13295100714873,0 37.63966296855322,37.1320899626453,0 37.63816902849952,37.13191300184899,0 37.63629398685004,37.13120303555927,0 37.63502301827658,37.13044298338416,0 37.6343550229838,37.1303419878085,0 37.63368796312149,37.13115202763335,0 37.63260704054075,37.13150701275825,0 37.63022399554144,37.13089901619209,0 37.62959996652808,37.13032897666969,0 37.62896399293994,37.13075999373098,0 37.62724797228119,37.13106400229923,0 37.62607200487034,37.13182403475368,0 37.62527698503013,37.13337003241935,0 37.62521397554832,37.13440801821655,0 37.62469499927469,37.13545099438498,0 37.6252260166397,37.13558699425096,0 37.6283720343536,37.13586497432699,0 37.63021600891972,37.13692901006349,0 37.6316770287651,37.13788600745536,0 37.63220097256747,37.13806298483584,0 37.63354000279696,37.13854700971191,0 37.63441102530422,37.13888202757242,0 37.63478002606303,37.13897200808259,0 37.63598696667616,37.13923101013587,0 37.6362639932626,37.13930900884479,0 37.63665802507952,37.13960400729768,0 37.63690398089062,37.13977804352996,0 37.63710802189334,37.13992400323816,0 37.6378680188912,37.14048599434341,0 37.63800096528627,37.14062401284671,0 37.63835696859515,37.14106200082306,0 37.63852698671602,37.14109803822871,0 37.63892404499622,37.1415410435932,0 37.63895603896676,37.14204703973108,0 37.63788601234765,37.14248699083935,0 37.63638101599585,37.14265502861537,0 37.63510995859522,37.14230103490274,0 37.6343149891227,37.1424779907681,0 37.63307603294233,37.1433140256515,0 37.63199495842332,37.14344102124716,0 37.63142299803323,37.14409897700521,0 37.63075600240344,37.14473300742895,0 37.63037400962635,37.14622703254409,0 37.6298980163249,37.14744299749208,0 37.62897596606242,37.14817802882418,0 37.625512007812,37.14898904146246,0 37.62398596604301,37.14901402123072,0 37.62300095776079,37.14962199790806,0 37.62198395570069,37.15119300000806,0 37.62096700587631,37.1520029809152,0 37.61982298044084,37.15248496493683,0 37.6191079667935,37.15279103189233,0 37.61866001512697,37.15260196520352,0 37.61837400106599,37.15271797318409,0 37.61791397982635,37.15224998678903,0 37.61760004568306,37.15237601711954,0 37.6170719986168,37.15225796586358,0 37.61494396202972,37.15273800899644,0 37.6134820248548,37.15347198678761,0 37.6115440388327,37.15443500491025,0 37.6097950204547,37.15506804021658,0 37.6081109943056,37.15522004078889,0 37.60607697810303,37.15595502291899,0 37.60445596963174,37.15630896467215,0 37.60474205048108,37.15643602545574,0 37.60493307496169,37.15684102345153,0 37.60407499057066,37.15750002160135,0 37.60251705090884,37.15737304612114,0 37.60045206550816,37.15843699720713,0 37.59994373966385,37.15888974601854,0 37.59937096772287,37.15939995478141,0 37.59774996076756,37.1598559945355,0 37.59676504732364,37.15998200413158,0 37.59546201983445,37.16028603039915,0 37.59472701448595,37.16123103836864,0 37.59477496142555,37.16158598222427,0 37.59510898674609,37.16177604225837,0 37.59558597755916,37.16182702167063,0 37.59599901516779,37.16192797301871,0 37.59614200451538,37.1622449604259,0 37.59561697261417,37.16259897138399,0 37.59550597806694,37.16272599452468,0 37.59566496240527,37.16291597645583,0 37.59558604020064,37.16307996485988,0 37.5951879990187,37.1632200456019,0 37.59502900732572,37.16349802476151,0 37.59460003711797,37.16363797845302,0 37.59464797278257,37.16390398027534,0 37.59496600415105,37.16411903677889,0 37.59504502492209,37.16458701656775,0 37.59479095788617,37.16486600504589,0 37.59445703424404,37.16511903345116,0 37.594440998312,37.16528397757019,0 37.59493397719291,37.16523300576216,0 37.59623698999315,37.16475200169978,0 37.59666598953451,37.16439702980755,0 37.59728598431799,37.16438497796058,0 37.59773103880141,37.16453703724175,0 37.59817596169419,37.16452400707495,0 37.59817603665134,37.16494204419954,0 37.59924104001878,37.1653349880088,0 37.59928801092067,37.16585404026134,0 37.60062297372193,37.16594198692479,0 37.60067095810695,37.16547400821155,0 37.60017799442563,37.16541100863748,0 37.59984398978189,37.16475201166139,0 37.60059104503699,37.16491701255,0 37.60125903489523,37.16490402116179,0 37.60186304587541,37.16477699596262,0 37.602354971356,37.1645490245497,0 37.60292698836607,37.16449902368159,0 37.6043259884053,37.16428300883984,0 37.60453201698922,37.16434699261128,0 37.6046120305357,37.16449901287221,0 37.60475499209134,37.16510696675403,0 37.60458002025832,37.16554999297088,0 37.60437297625428,37.16603103051282,0 37.60450096733874,37.16623403604242,0 37.60497700238682,37.16644899746105,0 37.60524703329497,37.16647399500241,0 37.60543797850058,37.16613203923102,0 37.60567596282705,37.16606897860571,0 37.6059780304607,37.16620798481971,0 37.60618502271637,37.16646200298449,0 37.60642297553891,37.16732296811938,0 37.60647099306163,37.16763897665956,0 37.60682104760027,37.16817103692151,0 37.60698000653821,37.16866495676115,0 37.60678903157405,37.16961500295746,0 37.60639197188784,37.1698809964946,0 37.60574000728774,37.17010899167924,0 37.60523199252509,37.1704380324824,0 37.60495795815275,37.1709839592328,0 37.60495904295992,37.1712240080383,0 37.60518897480639,37.17125801958131,0 37.60531797199086,37.17137197745774,0 37.60550598050613,37.17194399433827,0 37.60539296802195,37.17223001472889,0 37.60498002806511,37.17271204102703,0 37.60470803192303,37.17296398875303,0 37.60446499461231,37.17302197965478,0 37.60430699018887,37.1729769902769,0 37.60417902451349,37.17309199631931,0 37.60407795542457,37.17301199197215,0 37.60383598023615,37.17323000921416,0 37.60386497144764,37.17342399159954,0 37.60383696447632,37.17350502289082,0 37.60386598371541,37.17362997785224,0 37.60372299223695,37.17376798562239,0 37.60353699976135,37.17384899223875,0 37.60346696265907,37.17399799675314,0 37.60331397606275,37.17439701853225,0 37.60324196456818,37.17454496848003,0 37.60322895851569,37.17487000444511,0 37.60346798398794,37.17523704669216,0 37.60438901543979,37.17581896568061,0 37.60472299753599,37.17617399597068,0 37.60483398376663,37.17650302922884,0 37.60445302919297,37.17722504309881,0 37.60623299857367,37.17778197463478,0 37.60666198596373,37.17680698482696,0 37.60766299326274,37.17687000118268,0 37.6078690313534,37.17671797723197,0 37.60798097639481,37.17646504069234,0 37.60869599806892,37.17641397094673,0 37.60906097892104,37.17811098894681,0 37.60874301632236,37.17838997363729,0 37.60850497082294,37.17859199634145,0 37.6086577437809,37.17923486485759,0 37.60938205411215,37.17930513720335,0 37.60937101834578,37.17937602677838,0 37.60893403774389,37.18414995884226,0 37.60880700556361,37.18445401499268,0 37.60890198671913,37.18485904693893,0 37.60976004328221,37.18626496374735,0 37.61025301218053,37.1866319632261,0 37.61088902309175,37.18713804396508,0 37.61098397602344,37.1874929702881,0 37.61146102060886,37.18792299131218,0 37.6099030139435,37.18934102435819,0 37.61115902234641,37.1901000035873,0 37.61177904608993,37.18932803723173,0 37.61260501731668,37.18979700932666,0 37.61320900333491,37.18918899019209,0 37.61379696691255,37.1893910353466,0 37.61355796938567,37.19025199007172,0 37.61368598796015,37.19039199441082,0 37.61357403845415,37.19115101198688,0 37.6130820481069,37.1911640208651,0 37.61284300574297,37.19231604114626,0 37.61395596290438,37.19254400664726,0 37.61416202222186,37.19175901481118,0 37.61511600057674,37.191998959031,0 37.61530603312609,37.19192301537729,0 37.616022045662,37.19199903574635,0 37.61630804160141,37.19154402663092,0 37.61754699596188,37.19129002511071,0 37.61834196803626,37.19136603520658,0 37.62137697024047,37.19194901309947,0 37.62096402624915,37.19313902373235,0 37.61961296194335,37.19286004218149,0 37.61951800932635,37.19315096429411,0 37.61961302952656,37.19377198715372,0 37.61947000198573,37.19411303891918,0 37.6190089877318,37.19446798947873,0 37.61867504570937,37.19466999172325,0 37.61838897252479,37.19473400638356,0 37.61722899826332,37.1947080381405,0 37.61716596646924,37.19546801208183,0 37.61808702843996,37.19555599895101,0 37.61805599730836,37.19612602914108,0 37.61883404270318,37.19617703445391,0 37.61924696046756,37.19594899020864,0 37.61977198219599,37.19592396965941,0 37.62002599107882,37.19545497047864,0 37.6235700143575,37.1963160442823,0 37.62326799746242,37.19689799021334,0 37.62283899639233,37.19745500081547,0 37.62229903848711,37.19820195620725,0 37.62182203926918,37.19883504577967,0 37.62140899701535,37.19907499508839,0 37.62101102624373,37.19916397733476,0 37.62055099155695,37.19951801949913,0 37.6189610390466,37.19998699497224,0 37.61780095601655,37.20055596187197,0 37.6175790168009,37.20107498156702,0 37.61735601957193,37.20136602880478,0 37.61675300464443,37.2014039990197,0 37.61638703087483,37.20140403822726,0 37.61614898071058,37.20158201618198,0 37.61575097037332,37.20194898083745,0 37.61535395778645,37.20232800515451,0 37.61538598548052,37.20265801314819,0 37.61570403329459,37.20316398596718,0 37.6162439907751,37.20361898897791,0 37.61708601155556,37.20412600561968,0 37.61735598732552,37.20430299539682,0 37.61708599874969,37.20482203951913,0 37.61616502065314,37.20564499765073,0 37.61564001529614,37.20579598211167,0 37.61540199340295,37.20602397106406,0 37.61535397380739,37.20640400240189,0 37.61483001019719,37.20734102428009,0 37.61532196594413,37.20764403420005,0 37.61584703816387,37.20807500128166,0 37.61626000830321,37.20855597624837,0 37.61605295645343,37.2089990041022,0 37.61575103170768,37.20942899817555,0 37.61509999631298,37.2096060292137,0 37.61463898884926,37.20965701190777,0 37.6140179724577,37.21052803941561,0 37.61522303351148,37.2104520446214,0 37.61623902091759,37.21035104361188,0 37.61738204646559,37.20981999216594,0 37.61877799228056,37.20901098760422,0 37.61972998167079,37.20870798747114,0 37.62103096945846,37.2083790262334,0 37.62290404624498,37.20734302616402,0 37.62328403955655,37.20754498777889,0 37.62318904015714,37.20848004083164,0 37.62296696563195,37.20936501969783,0 37.62347500744075,37.20944095994403,0 37.62414103899204,37.2094659808181,0 37.62569600038538,37.21032495813128,0 37.62756902924542,37.21098300723383,0 37.62921898273334,37.21123498336834,0 37.63007596980592,37.21113397792702,0 37.63004400331651,37.21148802062445,0 37.63004395735524,37.21224596093798,0 37.63026602609159,37.21244800103969,0 37.63048902622005,37.21303003283548,0 37.63130003917886,37.21532403895986,0 37.632294958585,37.21536899257791,0 37.632777981579,37.21536404531577,0 37.63343904929474,37.21533303088788,0 37.63402802380017,37.21529003210942,0 37.63438104161499,37.21525497221049,0 37.63459701640765,37.21523396856266,0 37.63485397670296,37.21519599869439,0 37.63503395840844,37.21516503833504,0 37.63516097781575,37.21513003220063,0 37.635296966768,37.21509301097164,0 37.63573399900612,37.21496802611434,0 37.63612598078205,37.21484402248326,0 37.63634897459247,37.21479101873454,0 37.6365040273854,37.2147589582064,0 37.63682500114341,37.21469901268283,0 37.6367719934488,37.21515301242565,0 37.63651804015687,37.21654299685564,0 37.635946996116,37.21735198850944,0 37.63461400723462,37.21929799772649,0 37.63477304255721,37.22041004534423,0 37.63448702861692,37.22109200139257,0 37.63397901159671,37.2215210102317,0 37.63362996417889,37.22187501269697,0 37.63432903176315,37.22303800200071,0 37.63429704530393,37.22382098178647,0 37.63397898062371,37.22465503824229,0 37.63397895644312,37.22528699751734,0 37.63509000449975,37.22657604014524,0 37.63588401995671,37.22710601836911,0 37.63750201523406,37.22758603069518,0 37.63819997588599,37.22811696012013,0 37.63337700524212,37.22917798542623,0 37.63118702401121,37.2297849870851,0 37.63106004714629,37.2303149760284,0 37.63134500748368,37.23069402894408,0 37.63118704353127,37.23114902109804,0 37.63007597735964,37.23147800440822,0 37.62785602022745,37.23149503008011,0 37.62752500641057,37.2310570381869,0 37.62736396135981,37.23083802468749,0 37.62719701514759,37.23052600690242,0 37.62691997055308,37.2300299593783,0 37.62666396456412,37.22947901375966,0 37.62632101719453,37.22874002541487,0 37.62597197065389,37.22801103192624,0 37.62580600172132,37.2277309876148,0 37.6246170317736,37.2279150074605,0 37.62350701283582,37.22834403002622,0 37.62338002345342,37.22927897760538,0 37.62312602701991,37.23029000976387,0 37.62236400853441,37.23094701194096,0 37.62220499858408,37.23162900118949,0 37.62239595704893,37.23231196123273,0 37.62277699816086,37.23339800322254,0 37.62303104485214,37.23428303149372,0 37.62312600775943,37.23610200401141,0 37.62347501618747,37.23688498303132,0 37.62391898285994,37.23761799728552,0 37.6244590138449,37.23812296891401,0 37.62502998825645,37.23837600906165,0 37.62528404545229,37.23880497132744,0 37.62550601080981,37.23976504637534,0 37.6269340314818,37.24267102207015,0 37.62718796964092,37.24416096556284,0 37.62674000689576,37.24624196050311,0 37.62664804287486,37.24654798386251,0 37.62684899747907,37.24795998717841,0 37.6267029583518,37.2485140220193,0 37.62595296858942,37.24906698274084,0 37.62361196043584,37.24996995958711,0 37.62251397693377,37.25013000402884,0 37.62127000317717,37.24995501790248,0 37.61962399507153,37.24983904688309,0 37.6190570495139,37.24970802936841,0 37.61786799915745,37.24922704483604,0 37.61715397860247,37.24833901117803,0 37.61629402650859,37.24791704371094,0 37.61503198047637,37.24740701970229,0 37.61369702915058,37.24679497760908,0 37.61157504312104,37.24647496704644,0 37.60870298714122,37.24627099634046,0 37.60729398130916,37.24608197496882,0 37.60590400471601,37.24570299091308,0 37.604568959771,37.24516500845108,0 37.60299601702017,37.24417399110958,0 37.60219099166425,37.24271803370409,0 37.60186100107331,37.2413490002113,0 37.6014960241095,37.23931000062079,0 37.60036103192194,37.23773701927154,0 37.59860499442589,37.23692197259246,0 37.59721504339172,37.23663101454819,0 37.59428797055691,37.23695098751607,0 37.59348304967644,37.23703796859887,0 37.59147096855654,37.23773700480569,0 37.58982496453527,37.23805802368126,0 37.58836103971679,37.23863997782837,0 37.58713604242028,37.23842202230318,0 37.58625798320323,37.23909197467362,0 37.58468398569506,37.23932499951188,0 37.58278195813591,37.23894601494256,0 37.58223301272034,37.2383930298295,0 37.58135504017398,37.23839304575181,0 37.58036396270918,37.23872798262462,0 37.5786839595189,37.23813104900443,0 37.57729404130767,37.23690700464703,0 37.57656199116214,37.23600399824212,0 37.57553800219945,37.23559698168722,0 37.57356203795526,37.23550899623975,0 37.57311396799554,37.23432203225092,0 37.57181500993121,37.23382698997553,0 37.57079099371112,37.23320104582905,0 37.56987604749867,37.23224004787259,0 37.56899804477976,37.23171497139253,0 37.56788202646143,37.23100199976852,0 37.56747997264639,37.23031696547815,0 37.56704102532171,37.22980696651761,0 37.56614501536404,37.22979295869462,0 37.56541296190763,37.22973397299881,0 37.56490097935477,37.22934099808012,0 37.56307102700148,37.22950097081313,0 37.56160802267163,37.22947197385641,0 37.56063796563888,37.22954495936006,0 37.55954104130966,37.22974901157441,0 37.55880895970081,37.22971999261654,0 37.55710800705602,37.22937002506693,0 37.55643103715577,37.22900603655206,0 37.55583700010543,37.22884199678278,0 37.55546202996727,37.22864597004445,0 37.55533401280633,37.22829602949966,0 37.5550320127966,37.22815004694274,0 37.55416297213825,37.22793202792698,0 37.55390696913865,37.22756799518075,0 37.5537330063689,37.22728398688824,0 37.5534680155249,37.22721104811447,0 37.55291002933346,37.22740796595046,0 37.55211402847473,37.22783697992383,0 37.55156503971275,37.22785201510987,0 37.55121797275268,37.22750196596385,0 37.55097999741958,37.22719599335801,0 37.55090700919987,37.22681802245494,0 37.55061400496769,37.22643896687497,0 37.55024797055403,37.22620603995348,0 37.54997399754823,37.22587097961875,0 37.5496989592933,37.22556098461186,0 37.54929701288481,37.22539403697145,0 37.548849044552,37.2253579947348,0 37.54868404425176,37.22556101629082,0 37.54847404972839,37.22580896222055,0 37.54823602038868,37.22584496607357,0 37.54782403953232,37.2255690168592,0 37.54768704473653,37.22556900562842,0 37.54759602812433,37.22584504181022,0 37.54626900211395,37.2271780373266,0 37.54520797071076,37.22828496617829,0 37.5450260238242,37.22880603513533,0 37.54474203775466,37.22924598020689,0 37.54430297795341,37.22942896031474,0 37.54411996782254,37.22955200981272,0 37.54398304110303,37.22957398047709,0 37.54342501889375,37.22937002944192,0 37.54269296154748,37.22924602134429,0 37.54235497200104,37.2290570408107,0 37.5420709791878,37.2287080349396,0 37.54193401694766,37.22817598487953,0 37.54172104721597,37.22747596193984,0 37.54164104139555,37.22629002631552,0 37.5419339706926,37.22373302084711,0 37.54197097579912,37.22232802687986,0 37.54211703674308,37.22170100526139,0 37.54211704963523,37.22101704197598,0 37.54197101067551,37.22060901667803,0 37.54127697081046,37.22020704304192,0 37.54003197463779,37.21999002652808,0 37.53919004914507,37.21902801449392,0 37.53873301274527,37.21847497811318,0 37.53765397688308,37.21776096441299,0 37.53717800301243,37.21738199733333,0 37.53683003195896,37.21694504623451,0 37.53629997596054,37.21655199886511,0 37.53593403987356,37.2161589828065,0 37.53597104262467,37.21503703514017,0 37.53591602224412,37.21430800650798,0 37.53566004780983,37.21368197080535,0 37.53571396579265,37.21255998360036,0 37.53611696462351,37.21238498226499,0 37.53651901055176,37.21202102320912,0 37.53705002665559,37.21117598242554,0 37.53718700644968,37.2109429725093,0 37.53680305041151,37.21085603948512,0 37.53616296604778,37.210827036967,0 37.53488204915752,37.21094304044509,0 37.53387604625066,37.21075403909699,0 37.53261402807447,37.21072496060452,0 37.53131497663625,37.2109139733268,0 37.53074801247551,37.2109579794898,0 37.53038199243724,37.21053502908465,0 37.53016303856451,37.2105060480155,0 37.52959602188157,37.21111803725938,0 37.52917503877463,37.21133704454765,0 37.52869898582428,37.21062299927196,0 37.52785801429629,37.20989401573598,0 37.52710801364326,37.20885998762982,0 37.52657699480107,37.20842302165128,0 37.52590000516427,37.20798604200815,0 37.52491303070418,37.20735903380816,0 37.52390596618412,37.20658701226585,0 37.52340298010494,37.20607298434968,0 37.51918700438189,37.20728997269787,0 37.51816296696519,37.20761102428629,0 37.51731201164812,37.20772700283793,0 37.51653399285524,37.20787997918731,0 37.51575701378486,37.20811295906722,0 37.51621401518593,37.20898698444134,0 37.51430300176797,37.21047002372094,0 37.51381796663721,37.20972701547099,0 37.51221702846541,37.21015604652179,0 37.51221701048155,37.2103460071713,0 37.51280998367463,37.2109200313078,0 37.51284598060634,37.21098697717674,0 37.51287704283593,37.21108597664031,0 37.51294597170933,37.2111780035904,0 37.51298001973422,37.21125903206913,0 37.51273900535801,37.21157696938732,0 37.51258302980548,37.21190499477203,0 37.51199803669434,37.21231302330632,0 37.5118149862746,37.2124580109454,0 37.51187901528586,37.21296102215691,0 37.51057096388185,37.21368204722067,0 37.51012304819155,37.21395197408707,0 37.50926301173484,37.21491301190525,0 37.50893402917163,37.21523404656984,0 37.50858600403894,37.21583098123886,0 37.50831204148096,37.21641399498485,0 37.50825698089609,37.21661700251605,0 37.50860405065895,37.21682101618987,0 37.50862302860207,37.21719997425566,0 37.50794600149405,37.21789896245287,0 37.50741499840641,37.21814695901118,0 37.50686698603676,37.21840904631038,0 37.50624501021712,37.21855501406129,0 37.5058419799319,37.21858402073967,0 37.5054400401273,37.21833599972442,0 37.5053300259971,37.21821998000799,0 37.50492801855675,37.21824896965859,0 37.50472602116575,37.21830704681492,0 37.50401297415447,37.21904296680315,0 37.50366498207587,37.21942901951687,0 37.5030800269221,37.22004102210443,0 37.50304299246229,37.22052098929274,0 37.50298901024773,37.22091502309522,0 37.50335400252873,37.22122101371527,0 37.50384804997802,37.22135198444094,0 37.50468999657265,37.22114799423223,0 37.50523897090823,37.22127898194856,0 37.50580604036239,37.22173099386906,0 37.50624497148507,37.2221090276564,0 37.50682999865375,37.22282303798325,0 37.50721397219572,37.22340902959322,0 37.50735102120939,37.22366402017928,0 37.5078090444199,37.22386103545312,0 37.50910801871257,37.2244000409739,0 37.50993098382421,37.22478596204386,0 37.51083597871568,37.22516497261726,0 37.51134797462969,37.22538300303167,0 37.51148998349107,37.22631396115497,0 37.51150599207895,37.22649200153695,0 37.51143099978393,37.22780096421538,0 37.51099201409897,37.22833598616867,0 37.51066196970265,37.22878797411496,0 37.51034202759872,37.22905699089412,0 37.51003998271081,37.22935200109904,0 37.50969297258483,37.2297740141691,0 37.50943702971285,37.2301019580583,0 37.50921704537615,37.23013098563702,0 37.50891496063117,37.23016799740572,0 37.50855902810432,37.23030599145684,0 37.50820196610884,37.23071398045757,0 37.50785404977245,37.23101200293362,0 37.50742500661826,37.2314790300676,0 37.50713196226627,37.23183501623725,0 37.50692197519967,37.23193699394118,0 37.50627895860915,37.23188597177682,0 37.50539400719269,37.23178404293301,0 37.50421398965324,37.23180597816146,0 37.50315297697785,37.23167500025317,0 37.50229299961705,37.23139800006639,0 37.50132401507204,37.23126700924936,0 37.50044603506299,37.23100500228644,0 37.49932997834115,37.23082999061427,0 37.49808596220035,37.2308299670943,0 37.49719001129211,37.23091798588728,0 37.49522303011867,37.23210801676485,0 37.49511596902046,37.23220299778689,0 37.49404299591253,37.23338703364147,0 37.4934209918777,37.23455203648005,0 37.49279899133089,37.23542596698463,0 37.49173903145366,37.236764994633,0 37.49102500854446,37.23779200746286,0 37.49107995878791,37.2384909605834,0 37.49139099259932,37.23897203713112,0 37.49166498847632,37.2392480291305,0 37.49195802622278,37.24012204809588,0 37.49192100748553,37.24073402807456,0 37.49159198820495,37.24117099100516,0 37.4911530406763,37.24188400613939,0 37.49095201380245,37.24248101947718,0 37.49106197463303,37.24278701351152,0 37.49117097898689,37.24303498664138,0 37.4908420147898,37.24395198430805,0 37.49025704819941,37.2446440349303,0 37.48936002072746,37.24497901288454,0 37.48870200634939,37.24499296594503,0 37.48789703653217,37.24481898258524,0 37.48687297972656,37.24476002708536,0 37.48603097917635,37.2449060406777,0 37.48517097405168,37.2455179830034,0 37.48540896327095,37.24647903684431,0 37.4860129785304,37.24708999939087,0 37.48720198450074,37.24735198969906,0 37.48901302352662,37.24787702755516,0 37.49001903860979,37.24821202981401,0 37.49093396834538,37.24877904213329,0 37.49128103329379,37.24943502547725,0 37.49167896151364,37.24989301739252,0 37.49301904605048,37.25042500819861,0 37.49359896199385,37.25108201256479,0 37.49369601280974,37.25160398902252,0 37.49339797115249,37.25223196774775,0 37.4929820144156,37.25310401942232,0 37.49241301244199,37.25368404791408,0 37.4919399880286,37.25381797212857,0 37.49157397560379,37.25406499078456,0 37.49102497447335,37.25495303989465,0 37.49075104215975,37.25541904429567,0 37.49038503884226,37.25620503042159,0 37.49071400426233,37.25652601897512,0 37.49162896890898,37.25659901965897,0 37.49241499267797,37.25639500775541,0 37.49345802242978,37.25591398255082,0 37.49422601522677,37.25603099039497,0 37.49519599509411,37.25652599349385,0 37.49559799068653,37.25706898666114,0 37.49559804329287,37.2576030005674,0 37.49532401221178,37.25831700937871,0 37.49530604497421,37.25889901073049,0 37.49561697375562,37.25951001859642,0 37.49592796514727,37.25972903055001,0 37.49684196063912,37.25967097701298,0 37.49806800739283,37.25933601467058,0 37.49867104174528,37.25927701682519,0 37.49964103649839,37.25980198974027,0 37.50013500682135,37.26015095831794,0 37.50053699600779,37.26073304371085,0 37.50062896053871,37.26127201924176,0 37.5007390372109,37.26191304370617,0 37.50073901818512,37.26256798991405,0 37.50079304451189,37.26323802031253,0 37.50095801169638,37.26366000366695,0 37.50152500979763,37.26412599882344,0 37.50247602229743,37.26456197609755,0 37.50368399993813,37.26498503942513,0 37.50454298432813,37.26504297082133,0 37.50571396462119,37.26486803910121,0 37.50655604780388,37.26459103875909,0 37.50697596677672,37.26456199274038,0 37.50816497853167,37.26473698896,0 37.50904399979576,37.26460602493804,0 37.51054401849752,37.2636009602019,0 37.51197003183411,37.26252401016788,0 37.51303096197855,37.26152704476824,0 37.51423904185484,37.26110500432378,0 37.51537297320225,37.26087196862901,0 37.51670798203759,37.26122100155154,0 37.51798902321022,37.26170200608362,0 37.5191410397325,37.2627349760288,0 37.52016600968769,37.26318698207616,0 37.52034803742858,37.26343002340307,0 37.52072399056011,37.26351801052199,0 37.52162903906818,37.26380898017509,0 37.52321103285836,37.26463903293284,0 37.52465604430613,37.26488599191513,0 37.52630299683897,37.26498804135427,0 37.52760202624164,37.26522098787799,0 37.52827799077595,37.26577402772795,0 37.52844296727439,37.26657498762795,0 37.52833304250233,37.26753602275726,0 37.52840603856684,37.26881000212667,0 37.52859897087675,37.26924996606677,0 37.52855296565064,37.26967904901463,0 37.52891904345039,37.26984697797582,0 37.52939399383505,37.26989400808845,0 37.529265987356,37.27016302852956,0 37.52913797166025,37.27054198615952,0 37.52902797135602,37.27116798154688,0 37.52890998608714,37.27119699021924,0 37.52855297046022,37.27119700570025,0 37.52706197303547,37.27140098373792,0 37.52616601310244,37.27157501466151,0 37.52537897199087,37.27157497792413,0 37.52468400059252,37.27157501128642,0 37.52433604681622,37.27198302011038,0 37.5242449937348,37.27234698846792,0 37.52453802878243,37.27252199892865,0 37.52428096172367,37.27278402453781,0 37.52369596678395,37.27294402929044,0 37.52290900846397,37.27323504046358,0 37.52234204749659,37.27339498581149,0 37.52130003618419,37.27316201411886,0 37.52089696509378,37.27304599239397,0 37.52011097724411,37.27300202167098,0 37.51879396653163,37.27306002099818,0 37.51604998449351,37.27343898311928,0 37.51520795990438,37.27365702618422,0 37.51471400193271,37.27426800922109,0 37.5145130165987,37.27479197705033,0 37.51436696584693,37.27537498671734,0 37.5143670333151,37.27556404331607,0 37.5134699923271,37.27575304118989,0 37.51279400683622,37.27614601689583,0 37.51164100640099,37.27632096952367,0 37.51138496094639,37.27642300412413,0 37.51118400474152,37.27792199125622,0 37.51116497870331,37.27841704629867,0 37.51080001740164,37.2792170460128,0 37.51004997321926,37.27962500922929,0 37.50895199789387,37.28007597248053,0 37.50761699372848,37.28036702097324,0 37.50558604147605,37.28096401295959,0 37.50203699586702,37.28242001414524,0 37.50061101621748,37.28269997308247,0 37.49931198360791,37.28251097971141,0 37.49828703839982,37.28202995837933,0 37.49649496590197,37.28195801318389,0 37.494830025664,37.28220496856174,0 37.49258002143414,37.28240899837307,0 37.49104296754466,37.28267104908284,0 37.48976304384595,37.28269996320066,0 37.48859199884519,37.28232099365744,0 37.48723797730212,37.28203000834198,0 37.48614100399967,37.28238000263511,0 37.48464102348041,37.28438799461108,0 37.48365302166005,37.28517400864009,0 37.48299502571938,37.2861640431579,0 37.48277497077476,37.28724104299346,0 37.48328701521791,37.28843403661971,0 37.4833239633103,37.28948204273418,0 37.48281199878745,37.28991902089059,0 37.47999500756954,37.28986002662126,0 37.47783598499308,37.28983104726881,0 37.47677504232285,37.28994801265915,0 37.47256797131359,37.29169403185203,0 37.46814101872575,37.2935569858855,0 37.46627501507646,37.29474997586033,0 37.46386001481313,37.29597297866836,0 37.4610069659023,37.2973410184002,0 37.45921402925929,37.29832997033257,0 37.45844600491981,37.29904998437504,0 37.45785999454205,37.29969097415221,0 37.45521397187359,37.29830200263928,0 37.4555000116823,37.29981599755792,0 37.45540402035149,37.30059900409552,0 37.4555310227135,37.30181100066795,0 37.45632499908529,37.30292098286078,0 37.45695899378408,37.30327498395096,0 37.45899003411881,37.30362798362106,0 37.45972000398221,37.30423400491079,0 37.46060902667626,37.30499098136824,0 37.46222800904398,37.30577398581788,0 37.46302101554575,37.30638001793454,0 37.46508403191058,37.30716199702897,0 37.46676598302109,37.30746502629002,0 37.46698802060206,37.30832402752312,0 37.4680349902785,37.30855101342704,0 37.46857998070441,37.3092939934122,0 37.46909204351614,37.3097309941987,0 37.4688910260796,37.3104940462615,0 37.46856099674287,37.31120697365309,0 37.468214034623,37.31190596342008,0 37.46790301657358,37.31244401357509,0 37.46804897822395,37.31302604699837,0 37.46804904594776,37.31401503847034,0 37.46799401548586,37.31490297668383,0 37.46788496639986,37.31568804451367,0 37.46770196786719,37.31615403735571,0 37.4678120003304,37.31667298555362,0 37.46825096751316,37.31712900870226,0 37.4683210390821,37.31816696431996,0 37.46835303130661,37.31968200000449,0 37.46848002841208,37.32111998130642,0 37.46825696000887,37.32210498384221,0 37.46809202754974,37.32295003908659,0 37.46912296572085,37.32295003636965,0 37.46979700326536,37.32298302590205,0 37.47068400130806,37.3230130039636,0 37.47362999978939,37.3230909677016,0 37.47412897353862,37.32326596895786,0 37.47447803025015,37.32442696057061,0 37.47419204530698,37.32510799463381,0 37.47333497014812,37.32558698922568,0 37.47304997642357,37.32606696590919,0 37.4732299935534,37.32707398981445,0 37.47280901480082,37.32748203702007,0 37.47156498025842,37.32733396336773,0 37.47046599106676,37.32718803881654,0 37.46965999995994,37.32680903747013,0 37.46742500842162,37.32616796309373,0 37.4658870428127,37.32628498320606,0 37.46548396100512,37.3266340290242,0 37.46500796277022,37.32785798367184,0 37.46471404030535,37.32890702507394,0 37.46412797917225,37.32972196339352,0 37.46335897708526,37.33021799911786,0 37.46185701119914,37.33074201363075,0 37.46046502586972,37.33117904460159,0 37.45954899781632,37.33164497082257,0 37.45841302289882,37.33315999573146,0 37.45667303326412,37.33537397635218,0 37.45579403020324,37.33559196737073,0 37.45451099521792,37.33589800482406,0 37.45335702797528,37.33611602501455,0 37.45209295994388,37.33639296739536,0 37.45187396427367,37.33665500054786,0 37.4518189898664,37.33706298662336,0 37.45152599279348,37.33732502732389,0 37.45115902735914,37.33802403101222,0 37.45062799668044,37.33930600497418,0</coordinates></LinearRing></outerBoundaryIs>
        </Polygon>
      </MultiGeometry>
    </Placemark>
    <Placemark id="ID_00007">
      <name>{622A6409-5CF2-4AFC-9BFF-09AD53B76AE5}</name>
      <Snippet></Snippet>
      <description><![CDATA[<html xmlns:fo="http://www.w3.org/1999/XSL/Format" xmlns:msxsl="urn:schemas-microsoft-com:xslt">
<head>
<META http-equiv="Content-Type" content="text/html">
<meta http-equiv="content-type" content="text/html; charset=UTF-8">
</head>
<body style="margin:0px 0px 0px 0px;overflow:auto;background:#FFFFFF;">
<table style="font-family:Arial,Verdana,Times;font-size:12px;text-align:left;width:100%;border-collapse:collapse;padding:3px 3px 3px 3px">
<tr style="text-align:center;font-weight:bold;background:#9CBCE2">
<td>{622A6409-5CF2-4AFC-9BFF-09AD53B76AE5}</td>
</tr>
<tr>
<td>
<table style="font-family:Arial,Verdana,Times;font-size:12px;text-align:left;width:100%;border-spacing:0px; padding:3px 3px 3px 3px">
<tr>
<td>FID</td>
<td>7</td>
</tr>
<tr bgcolor="#D4E4F3">
<td>ID</td>
<td>{622A6409-5CF2-4AFC-9BFF-09AD53B76AE5}</td>
</tr>
<tr>
<td>AD</td>
<td>İSLAHİYE</td>
</tr>
<tr bgcolor="#D4E4F3">
<td>KIMLIKNO</td>
<td>1415</td>
</tr>
<tr>
<td>ILID</td>
<td>{FFB0E469-39AF-48CD-826C-9FA775F95571}</td>
</tr>
</table>
</td>
</tr>
</table>
</body>
</html>
]]></description>
      <styleUrl>#PolyStyle00</styleUrl>
      <MultiGeometry>
        <Polygon>
          <extrude>0</extrude><altitudeMode>clampToGround</altitudeMode>
          <outerBoundaryIs><LinearRing><coordinates> 36.65273298378708,37.15451004471438,0 36.65217502197186,37.15480700419696,0 36.65177104312142,37.15512798851073,0 36.65087097259636,37.15656299087735,0 36.65052903400669,37.1569840252527,0 36.64900802421526,37.15762700312437,0 36.64847998240997,37.15770199151559,0 36.64821504163816,37.15774597826942,0 36.64821597034548,37.15774597318971,0 36.64773504423161,37.15782502645531,0 36.64742497451008,37.15792396219542,0 36.64633799475772,37.15775100326776,0 36.64559295661592,37.15767701861082,0 36.64273698272931,37.15691001342328,0 36.641464034473,37.15636500244752,0 36.64015996673595,37.15547497949795,0 36.63876302027744,37.15505398610416,0 36.63587599469614,37.15416297304989,0 36.63450998002937,37.15369300778565,0 36.63233702781557,37.15287703046253,0 36.63208802576003,37.15282698840303,0 36.63171602102246,37.15201102371538,0 36.63183996918613,37.15062500544877,0 36.63218102169358,37.14970898697904,0 36.63227498962252,37.14913999502922,0 36.63246098647706,37.14824895604863,0 36.63267801106067,37.14725996873992,0 36.63252300013617,37.14552702494472,0 36.63267801820675,37.14468598726695,0 36.63283404149627,37.14443398433521,0 36.63339203485288,37.14424102559053,0 36.63385799459888,37.14396798766114,0 36.63426095880401,37.14320096427399,0 36.63438603159015,37.1426570383585,0 36.63485100592084,37.14189004136167,0 36.63565896561116,37.14137003188086,0 36.63680702799972,37.14087495573641,0 36.63767601667253,37.14062704390832,0 36.63835904175459,37.14038003728492,0 36.63907295640295,37.1400090321813,0 36.64146398116792,37.13785598242398,0 36.64217798763046,37.13713798693281,0 36.64317103375466,37.13649399635455,0 36.6438229649393,37.13612302863132,0 36.64494098878633,37.13590002672203,0 36.64574801227925,37.1355039609461,0 36.64689701119541,37.13434097624319,0 36.64779696905968,37.13352396924031,0 36.64751800395071,37.13297998283494,0 36.64726899218988,37.13231200403916,0 36.64720703771368,37.13164300348512,0 36.64733198751014,37.13127200817755,0 36.64754897915874,37.13094998734174,0 36.64860397518316,37.13090096035425,0 36.64919395478007,37.13092602997283,0 36.6498770206942,37.13057901096371,0 36.65043597321469,37.13023302950999,0 36.65084000338824,37.1299109673978,0 36.6513050237779,37.12941598503907,0 36.65201902148451,37.12919297231469,0 36.65254695573734,37.12894502501265,0 36.65267102515691,37.12864801924023,0 36.65263997570385,37.12817802124826,0 36.65248500021325,37.12788101978681,0 36.65201903775658,37.12731202785048,0 36.65096403623114,37.12617300034137,0 36.64950504382486,37.12498498776284,0 36.64869796777141,37.12434800511677,0 36.64804597986095,37.12400099494695,0 36.64686595647814,37.12340704351307,0 36.64640001686378,37.12316003525539,0 36.6463380441178,37.12301104066999,0 36.64663302831924,37.12291200984966,0 36.64680401017403,37.12282500991279,0 36.6465710096487,37.12271398780893,0 36.64624503656865,37.12263997264238,0 36.64601195720479,37.1224539682465,0 36.64574796897387,37.12198397541179,0 36.64554598317849,37.12169902689512,0 36.64526704040829,37.12158798202812,0 36.64492596206468,37.12153801779867,0 36.64466199170291,37.12145203470099,0 36.6445689718742,37.12135196367364,0 36.64470796019032,37.12119196114745,0 36.64484802400087,37.12090704298015,0 36.64490996545723,37.12065895919724,0 36.64484804127045,37.12054799493671,0 36.64435103062134,37.12049797513166,0 36.64396297628209,37.12052297474168,0 36.64374601791272,37.12038698641446,0 36.64331102766469,37.11986699715809,0 36.64211600018739,37.11919899840858,0 36.64093602162016,37.11872800422808,0 36.63983398904431,37.11830803737482,0 36.63956997202646,37.11806000292604,0 36.63946198766489,37.11791197359285,0 36.63944485089635,37.1178505135595,0 36.63944176266694,37.11783945181786,0 36.63940399156638,37.11770401250556,0 36.63897996971164,37.11800902044067,0 36.63858102366082,37.11827198490477,0 36.63832204327856,37.11835800429108,0 36.63816397022839,37.11847898943396,0 36.6378510043661,37.11869101994063,0 36.63759702467475,37.11878701428751,0 36.63713902936014,37.11890501352288,0 36.63648596277856,37.11914896904731,0 36.63600596545643,37.11925599732837,0 36.63583003499672,37.11934003393696,0 36.63555503586399,37.11948696572131,0 36.63539302839565,37.11954902794776,0 36.63527296380299,37.11954300180506,0 36.63518102008185,37.11947004453474,0 36.635110983864,37.11937498063258,0 36.63508897756974,37.11927398009323,0 36.63503304029481,37.11918902426997,0 36.63494101049206,37.11913895841953,0 36.63479300709373,37.11914398681142,0 36.63463099648644,37.11914999104943,0 36.63447199026744,37.11923799067395,0 36.63427200367537,37.11937595715833,0 36.63418302826867,37.11943600420142,0 36.63412802997772,37.11950803541029,0 36.63413502661637,37.11957901506893,0 36.63423098977344,37.11969998657402,0 36.63429404002365,37.11978103020409,0 36.63434897793181,37.11989095618002,0 36.63432103485582,37.11994599038742,0 36.63425202293042,37.11999601822392,0 36.6341490354211,37.12000098428901,0 36.6340460586562,37.1199960422725,0 36.63393500362712,37.11999104424743,0 36.63384602999884,37.12000702071941,0 36.63379098177244,37.12007301410566,0 36.63366000494698,37.12014995829614,0 36.63350100453904,37.120160991684,0 36.63294302677485,37.12013396161048,0 36.63263097521213,37.12013499555621,0 36.63244496308968,37.12015698695672,0 36.63219595824289,37.12024996975444,0 36.63203096114508,37.12036602608687,0 36.63195400545877,37.12063301888444,0 36.63186400466346,37.12076003110888,0 36.6317949833893,37.12079797990692,0 36.63171896444047,37.120798024582,0 36.63147104154027,37.12078699831639,0 36.63110900227944,37.12077099166865,0 36.63077099307151,37.12083200117868,0 36.63018496010528,37.12093695611203,0 36.62973700235114,37.12096997840982,0 36.62931602788186,37.12092102430964,0 36.62921003146526,37.12088797148262,0 36.62909298443278,37.12088796190402,0 36.6289270166019,37.12092101623914,0 36.62851397288443,37.12116897056028,0 36.62791804624857,37.12145898907333,0 36.6276079983353,37.12154597640713,0 36.62705004161878,37.12159002481098,0 36.62653501975526,37.12158400576691,0 36.62617898322775,37.12162103495761,0 36.62569796319433,37.12172000583826,0 36.62637601422369,37.12461395699737,0 36.62606603122094,37.12481197168791,0 36.62352004253501,37.12471300656809,0 36.62226095633589,37.12473503368649,0 36.62014298725272,37.12477199651138,0 36.61699604119315,37.12317296886235,0 36.61575696947171,37.12284397473119,0 36.61542796178563,37.12272401713579,0 36.61352299951893,37.12268297168931,0 36.61184703750337,37.12243496378859,0 36.61004597113745,37.12218802649093,0 36.60818297823393,37.12134602964071,0 36.60743802748137,37.12065302003456,0 36.60663095927194,37.11911803603447,0 36.60570003932567,37.1176329762142,0 36.60383701299457,37.11634597283678,0 36.5988080293199,37.11441500233235,0 36.59769000795205,37.1141670382848,0 36.59557898760274,37.11471200040972,0 36.59377800827711,37.11550402053904,0 36.59303303884715,37.11565302752067,0 36.5914809808677,37.11525703025556,0 36.59104601790036,37.11446404557855,0 36.59135702729913,37.11342499929044,0 36.59222601141533,37.1114930231749,0 36.59185398345542,37.11000803276952,0 36.59085997127614,37.10916601456255,0 36.5886869695229,37.10862202628427,0 36.58657596008115,37.10882003460061,0 36.58458899626757,37.10792798651666,0 36.58210496315397,37.10718596842793,0 36.57993197906459,37.10664100712221,0 36.57831798813586,37.1053530110548,0 36.57744896099211,37.10307496865465,0 36.57757296927163,37.10144097319559,0 36.57738696391928,37.1000050449647,0 36.57670402726594,37.09936101375858,0 36.57595803108119,37.09906398818038,0 36.5735370055321,37.09837095988549,0 36.57217097647292,37.09762800375582,0 36.57130196025803,37.09639002497382,0 36.57154996340429,37.09465702191343,0 36.57335100307424,37.0926139745056,0 36.57155000972968,37.0919699956448,0 36.56974895985324,37.09058301184589,0 36.56825895571416,37.09013702063973,0 36.56701700379196,37.08909699356948,0 36.56645900581769,37.0874130007381,0 36.56447202729876,37.08627403249096,0 36.56298202548744,37.08602597527118,0 36.5619879759176,37.08622400460001,0 36.56111902664187,37.08691801456232,0 36.56043601173113,37.08671999848814,0 36.5593179666485,37.08577798872299,0 36.55789001243024,37.08587799390776,0 36.55596499981246,37.08612495809897,0 36.55509602275741,37.0866700398187,0 36.55416504129196,37.08726398182685,0 36.55298500631775,37.08756203096991,0 36.55217800078739,37.08716501158714,0 36.55192903343097,37.08657099581448,0 36.55168101716056,37.08627402133433,0 36.55105997496558,37.08582800347673,0 36.550874000458,37.08528298947537,0 36.55105997034777,37.08439197481259,0 36.55161898711968,37.08345001933937,0 36.55211602752202,37.0829059731689,0 36.55292298861974,37.08285598045897,0 36.55509603895685,37.08240999218053,0 36.55640001305571,37.08171696013357,0 36.55668598978931,37.07919900882925,0 36.55894597409773,37.07993397126789,0 36.56012497456348,37.08008198001457,0 36.56118102711307,37.07973496865026,0 36.56198800071477,37.07928999305224,0 36.56202622826208,37.07907625386109,0 36.56223603028874,37.07790298779675,0 36.562608986687,37.07671402130235,0 36.56322995841567,37.07577198611471,0 36.5652170078214,37.07567304038805,0 36.56720402639708,37.07626801366488,0 36.569190979662,37.07676300658686,0 36.57024602006633,37.07572295953239,0 36.56993602568595,37.07096700524051,0 36.56987398275286,37.06903496154813,0 36.56999801092569,37.06695404122702,0 36.57055704164505,37.06541798824797,0 36.57136398015475,37.06413002130684,0 36.57409599123299,37.0615349654849,0 36.57397195420205,37.0607920447534,0 36.57381601979223,37.06022204657857,0 36.57379763133267,37.06019021995472,0 36.57362995685624,37.05990003150971,0 36.5719849812111,37.05875997791492,0 36.57130200418689,37.05796801594872,0 36.57139500085248,37.05633200029781,0 36.57154995988155,37.05516802574662,0 36.57164297786272,37.05506898159653,0 36.57124001346945,37.05449899629195,0 36.57080497029852,37.05427596095534,0 36.56884901529618,37.0534580190077,0 36.56829000251206,37.05306198994326,0 36.56801096676011,37.05256602289412,0 36.56726602291768,37.05231904244624,0 36.56683101486266,37.05187302523585,0 36.56642797956319,37.05182303913352,0 36.5661479958741,37.05209600894664,0 36.56577600700059,37.05244295800807,0 36.56540300262036,37.05256604362232,0 36.56496797875032,37.0524919610447,0 36.56294998635187,37.05182301086149,0 36.56242303359567,37.05120401582918,0 36.56189501047532,37.05105501952421,0 36.55953596792285,37.05065898886261,0 36.55851102668893,37.05023699129309,0 36.55736200642793,37.04939495876638,0 36.55658597841434,37.04907298393356,0 36.55577903605959,37.04894897093524,0 36.55521997931427,37.04877503517213,0 36.55391595862347,37.04842901590255,0 36.55310895803125,37.04860203492859,0 36.55214704565173,37.04857704450794,0 36.55189803228869,37.04867598746423,0 36.55146395758823,37.04902300150889,0 36.55090504467564,37.04907300312331,0 36.54978696004646,37.04872598477453,0 36.54807998349231,37.0476110268793,0 36.54733503327063,37.04711499820257,0 36.5469929938966,37.0466690199374,0 36.54686898626698,37.04617399921544,0 36.54699299141919,37.0457769710978,0 36.54721103661878,37.04535598775043,0 36.54773797937596,37.0445380228339,0 36.54829696824795,37.04317501667362,0 36.54823499649201,37.04265501672522,0 36.54758303528566,37.04176300365956,0 36.5461859758062,37.03938403611487,0 36.54525504362198,37.03856602473023,0 36.54475797261548,37.03829396963432,0 36.54364006703207,37.0382189823538,0 36.54363997370482,37.03821897737502,0 36.54246098446352,37.03836803121572,0 36.54174700665705,37.03797204293441,0 36.54121902509972,37.03732699903168,0 36.54146698956384,37.03603898374759,0 36.54112603362861,37.03539398751395,0 36.54106403388838,37.03484901814306,0 36.54149795449801,37.03385801420559,0 36.54149799588492,37.03366803233841,0 36.54149803241138,37.03341198882248,0 36.54137397749292,37.03244498005718,0 36.54087700759099,37.03204898681779,0 36.5405359871995,37.03162695577075,0 36.54010104600479,37.03078501178787,0 36.53957298079946,37.02937201045548,0 36.53916998014164,37.02867799245749,0 36.53820700211924,37.02783501411632,0 36.53618904169803,37.02597596033731,0 36.53435804264286,37.02496004446213,0 36.53249501503279,37.02394397339669,0 36.53094299314401,37.02339900539138,0 36.52973199849738,37.0229280190586,0 36.52858298638748,37.02220899276234,0 36.5281180171247,37.02134100024069,0 36.52793098773908,37.02044896805764,0 36.52814901682044,37.0152929602873,0 36.52470296576445,37.01249797796245,0 36.52386397124499,37.01200203282292,0 36.52271597329688,37.01046496956491,0 36.52221896356996,37.00948596923909,0 36.52162899561549,37.00837002500788,0 36.5201699797361,37.00653599016752,0 36.51908401199614,37.00574295962817,0 36.51802798734331,37.00482496556775,0 36.51743795945632,37.00367195831377,0 36.51514103574372,37.0023829788601,0 36.51302995876282,37.00163903880594,0 36.51042198392941,37.00044900723053,0 36.50880804261212,36.99990401170939,0 36.50756598589251,36.99906098309092,0 36.50564098747235,36.99851502033866,0 36.50352999969923,36.99737498999282,0 36.50160502189112,36.99484603031729,0 36.50163601037102,36.99255203505274,0 36.50002197658736,36.99225503331875,0 36.49784904578646,36.99180804272967,0 36.4964199961908,36.99037004329168,0 36.4941849991454,36.98813804544788,0 36.49306803060266,36.98764204473184,0 36.49126698155027,36.9875930026435,0 36.48901346315807,36.98897401271147,0 36.4878048328426,36.99179413579157,0 36.48595799795027,36.99270521546206,0 36.48397535174458,36.99248827304702,0 36.48180264307623,36.99198934604444,0 36.47631642764532,36.9910782405867,0 36.4734918333773,36.98947296392329,0 36.47088445588533,36.98845338334706,0 36.46982522415512,36.98660938086916,0 36.46930919713017,36.98526431863939,0 36.46805992209417,36.98556801703906,0 36.46670186620409,36.98522088344939,0 36.46550688509554,36.98476530455837,0 36.46444764619746,36.98476530749672,0 36.46270947595463,36.98489547672662,0 36.46189465188303,36.98530763855474,0 36.46170456893459,36.98517751644519,0 36.46159595502045,36.98485204557086,0 36.46156871085957,36.9844832678707,0 36.46167736603567,36.9843097152077,0 36.46194898349027,36.98417950817822,0 36.4626279431513,36.98422291827158,0 36.46284525002316,36.98413618241777,0 36.46300825613544,36.98378901433354,0 36.4629810409767,36.98318158572401,0 36.46262793560794,36.98266086575565,0 36.4618132326551,36.98229200024008,0 36.46086261089714,36.98181469496264,0 36.45972195190097,36.98174963095174,0 36.45779353406765,36.98187983299007,0 36.45648988268589,36.98196659681377,0 36.45581090291288,36.98233538539552,0 36.45480603508687,36.98285610884334,0 36.45388260816097,36.9830513398569,0 36.4530678024286,36.98326831930488,0 36.45260612482455,36.98333343868167,0 36.45230730833367,36.98439652564799,0 36.45184562939635,36.98463513273157,0 36.45143825919435,36.98465678106218,0 36.45165549451903,36.9841795517867,0 36.45222590703303,36.98307307338634,0 36.45255175149696,36.98272593070976,0 36.45499618783924,36.98166284062008,0 36.45665287827975,36.98072990011713,0 36.4570303527948,36.98051566085326,0 36.45809609481928,36.97998756422152,0 36.45893247231535,36.97963735073269,0 36.45964068397375,36.97942182509405,0 36.46008591232158,36.97873749017111,0 36.46030173670646,36.97709943425527,0 36.46127301430808,36.97437829012856,0 36.46158927299284,36.97379142505463,0 36.4614601282618,36.97359157863453,0 36.46023791639246,36.97222461197407,0 36.45987124776805,36.97156279837308,0 36.45976265821192,36.97065141829177,0 36.45997993266604,36.97019580317966,0 36.4612836253932,36.9701957923171,0 36.46220702376618,36.97023915645427,0 36.46272303923783,36.9700438273193,0 36.46313040984285,36.96965325682761,0 36.46315756407941,36.96934951798277,0 36.46155519368372,36.96791735273713,0 36.45927375270039,36.96715787889963,0 36.45864915014178,36.96685404611164,0 36.45727756073256,36.96571474008299,0 36.45477884118765,36.964911853922,0 36.45467023782197,36.96439107263678,0 36.45983058467175,36.9632625643664,0 36.46632169932596,36.96154820435009,0 36.46818303477979,36.95915597435042,0 36.46855703576764,36.95655301883156,0 36.46859399108256,36.95629601457695,0 36.46805900477952,36.95317697769749,0 36.46771698869522,36.95213502912029,0 36.46765502596472,36.94933199782558,0 36.46787199344766,36.94804099143717,0 36.46812099933004,36.94682601396397,0 36.46861704665906,36.94583303309562,0 36.46896413354759,36.94540843191124,0 36.46879277011739,36.94522083453769,0 36.46808665761282,36.9444068083737,0 36.4674212509171,36.94331061304187,0 36.46736526172622,36.94311958670763,0 36.46470861787554,36.94341102411612,0 36.46389387520256,36.94341105463217,0 36.46123221492005,36.94315059278058,0 36.46025446436166,36.94297692759074,0 36.45900514813371,36.94362814630536,0 36.45851624257916,36.94440953458054,0 36.45493124902168,36.94319400269227,0 36.4508573106862,36.94128372487582,0 36.44841292679414,36.9399812841238,0 36.446620439183,36.9353791682471,0 36.44624018339619,36.93238327051919,0 36.44395880894281,36.93160168332069,0 36.44341555746498,36.93025569435758,0 36.44417608598069,36.92730292911411,0 36.44558497918078,36.92658916998335,0 36.45164155218611,36.92626356178171,0 36.45566116167945,36.9278267715788,0 36.45854004305142,36.92943336880138,0 36.45970786517401,36.93060572302853,0 36.46261400413582,36.93290698683338,0 36.4632420715843,36.93416342121709,0 36.47321199360593,36.9330289958504,0 36.47318103107429,36.93240896165035,0 36.47336701381084,36.93156500049112,0 36.47339802902918,36.9307709558902,0 36.47426797879476,36.93064698707182,0 36.47603697337255,36.93097004253477,0 36.47873800649565,36.93151598540406,0 36.48013504081845,36.93141598486143,0 36.48147001767676,36.9310189825101,0 36.48175003770128,36.93052296457478,0 36.481469999288,36.92985302127443,0 36.48128400941258,36.92928201459176,0 36.48143903312607,36.92885995645252,0 36.48184303313148,36.92811603924958,0 36.48168803527334,36.9276439563119,0 36.48078697163569,36.92687504585275,0 36.48016600541624,36.9258569683906,0 36.48013500056873,36.92545999825369,0 36.48078698130119,36.92506296798707,0 36.48165596815443,36.9246659572968,0 36.48199799512983,36.92416995720828,0 36.48209099079091,36.92357402570279,0 36.48264996973928,36.92327596200744,0 36.48296003020949,36.92295403262563,0 36.48361198288898,36.92295399330731,0 36.48618895611511,36.92270499993021,0 36.48752404534876,36.92280497567852,0 36.48842403030463,36.92270502378565,0 36.47675095385892,36.91854201759719,0 36.47507500981119,36.91799598668914,0 36.47377103568169,36.91680395611835,0 36.4728400054873,36.91516601381402,0 36.47178398413516,36.91456997051738,0 36.47010798770378,36.91387498059567,0 36.46930000153539,36.91293202837607,0 36.4691760028648,36.91213796288207,0 36.46942496742998,36.91154196531583,0 36.46961097292648,36.91074802729078,0 36.46898996562664,36.90990401231495,0 36.46663096448075,36.90900996356408,0 36.4655749792868,36.9078190286829,0 36.46582301886181,36.90642902633404,0 36.46718902937931,36.90533601569424,0 36.4702320044133,36.90225799513831,0 36.4719699767365,36.90121500867073,0 36.47519897643484,36.90161203426094,0 36.47985600639301,36.90111600675623,0 36.48221502462984,36.9003210022675,0 36.48364299220816,36.89962600060727,0 36.48445104034779,36.89793797282223,0 36.48507097015889,36.8949590121959,0 36.48575401981429,36.89391597992224,0 36.4871830209387,36.89331997988,0 36.49059796812146,36.89257500158452,0 36.49351604453505,36.89331998216975,0 36.49506795386355,36.89366799409026,0 36.49835901695209,36.89495899868368,0 36.50028403521242,36.89550500748502,0 36.50227102805535,36.89560396602801,0 36.50369896743008,36.89515702231346,0 36.50487801771307,36.89366799384039,0 36.5057770239317,36.89242303700397,0 36.50605796340325,36.89128399259212,0 36.50779696473399,36.88890101621305,0 36.50984603013178,36.88721201050183,0 36.51046701845869,36.88701295834746,0 36.5133850432951,36.88755998453321,0 36.51512297883612,36.88820497983514,0 36.51619296402741,36.88747103201242,0 36.51642702468973,36.887311031353,0 36.51655102582061,36.8860199694089,0 36.51735897340955,36.88547398162089,0 36.51928304054354,36.88577201996043,0 36.52210803969918,36.88435600912471,0 36.52322601151731,36.88351201273884,0 36.52477800853178,36.88239498901314,0 36.52648600150158,36.88152600336647,0 36.52806899285739,36.88090503660076,0 36.52946604063164,36.88033399666713,0 36.52952798213312,36.88008497124909,0 36.52940399531549,36.87941498126776,0 36.52943496288496,36.87862001530844,0 36.53024197688244,36.87812396530287,0 36.5315770057618,36.87693103216531,0 36.53284999038537,36.876509035774,0 36.53421598001519,36.87583902959465,0 36.53521001790349,36.87531695916451,0 36.53573703465485,36.87452300199664,0 36.53629604508799,36.87412500388626,0 36.53688601343793,36.87380203045178,0 36.53679298015143,36.87350404108057,0 36.53551999148298,36.87290800688853,0 36.53489898337503,36.87256102175178,0 36.53502297041572,36.87233703911787,0 36.53542700566578,36.87194001378088,0 36.53610995672936,36.87179101959325,0 36.53750698676247,36.87198902733047,0 36.53896595561725,36.8723369783697,0 36.539991010211,36.87226301799899,0 36.54086000501398,36.87166702387564,0 36.54145000345815,36.87139296587879,0 36.54210198914684,36.87161702262637,0 36.5426600113208,36.87174101434036,0 36.54356100382522,36.87161702852671,0 36.54458502221645,36.87102101898758,0 36.54548599133965,36.87037500435635,0 36.54799999083091,36.86965504328692,0 36.54827999260301,36.87010204174291,0 36.54880702020625,36.87117004428237,0 36.54942796808628,36.87223797142318,0 36.54918003325692,36.87313200299791,0 36.54905601224871,36.87360402899817,0 36.54871401787653,36.8743489734053,0 36.54862101425548,36.87501904404116,0 36.549242017881,36.87601297633517,0 36.55132195636126,36.87772602647674,0 36.55272501381809,36.88002395591595,0 36.55272496368021,36.87993995845246,0 36.55280798573668,36.87987900739806,0 36.55453701679191,36.87955298545021,0 36.55485300076421,36.87955304239972,0 36.55501096721579,36.87961998913514,0 36.55528897915095,36.87980696569204,0 36.55550704017183,36.87986696198765,0 36.55579203400445,36.87985499479498,0 36.55614599266754,36.87977096311554,0 36.55637897773989,36.87965604251878,0 36.55674001723165,36.87932403775645,0 36.55697299097508,36.87900398769722,0 36.55760397576596,36.87769896976405,0 36.55770204485051,36.87759603594239,0 36.55809302566136,36.87743900232713,0 36.55828104345301,36.8773000453582,0 36.55961899057284,36.87569400500661,0 36.56028101814707,36.87510199873477,0 36.56042301825214,36.87490899891169,0 36.5605960337374,36.87464303018717,0 36.56206401108162,36.8743180399988,0 36.56204901111055,36.87426601716637,0 36.56197097418325,36.87399501504948,0 36.56504395617678,36.87305096811621,0 36.56692196454112,36.87240500926812,0 36.56862999420314,36.87169800773678,0 36.57033696195104,36.87103902386227,0 36.57157901250889,36.87055502541988,0 36.57215298739388,36.870554966887,0 36.57246395581861,36.87190897441733,0 36.5734570409542,36.87178395804959,0 36.57511801398932,36.87143696569684,0 36.57573900006906,36.87156103693915,0 36.57600901579001,36.87166598770597,0 36.57699702807687,36.8743610283116,0 36.57730701952055,36.87495697160727,0 36.57833104620945,36.8748330256665,0 36.5791700248508,36.87475800988863,0 36.58264698251272,36.87525500604446,0 36.5836400003267,36.87567697350605,0 36.58426098239077,36.87602496449225,0 36.58472703837599,36.87664598728903,0 36.58500602649872,36.87734102181123,0 36.5853790156354,36.87845900645516,0 36.58581301426804,36.87873202396494,0 36.58624798577586,36.87925297288442,0 36.58665201005519,36.88044497476166,0 36.58798697326929,36.8819599815137,0 36.58935303166035,36.88327599909839,0 36.59081197690609,36.88359897752384,0 36.59245698375963,36.88312699737183,0 36.59292298326629,36.8831519814967,0 36.59369898009547,36.88290404511314,0 36.59441304550391,36.88228301941078,0 36.59556200279073,36.88228303459671,0 36.59636899791563,36.88265598671263,0 36.59711400625463,36.88305303706526,0 36.59795203679902,36.88322700308554,0 36.59934902959302,36.88282899758914,0 36.60037399959425,36.88208397590953,0 36.6016780402812,36.88161295970323,0 36.6025779891471,36.88161299617679,0 36.60684700140069,36.88075300741665,0 36.60796398614162,36.880306039857,0 36.60852299149447,36.88000801436534,0 36.60936103869244,36.87985897767222,0 36.60985803538074,36.88010697971671,0 36.61029296956343,36.88075302520383,0 36.61109996662561,36.88067803917807,0 36.61190704565539,36.88023100503476,0 36.61280696762268,36.880032956882,0 36.61398699047307,36.87988401591884,0 36.61501102146525,36.87960996369982,0 36.61727801163869,36.87908899627328,0 36.61870602794039,36.87841796989127,0 36.62013397351273,36.87752404489949,0 36.62097204006794,36.87675503675828,0 36.62168598826188,36.87538904455403,0 36.62193497957912,36.8745690335836,0 36.62252402485871,36.87367496057446,0 36.62305200601234,36.8733519746219,0 36.62361099099752,36.87208601122954,0 36.6253179740382,36.8707940035302,0 36.62652901284932,36.87052103172282,0 36.62736701253183,36.87037195783002,0 36.62609501880141,36.86977301615745,0 36.62587696898995,36.86939995941785,0 36.62621895820653,36.86895302365262,0 36.62668404426564,36.8685809642968,0 36.6267470420739,36.86793496618606,0 36.62714995584686,36.86694099868691,0 36.62581499441115,36.86574899338349,0 36.62575298094877,36.86517800779397,0 36.62581496824301,36.86453201511031,0 36.6262500296924,36.86386197693655,0 36.62590799223396,36.86356302612577,0 36.62457299813489,36.86408503230489,0 36.62385901509647,36.86381200297347,0 36.62376601080173,36.86294304024116,0 36.62435601378585,36.86172503765169,0 36.6251010160488,36.86073198280221,0 36.6259080017755,36.85991200048402,0 36.62621902674262,36.85916699846379,0 36.62621903618589,36.85775101954649,0 36.62646700414358,36.85616096070822,0 36.62609500002471,36.85501903405263,0 36.62603304383369,36.85452204110751,0 36.62656003867226,36.85392596110833,0 36.62739904463626,36.85337897357935,0 36.62854695792023,36.85305602315147,0 36.62910602068519,36.85308100574058,0 36.62988201055962,36.85253397287434,0 36.63019297701486,36.85203798071476,0 36.63047197963143,36.85149096455526,0 36.63071998435667,36.85116798608616,0 36.63065797758534,36.85027398812156,0 36.63059603588219,36.84982701848759,0 36.63053402452296,36.84952902723631,0 36.63096902723832,36.84895702845264,0 36.63121699826721,36.8484849808245,0 36.63087603518746,36.84806301452011,0 36.63022400533196,36.84749101443309,0 36.63040995745779,36.84694503200095,0 36.63090698055269,36.84597596599789,0 36.63595401071675,36.84554197061662,0 36.63534602690488,36.84412500415541,0 36.6352529601235,36.84308201441564,0 36.6353460317609,36.84246000242059,0 36.6352220270096,36.84124296260119,0 36.63559404447763,36.84087001225905,0 36.63599797213686,36.84049797134681,0 36.63652602410259,36.83982703587279,0 36.63708499479987,36.83952896599354,0 36.63767502766523,36.83923000691109,0 36.6389160415336,36.83905696917721,0 36.6403440038109,36.83895699670126,0 36.64866497035344,36.8383359774645,0 36.65055797483911,36.83768996940795,0 36.65344600785302,36.83662199138441,0 36.654439030206,36.83612497715848,0 36.65599100500732,36.83465898372965,0 36.65655001017834,36.83391298382771,0 36.65658095853846,36.83279496996593,0 36.65704700045924,36.83219899987196,0 36.65788499047365,36.83197499707865,0 36.65866097127951,36.83170203323961,0 36.65912703689778,36.83122997921124,0 36.65943695662423,36.83030995866015,0 36.65956101917867,36.82939096835044,0 36.65965500297227,36.82894296676403,0 36.66036897826163,36.82849602956593,0 36.66170399841341,36.82857098413262,0 36.66331802180022,36.82844599674598,0 36.66440402809152,36.82867002763376,0 36.6647150368557,36.82916696036814,0 36.664994015228,36.83023601637444,0 36.66490099405819,36.83123000464818,0 36.66427997780551,36.83185102504159,0 36.66408600203353,36.83269903030099,0 36.66469703938737,36.8327940337468,0 36.66559897168896,36.83284396520179,0 36.66594903225989,36.8328400225361,0 36.66619604204299,36.83278897871271,0 36.66706696315547,36.83255796679601,0 36.66943496078692,36.83190097225675,0 36.67073196057723,36.83161697354966,0 36.67275697367996,36.83124998189714,0 36.67468702825276,36.8309700174051,0 36.67477302787335,36.83095997599561,0 36.67507295718134,36.83092402476247,0 36.67553002733955,36.83078695987589,0 36.67608896204994,36.83049898242945,0 36.67685696571199,36.8301799799437,0 36.67840397271468,36.82953297566522,0 36.68094799128058,36.82875803321664,0 36.68155496869124,36.8286570393937,0 36.68205600002163,36.82858999513184,0 36.68281900331593,36.82855596353303,0 36.68408098836112,36.82849499446513,0 36.68449700540294,36.8284550165981,0 36.68477496597332,36.8283730234814,0 36.68578796054146,36.82803497734284,0 36.68604100839259,36.82797998285839,0 36.68629603718035,36.82798103412399,0 36.68773601590203,36.82809699830683,0 36.68907604324959,36.8282539913896,0 36.68973898122579,36.82836298645066,0 36.69051902942944,36.82857998988683,0 36.69200999364946,36.8290060026716,0 36.693095028211,36.8292970105845,0 36.69406098716115,36.82948704098754,0 36.6951279889723,36.82958201970854,0 36.69656001472028,36.82959103334899,0 36.6975929934955,36.8295739819967,0 36.69781598438013,36.82952896069941,0 36.69813498354467,36.82942596688061,0 36.6995970230623,36.8290249613174,0 36.70016702465736,36.82887704246102,0 36.70033396986121,36.82882099185746,0 36.70045104215775,36.8287409910363,0 36.70052599894731,36.82863600233908,0 36.70059199512084,36.82854197227788,0 36.70068395645636,36.82850700154684,0 36.70082397308504,36.8284690442312,0 36.70099502988265,36.82842802026263,0 36.70119198358952,36.82841802642232,0 36.70186898403802,36.82845503868482,0 36.70285799557171,36.82854599218862,0 36.70287103303129,36.82854600612726,0 36.70332004480657,36.82856597275081,0 36.70386696172871,36.82855399301144,0 36.70467898612424,36.82855296855764,0 36.70496296381098,36.8285849930813,0 36.70510698619233,36.82863100470113,0 36.7052329563272,36.82870497228112,0 36.70539898081007,36.82880096349967,0 36.70555203714441,36.82886404527346,0 36.70582295974391,36.82890398557957,0 36.70611499158071,36.82895695850507,0 36.70643002971956,36.82901799573142,0 36.70657400097955,36.82901804132042,0 36.7067580369696,36.82900099641962,0 36.70714895933739,36.82892801132449,0 36.70743402380585,36.82889702473933,0 36.70779703653759,36.82891604345597,0 36.7088960115707,36.82902801273568,0 36.70937202689274,36.82906798436616,0 36.709673994395,36.8291150303743,0 36.71002801012684,36.82921097505849,0 36.71013499302033,36.82923097466248,0 36.71482198284422,36.83011100321439,0 36.71687097802329,36.8302109646875,0 36.71805096795314,36.83050901204108,0 36.71904399432847,36.83234799074391,0 36.71985097393797,36.83364002756375,0 36.72158996719399,36.83438501501698,0 36.72196199887347,36.83448496044603,0 36.72311095957125,36.83485695882899,0 36.72373201007672,36.8352299991328,0 36.72410501070284,36.83605004095411,0 36.72404200882507,36.83734202626827,0 36.72373201895972,36.83846003843005,0 36.72360798109204,36.83900695913083,0 36.7232040400583,36.83990103762402,0 36.72261403794292,36.84052199023252,0 36.72193100798359,36.84124300550661,0 36.72124799452353,36.84178998184549,0 36.72118599835418,36.84201297040045,0 36.72134197472421,36.84255999166355,0 36.72109300407397,36.84355397357244,0 36.72106200807966,36.8439760428008,0 36.72013096081005,36.84454695837233,0 36.7182679940978,36.84544200789139,0 36.71795804196058,36.84586395835267,0 36.71811301329382,36.84613700642701,0 36.71839200893523,36.84631097656716,0 36.71814399368178,36.84700698868573,0 36.71826802783972,36.84725498758378,0 36.71904402988452,36.84693197067362,0 36.71947899127694,36.84678297377771,0 36.71966499901025,36.84698201768135,0 36.71950999070026,36.84775200360677,0 36.71994396081704,36.84785202956257,0 36.72044098914355,36.84780197266593,0 36.72078295521613,36.84772698744823,0 36.72124802839945,36.84755400835009,0 36.72158995838711,36.847554006653,0 36.72090701275823,36.84859703496131,0 36.72093795739923,36.84924296229166,0 36.72132902328068,36.84928403121337,0 36.72239696510033,36.84899400879742,0 36.72248995512883,36.84882103183798,0 36.72295601900794,36.84892004068843,0 36.7231420248248,36.84901903966524,0 36.72360798082093,36.84854700740186,0 36.72407399130815,36.84814995766779,0 36.72469400154625,36.84790103568027,0 36.72512898782132,36.84762800526825,0 36.72544002714496,36.84698197492207,0 36.72596699081485,36.8467830034777,0 36.72637102093477,36.84708101664368,0 36.72649495809294,36.8474039921136,0 36.72587401684828,36.84847298769243,0 36.72516003581042,36.84946602921266,0 36.72488096358268,36.85028598749971,0 36.72488104399667,36.85051004082139,0 36.72516004118071,36.85048499654852,0 36.72568797331617,36.8497889748904,0 36.72609097665207,36.84961500327466,0 36.72646400252991,36.84966499789903,0 36.72677403762442,36.84998800686954,0 36.72696095640051,36.85021199990278,0 36.72711601030971,36.85025503259887,0 36.72755096219149,36.85005598618034,0 36.72820297209403,36.84998196596832,0 36.7284820118881,36.8500690301944,0 36.72859100680833,36.85054098371658,0 36.72877698348248,36.85066502952706,0 36.72941296571397,36.85080199522825,0 36.72989501987197,36.85106301612554,0 36.73000297731928,36.85138599653356,0 36.72980097120047,36.85188202949574,0 36.72958401122147,36.85283896828624,0 36.7298629627765,36.85314900205572,0 36.73046903430967,36.85334797256798,0 36.73051503094968,36.85389502628553,0 36.73037601876634,36.85483895934641,0 36.73005002868233,36.85755898408436,0 36.72969296352212,36.85948401525449,0 36.72952202285803,36.86011702833506,0 36.72936703894513,36.86072596988924,0 36.72930496760252,36.86108604323638,0 36.72905603387386,36.86144600225614,0 36.72893199622564,36.86190496362487,0 36.72901002902565,36.86251400621476,0 36.72910299235358,36.86282500152336,0 36.72888597354032,36.86309797295932,0 36.72866801469586,36.86327199016669,0 36.72857500874175,36.86361900493934,0 36.72845102756601,36.86387995875826,0 36.72806302107272,36.86422796890928,0 36.72772099336154,36.86476198695814,0 36.72742601961997,36.86501001704292,0 36.72683697372257,36.86563098293846,0 36.72638602448653,36.86615295608937,0 36.72595203786217,36.86637596556379,0 36.7254220180516,36.86689201850059,0 36.72527204153342,36.86732103164905,0 36.72550203989168,36.86797799811048,0 36.72540800917452,36.86883503788632,0 36.72565699496557,36.86884802802783,0 36.72620002143108,36.86878603996748,0 36.72665001510151,36.86856202976444,0 36.72714702083707,36.86857404166651,0 36.72751102896183,36.86879496512597,0 36.72787698897802,36.868997040186,0 36.72834195489218,36.86971700150524,0 36.72904095311956,36.87023796876975,0 36.72964595698203,36.8704370389319,0 36.72994098551271,36.87052400180879,0 36.73026699022299,36.87095901903295,0 36.73048402931192,36.87104600829261,0 36.73085702528159,36.87103299132232,0 36.73133801558821,36.87098397727229,0 36.73197503118784,36.87118202752673,0 36.73245600046637,36.87134399453261,0 36.73292095423366,36.87128200542833,0 36.73469111379396,36.87101501994966,0 36.73549800479088,36.87086601652302,0 36.73652303218424,36.87084101256128,0 36.73717500365619,36.87088996378317,0 36.7379199983155,36.87151099418528,0 36.73850998116086,36.87151102479305,0 36.73897496368743,36.87146199010823,0 36.73956496466054,36.87096497110831,0 36.7404649867468,36.87101497444374,0 36.74121101068661,36.87121301670718,0 36.74198697386964,36.87113895815994,0 36.74282500797093,36.87031898581058,0 36.74360100997854,36.87002104482582,0 36.74440800942332,36.87009602412502,0 36.74471895617994,36.87046800830254,0 36.74509102237835,36.87061699742136,0 36.74636403695582,36.87036900409495,0 36.74651900540113,36.87049303497094,0 36.74546399925325,36.8712879872716,0 36.74468802706523,36.87168498966206,0 36.74366296188805,36.87260402167824,0 36.74391095459906,36.87332401592587,0 36.74438098201286,36.87377503607278,0 36.74518395864833,36.87488900458713,0 36.7464569948631,36.87608103901586,0 36.74717104231217,36.87707397292129,0 36.74751300394953,36.87747198006196,0 36.74900296429981,36.87809203575853,0 36.75024495778966,36.87933397353734,0 36.75055498462431,36.87995496409795,0 36.75114497515219,36.88060104110066,0 36.75251101822108,36.88137000229769,0 36.75400096659618,36.88154396333841,0 36.75595702377613,36.88169304069583,0 36.75691897090586,36.88204102123779,0 36.75809899705213,36.88283597657154,0 36.75909301316887,36.88372899312814,0 36.76052098213772,36.88489699071331,0 36.76232100229652,36.88670896492641,0 36.76371801435288,36.88829800826606,0 36.76446296797064,36.88896897768177,0 36.76502200380764,36.88926702956864,0 36.76607800397419,36.88961396791908,0 36.76657400408752,36.8899370226967,0 36.76710200178967,36.8908309934622,0 36.76730997175416,36.89150901521228,0 36.7674259997807,36.89248702728025,0 36.76803402268868,36.89366202752741,0 36.76849904332401,36.89463003067641,0 36.76921301755691,36.894878031621,0 36.77039300507263,36.89467896030419,0 36.77107600206752,36.8947540200424,0 36.77281500948017,36.89534998615085,0 36.77362203066979,36.89567296983824,0 36.77480098425412,36.89574703140456,0 36.77554698677427,36.89619396242418,0 36.77622997200005,36.89646699738557,0 36.77697500030952,36.89644203011398,0 36.77765801195184,36.89723697171208,0 36.77818503244402,36.89763403702622,0 36.77902397059447,36.89810602316847,0 36.77905498104762,36.8988260098352,0 36.78054499924026,36.89908597502664,0 36.7815999898569,36.89945900618284,0 36.78290399370788,36.90045198138351,0 36.78526400249853,36.90278497535739,0 36.78613296449995,36.90372896618855,0 36.78687802909414,36.90444899932327,0 36.78805803550421,36.90536703211417,0 36.78898901049143,36.90596297865748,0 36.7898580396924,36.90628597937025,0 36.79032402397968,36.90730399638196,0 36.79026199954264,36.90869404533939,0 36.7902929837907,36.90988502046665,0 36.79060402098277,36.9106050321034,0 36.79119296432195,36.91152398978175,0 36.79234199227071,36.91249202358674,0 36.79406898732669,36.9136869933878,0 36.79411399283985,36.91526901388539,0 36.79414000074292,36.91633997359899,0 36.79416203747539,36.91660893826973,0 36.79416204626447,36.91660902831805,0 36.79425202037596,36.91704598310123,0 36.7943290240386,36.91757999772975,0 36.79437198213176,36.91809801796051,0 36.79459796397165,36.91891096428527,0 36.79550904588196,36.91919299528533,0 36.79625397492282,36.91921801525492,0 36.79762000370531,36.91921804334473,0 36.79876796148142,36.9196650095398,0 36.79954501808019,36.91981398456002,0 36.80019704192774,36.91966503448035,0 36.80165601986235,36.91941699759286,0 36.80348704008524,36.91944202807255,0 36.80378858641593,36.91960184714774,0 36.80662301751359,36.92110403261713,0 36.80795800849706,36.92135298624927,0 36.80854804245267,36.92157599580353,0 36.80932402749247,36.92202295598064,0 36.8106590072474,36.92232099732383,0 36.81155901339611,36.9226930148935,0 36.81245904276904,36.92336297637134,0 36.81339101694124,36.92405803755188,0 36.8143219900865,36.92457897747607,0 36.81522199296013,36.92470303440989,0 36.81637097520242,36.92442999653856,0 36.81671304209556,36.92376000213952,0 36.81714702988244,36.92328900067336,0 36.81779903056832,36.92299097789733,0 36.81891697390557,36.92269298488615,0 36.82062402677644,36.9224940149446,0 36.82109003362768,36.92197302904753,0 36.8210590079754,36.9214020346784,0 36.82105896610953,36.92090598870741,0 36.82124497806035,36.92065803262749,0 36.82192801337722,36.92063302980435,0 36.82292199133988,36.92085596532532,0 36.82379102560295,36.92103001108391,0 36.8246599935914,36.92093097229399,0 36.82552896820144,36.92055803932798,0 36.82602598401598,36.92016101016279,0 36.82702002207044,36.91978899961394,0 36.82788903792362,36.91973896496307,0 36.82844798297036,36.92006203951274,0 36.82909997622796,36.92011201593944,0 36.82993804009703,36.91988797253595,0 36.83118004507168,36.91986396656927,0 36.83235901884809,36.91973900025082,0 36.83322902984322,36.91946604224306,0 36.83450199224986,36.91894501851909,0 36.83754404378409,36.91755497844314,0 36.83717099717678,36.91710797611302,0 36.8356190398389,36.9157680275046,0 36.83232895684615,36.91481796086153,0 36.8321270451728,36.91327400827102,0 36.83169203211784,36.91198295560844,0 36.83225098270793,36.91128796609509,0 36.83386496885342,36.91089100393012,0 36.83463028095482,36.91076860677619,0 36.83572799778644,36.91059302839928,0 36.83687699685242,36.91040703443109,0 36.83768400190917,36.91025795774733,0 36.83818000621197,36.91003401447465,0 36.83849097035313,36.90946304367898,0 36.83849099718562,36.90899196188555,0 36.83895696181841,36.90857004355603,0 36.83945303534436,36.90799902428656,0 36.83954597987224,36.90750196125872,0 36.8400740106679,36.90717900675876,0 36.84057096292696,36.90675704316784,0 36.84075700326232,36.90633502465215,0 36.84072599330122,36.9059130102073,0 36.84162604110058,36.90541699002021,0 36.84345799617245,36.90457295872916,0 36.84488599807923,36.90375403363703,0 36.84603502141886,36.90348098016445,0 36.84708998679348,36.90328203786016,0 36.84808400665392,36.90348097124136,0 36.84870502350577,36.90367895630297,0 36.84982199640828,36.9035300174706,0 36.85103302112192,36.90318302068793,0 36.85177799358407,36.90310801575231,0 36.85264800079276,36.90323199931188,0 36.85264807937612,36.90323200325324,0 36.85367202419663,36.90320698646134,0 36.85441700990445,36.90295901552401,0 36.85482102450549,36.9023629995447,0 36.85460300756991,36.90129596041953,0 36.85447902056356,36.90030295750483,0 36.85488302767045,36.89958301981665,0 36.85544196232696,36.89861502271911,0 36.85606204192546,36.89791902977544,0 36.85683899518102,36.89685203127731,0 36.85705601870536,36.89628096828342,0 36.85724203135142,36.89578403074822,0 36.85739704291148,36.89521296302687,0 36.85777000220398,36.89471701908892,0 36.8584219727959,36.89466697765133,0 36.85969503118424,36.89501502751239,0 36.86158901388034,36.89598303622783,0 36.86276800400101,36.89657903707609,0 36.86419602781645,36.89695096712748,0 36.86661797719094,36.89721199157159,0 36.86702101163354,36.89711297826444,0 36.86711503702754,36.89644203549981,0 36.86717703673676,36.89564803575267,0 36.8677979983396,36.8948779833059,0 36.86826300189058,36.89400902885667,0 36.86832495564964,36.89368602030118,0 36.86888396297239,36.89393500350575,0 36.86947403872799,36.89405902438485,0 36.87000196831225,36.89388500469004,0 36.87049901791476,36.89388496839,0 36.87124401994276,36.89403398171249,0 36.87183302589947,36.89433202936902,0 36.87260996932758,36.89450603412904,0 36.87347901226163,36.89433201719402,0 36.87440998686656,36.89386003582802,0 36.8755279679169,36.89371102982222,0 36.87680099102105,36.89371101438505,0 36.87767002236986,36.89356202117618,0 36.87835299035229,36.89323901412826,0 36.87912896148381,36.89321497990454,0 36.87993597500027,36.89338799340094,0 36.88071199372106,36.8935130149593,0 36.88178403432891,36.89369198227021,0 36.88207103674193,36.89421699049522,0 36.88232095424674,36.89476002710701,0 36.8822600059789,36.89510899127562,0 36.88230502446538,36.89538597063513,0 36.88280000211228,36.89678003519973,0 36.88292495704717,36.89714302910082,0 36.88314697970908,36.89733595827251,0 36.88313301035054,36.89748098175025,0 36.8826180020939,36.8980130282077,0 36.88187398451858,36.89836499197339,0 36.88113701334166,36.89875898681441,0 36.88088996442729,36.89892502485196,0 36.88032001497521,36.90000200102981,0 36.88030699353127,36.90050400118201,0 36.88049700112315,36.90080198637068,0 36.88082197515107,36.90109401390946,0 36.88143395690108,36.90119302853206,0 36.88202603833568,36.90116303865144,0 36.88290303986558,36.90137796090426,0 36.88348503644342,36.90158101052055,0 36.88415602382194,36.90215696122013,0 36.88442903172184,36.90261997075547,0 36.88456700029235,36.9028900376862,0 36.88456499073009,36.90366998909926,0 36.88422696652113,36.90451904412782,0 36.88392996268812,36.90494501876137,0 36.8836109797378,36.90517495606532,0 36.88307998240698,36.90541602176407,0 36.88203899641653,36.90613204215112,0 36.88177296015075,36.9065159647626,0 36.88181603444634,36.90692904536516,0 36.88219396416,36.90734000021285,0 36.88278300060052,36.9076040153473,0 36.88356896930184,36.90771199859714,0 36.8839899594815,36.90794697528447,0 36.8844109755121,36.90815995974353,0 36.88465599518742,36.90816904101145,0 36.88484102575923,36.90920301131793,0 36.88505903470602,36.9097740372295,0 36.88614504580028,36.9101960136325,0 36.88679702699528,36.91059301293394,0 36.88704600285135,36.91103898188325,0 36.88748001066097,36.91166003093591,0 36.88816303374214,36.91208202495351,0 36.88875300929381,36.91245397125973,0 36.88900201639716,36.91290101691468,0 36.8890329839445,36.91369495959105,0 36.8889700338995,36.91456395819311,0 36.88807001588859,36.91506096579835,0 36.88682796622602,36.9156319885154,0 36.88627003966789,36.91632704482014,0 36.88605201122649,36.91699703250644,0 36.88608298668886,36.91764199980833,0 36.8865799751043,36.91851096441593,0 36.88692098865895,36.91938000928121,0 36.88695300359691,36.9200500232852,0 36.88661099883879,36.92044695970839,0 36.88589697569059,36.9207200455255,0 36.88443799893845,36.92104202639634,0 36.88366202857515,36.92131502032199,0 36.88313401586798,36.92196099151531,0 36.88204703340224,36.92523696787617,0 36.8818919936369,36.92590702016673,0 36.88152001478006,36.92622999243926,0 36.88043302315279,36.92660197543966,0 36.88009198535071,36.92702403093958,0 36.88043300623182,36.92746996114458,0 36.88099201325522,36.92769401047776,0 36.88220301332688,36.92796701964721,0 36.88285504526923,36.92838900224988,0 36.88341301691661,36.92883502287889,0 36.88418996120789,36.92925697083462,0 36.88443796196363,36.93003902302052,0 36.88536901756976,36.92990302793829,0 36.88633196734102,36.93002697666021,0 36.88695302050169,36.93022502911544,0 36.88707704573144,36.9305729727107,0 36.88794601913188,36.93111902985622,0 36.88990198159504,36.93270697412109,0 36.89092600473158,36.93389803561886,0 36.89145399211938,36.93479098709063,0 36.8917650432661,36.9356599695462,0 36.8917651273405,36.93566015273148,0 36.89204395402413,36.93630496419485,0 36.89266496577787,36.93685104487622,0 36.89452800559283,36.9385880428969,0 36.89536604173301,36.93920799748878,0 36.89611104137485,36.93930701232018,0 36.89663902381118,36.93962999604693,0 36.89732197528538,36.93987799620279,0 36.89840802602394,36.9399770322503,0 36.89943300389936,36.94030002802218,0 36.90005398154157,36.94064698650375,0 36.90061197575643,36.94094503132843,0 36.90117103600614,36.9409950450009,0 36.90235104198275,36.94084603231281,0 36.90275500070965,36.94106899229014,0 36.90346898866723,36.94144100139725,0 36.90399596299802,36.94171403106947,0 36.90443096314543,36.94178903643196,0 36.90483496865656,36.94206200850382,0 36.90489704071607,36.94240896163944,0 36.90557996193753,36.94238401919804,0 36.9071630111121,36.94213599381573,0 36.90800101862046,36.94221097049127,0 36.90902601559749,36.94327803430558,0 36.90927401676745,36.94357498550871,0 36.9097709643149,36.94362498354888,0 36.91008101382498,36.94337702062563,0 36.91051604189474,36.94335196688272,0 36.91091900290949,36.94327803898809,0 36.91129201138649,36.94342604426426,0 36.91147796311296,36.94382296366956,0 36.91166501470398,36.9444440109032,0 36.91178903973628,36.94486600942986,0 36.91209896819348,36.94561003313112,0 36.91222298495803,36.9465279801097,0 36.91212999159425,36.9471480234681,0 36.91244099763502,36.94769403638317,0 36.9128130156668,36.94821497513819,0 36.91337196757467,36.94878602541964,0 36.91368302133231,36.94900903219666,0 36.91414801474095,36.9492569874747,0 36.91449000300757,36.94935601436651,0 36.91517302117102,36.94913301360234,0 36.91616603291718,36.94908299869748,0 36.91694203139421,36.94933196803847,0 36.91762498398975,36.94985301384534,0 36.91796703398258,36.95059704325029,0 36.91815303805449,36.95134101671572,0 36.91793597244563,36.95228403400333,0 36.91777996020853,36.95315195696093,0 36.9179980367246,36.95392100664283,0 36.91892895602681,36.95498798666958,0 36.91958098658576,36.9557819734665,0 36.92184704133128,36.95759300543615,0 36.92256095878829,36.95888298289518,0 36.92364800698343,36.96071899477544,0 36.92398997499895,36.96104095829006,0 36.92439299109183,36.96146302313252,0 36.92489002528635,36.9618849849622,0 36.92526200955697,36.96230602608329,0 36.92551102493447,36.96255399747864,0 36.92606997752601,36.96290202113657,0 36.92662803528761,36.96329799423421,0 36.9274359765017,36.96414199893201,0 36.9280879883736,36.96602696721336,0 36.92821198531984,36.96746598555493,0 36.92796303440286,36.96880499785578,0 36.92756003149422,36.96984699663179,0 36.92647303541747,36.97419401013106,0 36.92692301190095,36.97527296460054,0 36.92738898771098,36.97606601322082,0 36.92822702970179,36.97739301391222,0 36.92897200085875,36.97795099612571,0 36.92962399194937,36.97920400951057,0 36.93009004447564,36.97978597729324,0 36.93026098180324,36.98035700885301,0 36.93097500620393,36.98129896413126,0 36.93125401175944,36.9819560250202,0 36.93140903840491,36.9830599858081,0 36.93184397775327,36.98338200615014,0 36.93232500851587,36.98369203659968,0 36.93333401610432,36.98463499354772,0 36.93386202902415,36.98508100610689,0 36.93452899878692,36.98567597442037,0 36.93518099220076,36.98602303894804,0 36.93547602097883,36.98643302622138,0 36.93614402349304,36.98757898852755,0 36.93643902448662,36.98769102752265,0 36.93688896451854,36.98769099212888,0 36.93738598332556,36.98778998897208,0 36.93775795811,36.98801298847672,0 36.9379129690823,36.9882240026344,0 36.9381310422462,36.98844695539864,0 36.93820801331039,36.98867102308689,0 36.93805296976721,36.98878201800488,0 36.93809995560283,36.98909202972172,0 36.9380840236524,36.98926600249065,0 36.93775802870265,36.98941502787015,0 36.93750999141144,36.98951395909027,0 36.93752496626677,36.98966200233044,0 36.93791302633769,36.98983602823937,0 36.9385960126817,36.99025799146692,0 36.93903100263221,36.99072895667026,0 36.9393100074263,36.99107597540939,0 36.93938796065281,36.99148496592094,0 36.93932597161442,36.99190696043615,0 36.9391400137109,36.99221701173243,0 36.9387980054804,36.99248900408077,0 36.93873602000509,36.99287395786005,0 36.93885998606447,36.99315902644742,0 36.93912400871007,36.99356798766117,0 36.93944996740646,36.9941379576677,0 36.93965195911847,36.99470899825511,0 36.93968297510446,36.9948950356728,0 36.94013303956661,36.99510497268897,0 36.94056797804319,36.99532800475173,0 36.94084695903681,36.99562599266906,0 36.94098703792626,36.99584901731484,0 36.94134396233133,36.99610997556925,0 36.94154597796511,36.99628303078525,0 36.94181000983186,36.9965930305815,0 36.94181000981651,36.99684095781887,0 36.94163896237064,36.99718802580349,0 36.94163903907294,36.99733699741734,0 36.94232201879505,36.99832202429843,0 36.94218202027736,36.99863198637527,0 36.94165402622193,36.99886797128728,0 36.94134402417047,36.99922704560581,0 36.94117295853277,36.99926499201474,0 36.94100203679446,36.99927698142871,0 36.94072301346502,36.99941302603642,0 36.94044398369128,36.99969903247334,0 36.94002398890719,36.99990901061099,0 36.93971398343702,37.00005800482211,0 36.93962104344129,37.00023195642722,0 36.93962104175129,37.00040499201675,0 36.94055200896356,37.00076495761428,0 36.94159201914024,37.00109899715257,0 36.94230603428885,37.00132197145102,0 36.9427559861793,37.00138400716637,0 36.94312897652231,37.00157003058681,0 36.94319095513164,37.00211604088451,0 36.94334600415381,37.00236399796758,0 36.94356395523249,37.00247500816743,0 36.94398298544301,37.00238903376872,0 36.94435501993782,37.00218996826965,0 36.94508501300526,37.00103698742965,0 36.94534902121583,37.00090096300536,0 36.94614003384324,37.00102497760671,0 36.94676102280704,37.00121099465107,0 36.94742898033537,37.00126099965773,0 36.94806501848858,37.0013600124744,0 36.94887200886375,37.00154597507273,0 36.95033098001046,37.00212802837403,0 36.95124697630433,37.00238898535429,0 36.95133998444423,37.00262399983918,0 36.95146497605878,37.00308298348024,0 36.95126297744987,37.00489299908992,0 36.95078203842546,37.00583502765055,0 36.95013002975358,37.00683898592566,0 36.9500049974922,37.00724797095894,0 36.95005201148862,37.00786799687337,0 36.95048701188946,37.00851204288838,0 36.95124702990141,37.00961499938749,0 36.9517290232553,37.00993800851209,0 36.95207004387155,37.01037200672572,0 36.95224104013881,37.01074302007243,0 36.95281498944667,37.01132601075874,0 36.95340503201289,37.01180901355861,0 36.95416600825712,37.01225603264866,0 36.95487997810082,37.01255301074445,0 36.95576397589225,37.01283798111344,0 36.95663397837274,37.01335899732091,0 36.95700596397305,37.0138049872384,0 36.95730100477759,37.0144489643138,0 36.95764299704279,37.01542898759443,0 36.95801501715287,37.01606098644561,0 36.95862098264931,37.01689098489821,0 36.95860500844821,37.01783298049981,0 36.95885296696167,37.0181800211684,0 36.95959798091177,37.01909702981246,0 36.95993995616633,37.01951900991079,0 36.96006402118831,37.02016300974432,0 36.95990897515502,37.02073302476485,0 36.96015704024806,37.02107997057986,0 36.96155395964281,37.02179900942548,0 36.96341698080866,37.02284003852687,0 36.96450395724272,37.02380695995571,0 36.9637590448291,37.02435203193852,0 36.96270297931845,37.02499695661675,0 36.96198901074181,37.02534403973034,0 36.96090203923774,37.02606201682071,0 36.96034396132053,37.02700398478363,0 36.96028104221021,37.02777197279984,0 36.96087096294808,37.02968102839709,0 36.96121302662343,37.03067203217186,0 36.96118200263035,37.03183702057044,0 36.96000198219575,37.03277897536437,0 36.95931898675677,37.03312597118809,0 36.95857402219603,37.03352203986129,0 36.9578290416823,37.03342297491542,0 36.95602804264809,37.03322499215979,0 36.95342001710315,37.03377003787551,0 36.95255100045945,37.03382000565983,0 36.95056395945262,37.03312596036911,0 36.94832899876749,37.03362104080299,0 36.94597001557571,37.03431497596576,0 36.94491395487796,37.03520802898151,0 36.9446040445603,37.03555503306885,0 36.94398302107738,37.03609998703052,0 36.94298898602146,37.03639700307473,0 36.94199600072465,37.03639696101689,0 36.94075398326029,37.0363969915133,0 36.9393259729115,37.03664496656168,0 36.93702901584768,37.0372400008997,0 36.93541400322617,37.03743803545242,0 36.93274398366442,37.03867696615021,0 36.9300120388603,37.04011396001863,0 36.92827402321458,37.04140297845142,0 36.9226239850044,37.04506995789483,0 36.92218903321584,37.0460609875034,0 36.92287197170617,37.04774600450104,0 36.92349297173937,37.04918402507215,0 36.92392701069139,37.05101696981191,0 36.92454799886483,37.05260296382396,0 36.92460996007654,37.05374297373216,0 36.92442399573938,37.05433697423407,0 36.92330698416366,37.0541390241971,0 36.92262399667145,37.05364299035791,0 36.92212697659553,37.05369299728611,0 36.9214440004405,37.05394100272029,0 36.92094697486465,37.05389096927448,0 36.92026396684798,37.05389104286443,0 36.91939496557087,37.05448600662291,0 36.91865002343825,37.05518003974881,0 36.91641502480318,37.05542695751955,0 36.91449001198028,37.05478302166119,0 36.91244096063946,37.05091796767437,0 36.91076402437441,37.04829198995645,0 36.9101430420075,37.04625999680304,0 36.90989497991617,37.0436330367713,0 36.90964704096763,37.04219595752104,0 36.90952203202185,37.04125396824826,0 36.90908801883381,37.04061003728407,0 36.90759797129047,37.03961901570661,0 36.90666596947822,37.04021301758748,0 36.90592103309443,37.0414520305148,0 36.90498995704053,37.04179898712363,0 36.90231996188277,37.04125398738323,0 36.90101596432851,37.042096986989,0 36.90008500825085,37.04254303911129,0 36.89834599464875,37.04274097008039,0 36.89698003367777,37.04179898418911,0 36.89350301859514,37.04006504255199,0 36.89002597515937,37.03793400843653,0 36.88841201590573,37.03704100600626,0 36.88779099774727,37.03614902638365,0 36.88437598246436,37.03386901795405,0 36.88406503428099,37.03375796184149,0 36.88378595780983,37.03398102102145,0 36.88347502965271,37.03457598168308,0 36.88304104497785,37.03487301152092,0 36.88220300848231,37.03514600793127,0 36.88182996096102,37.03554198559986,0 36.88164400744809,37.03645901184164,0 36.88170595293337,37.03732597976769,0 36.88151998394268,37.03778500346983,0 36.88099204555949,37.03792104444167,0 36.87984303882688,37.03836702462318,0 36.87832201109551,37.03811901270578,0 36.87655198815616,37.03834199732675,0 36.87593096220413,37.03866498696129,0 36.87447197019942,37.03878903363643,0 36.87416203291076,37.03851599356766,0 36.87313703834788,37.03777200981305,0 36.87170901962305,37.03697897746648,0 36.87028099543229,37.03645900022618,0 36.86944301776841,37.03638502445488,0 36.86875999284412,37.03648402590634,0 36.86795295607536,37.03626102114875,0 36.86720834972598,37.03583667125486,0 36.86656498004193,37.0343910298802,0 36.86728904442977,37.03345098798837,0 36.8679689568221,37.03225802035006,0 36.86824100619079,37.0310639782899,0 36.86756096678175,37.0300520086453,0 36.86538700060325,37.02856896390914,0 36.86371098511984,37.0278099959747,0 36.8618540304775,37.02704997480539,0 36.86103796208624,37.0264350443025,0 36.85957101583254,37.02620496168672,0 36.85721999753855,37.02585399820435,0 36.85690095823278,37.02585801456448,0 36.85599997425881,37.02563497494496,0 36.85497597625263,37.02551095819443,0 36.85407601656009,37.02551104083489,0 36.85320600762267,37.02528802727993,0 36.85233701136598,37.02528796417882,0 36.85137503545575,37.02528802033331,0 36.85031903276293,37.02561003116969,0 36.84926397902295,37.02609298418619,0 36.84826998525877,37.02641597470884,0 36.84749404031208,37.02643999437333,0 36.84693499585443,37.02601896728885,0 36.84615900269959,37.02582100548835,0 36.8454449559398,37.02609303879566,0 36.84454502750428,37.02646498578141,0 36.8434890347609,37.0264399627213,0 36.84150203198926,37.02636602079737,0 36.83908104363894,37.02667597438818,0 36.83653501185347,37.02702298975841,0 36.83498296976019,37.02761800738785,0 36.83330599645783,37.02860898164334,0 36.8275939824519,37.03128604413431,0 36.82321698138342,37.03287796082765,0 36.82365101004213,37.03364603978414,0 36.82445796934122,37.03436502388693,0 36.82641403369706,37.03510799693252,0 36.82684904553402,37.03587695786925,0 36.82672496627294,37.03667000210503,0 36.82632096690585,37.03699203081036,0 36.82542096063758,37.03699198722809,0 36.82411700419974,37.03649600348395,0 36.82262697485957,37.03602499766995,0 36.82206798409999,37.03543099655663,0 36.82185102482782,37.03481101290822,0 36.82116803356195,37.0343150193743,0 36.82045399996583,37.0340179571058,0 36.81951295853322,37.03381095902724,0 36.81821801003986,37.03424104040664,0 36.81781504010672,37.03505898023876,0 36.81691398415774,37.03553004093511,0 36.81570395451438,37.03552998435597,0 36.8151140390537,37.03510802843959,0 36.8144310120235,37.03528196876783,0 36.81387198355858,37.03637196582813,0 36.81340595630014,37.03726404366295,0 36.81272303794131,37.03818103732726,0 36.8110780419758,37.03909802923499,0 36.80256904592914,37.04137003206383,0 36.79978095397313,37.04260596863963,0 36.79892758635835,37.04292183138734,0 36.7962169697499,37.04392500677547,0 36.79230191671202,37.04519320046964,0 36.79176313114883,37.04521617361871,0 36.79020640645678,37.04560804256676,0 36.78890048098264,37.04589990000873,0 36.78742729688943,37.04615013449713,0 36.78639300163761,37.04626685470449,0 36.78490944345415,37.04648369141525,0 36.78390637236554,37.04684225369957,0 36.78269444320073,37.04733421587333,0 36.78004073205827,37.04917704306597,0 36.77923624111847,37.04994422876585,0 36.77852578794101,37.05068636890203,0 36.77851096748733,37.05092403023125,0 36.77692802070015,37.04757904137781,0 36.77515902182331,37.04782700502664,0 36.77444397328745,37.04626596925517,0 36.77310997567138,37.04609199040578,0 36.77202296760263,37.04410996407065,0 36.77071897851349,37.04567099174425,0 36.7592319992645,37.04319304341344,0 36.75814603998072,37.0430569626953,0 36.75659296134832,37.04308201743258,0 36.75556896382419,37.04314396880546,0 36.75485500435114,37.04326801670874,0 36.75299197173587,37.0437940088358,0 36.75100502889524,37.04414095894517,0 36.74985698585138,37.04414101125464,0 36.74867699856895,37.04404202812852,0 36.74671397360304,37.04384197854863,0 36.74588304300263,37.04367002384635,0 36.74471701345252,37.0432140255588,0 36.74258103987494,37.04218099262751,0 36.74295401779086,37.04828396169549,0 36.74295402831179,37.05106299740719,0 36.74289202119049,37.05230302910496,0 36.74304799899084,37.05307296471403,0 36.74348296933874,37.05406501758082,0 36.74366895411104,37.05562802677296,0 36.7440110355625,37.05699196617701,0 36.7446949580229,37.05741395640754,0 36.74488203890667,37.05843099100916,0 36.7449130022903,37.05927398698854,0 36.74534804441341,37.06026702241523,0 36.74534803686,37.06111003238519,0 36.74500598887839,37.06155603664926,0 36.74479501948637,37.06209999117799,0 36.74477660610467,37.0621138955886,0 36.74478087541522,37.06212369205083,0 36.74478124642376,37.06212368972137,0 36.74481972317377,37.06212227676288,0 36.74557674038438,37.06213248116617,0 36.74581545253121,37.06217757390898,0 36.74646721971215,37.0623127146043,0 36.74687009960607,37.06238642201389,0 36.74697533150371,37.06241099424571,0 36.747737471951,37.06264033159913,0 36.74829440890444,37.06280832300352,0 36.7490488583362,37.06303761028913,0 36.74973911313038,37.06324648061749,0 36.74984949771022,37.06328543724372,0 36.7501009974001,37.06340416090853,0 36.75053722152786,37.06359462483657,0 36.75094273050541,37.06381168780794,0 36.75140973197787,37.06404719542703,0 36.75178954576415,37.06425396423673,0 36.75271981485525,37.06470246377029,0 36.75303549262862,37.06485709342539,0 36.75341394861456,37.06503827033008,0 36.75384635279088,37.06524406678194,0 36.75418256224629,37.0654110000655,0 36.75457520248749,37.06560037450392,0 36.75485874085174,37.0657027526299,0 36.75495873254657,37.06573131570165,0 36.75477100522718,37.06729496922519,0 36.75598200843905,37.06729500793907,0 36.75973902602366,37.06692303914933,0 36.75936008587535,37.06705857697436,0 36.75895348441449,37.06743419703869,0 36.75858980876244,37.06823663358908,0 36.75811900694587,37.06902199851886,0 36.75751989481225,37.06992687367797,0 36.75696362558084,37.07072927254339,0 36.75657848811451,37.07142927943674,0 36.75632167241376,37.07178771323832,0 36.75622302025148,37.07239000112867,0 36.75703696666023,37.07593302780661,0 36.75883799542805,37.07606301094653,0 36.75927299265409,37.07685600998514,0 36.76066996646362,37.0787140377055,0 36.76070422103174,37.07994200828109,0 36.75968948196224,37.07988389478444,0 36.75921920850366,37.07986302301356,0 36.75873336391988,37.0798713600668,0 36.75808023353677,37.07985886364736,0 36.75754732255505,37.07985469818549,0 36.75697780944036,37.07985473036884,0 36.75663814851109,37.07984220712736,0 36.75634559374053,37.07984632672923,0 36.75546252995383,37.07987556701103,0 36.75485646494658,37.07983805978318,0 36.7544593678569,37.07983382688361,0 36.75410403948344,37.07981301539284,0 36.75380623801931,37.07978381697923,0 36.75327853295688,37.07977130778976,0 36.75289191135622,37.07970049308658,0 36.7525261414287,37.07960872698155,0 36.75221791067446,37.07953786317211,0 36.75207160296904,37.07950868969863,0 36.75221504310642,37.07959501867116,0 36.7523469311827,37.07966718147453,0 36.75304514106556,37.08027945957085,0 36.75424897476822,37.08121124745008,0 36.75463148383589,37.0815962506006,0 36.75573268446259,37.0827081999799,0 36.7560663744941,37.08305223420317,0 36.75672859737693,37.08374339529909,0 36.75737035044591,37.08425939613706,0 36.75771430382046,37.0848409221724,0 36.7576630398131,37.08490100087759,0 36.75483401601461,37.08779097478273,0 36.75349895778808,37.08865698021923,0 36.74971100186966,37.09054003365424,0 36.74225997858102,37.09390701676339,0 36.73695100679404,37.09484802262906,0 36.73375402941984,37.0956410087495,0 36.7277309540325,37.09754798661594,0 36.71657701249831,37.10079597688273,0 36.71979503134313,37.10471501655537,0 36.7049750104341,37.11093301320092,0 36.6997080172974,37.11212796427268,0 36.69624802997568,37.11373403704762,0 36.68870796072025,37.11661603100276,0 36.68246002843319,37.11898398837064,0 36.67962001505737,37.11984898532618,0 36.67739902266317,37.12087800612485,0 36.69492398281308,37.13216297581567,0 36.6944720032909,37.13254197453627,0 36.69429899111513,37.13264698922828,0 36.69412703327615,37.13271495647318,0 36.69391698342849,37.13272898380175,0 36.69368101353632,37.13268999002871,0 36.69012504462508,37.13188901240687,0 36.68170701451545,37.13013302461748,0 36.68026201861596,37.1297930040737,0 36.67942296990233,37.12950798218689,0 36.68120196040204,37.13098704254286,0 36.68126397821198,37.13143297100959,0 36.68132600101946,37.13175498228121,0 36.67958800881797,37.13306704440759,0 36.67868701233211,37.13447703065657,0 36.67781795702832,37.13603697096171,0 36.67710402118358,37.13702599642128,0 36.67645202139079,37.13749700242764,0 36.6745580019677,37.13838801910549,0 36.67390597854445,37.13900600039037,0 36.67387503262108,37.13952600130408,0 36.67399901166086,37.14009495806638,0 36.67325401825684,37.14103601098422,0 36.67275802953419,37.14212497877178,0 36.67275799797916,37.14271897400147,0 36.67226097390669,37.14326297708205,0 36.67117399662224,37.14353499733627,0 36.67021203487547,37.14398095729818,0 36.6703669692268,37.14473503306655,0 36.67061503030076,37.14547803853986,0 36.67055298027405,37.14602200526328,0 36.6695599729175,37.14802697623316,0 36.66900103763656,37.14834799343701,0 36.66828703600548,37.14852199156492,0 36.66810103163576,37.14901600714429,0 36.66785204095206,37.1493379744933,0 36.667417953785,37.14956103830242,0 36.66679697150663,37.14958598291857,0 36.66620702813502,37.14956100233167,0 36.66570997805033,37.14978396328194,0 36.66518301678462,37.1503770411372,0 36.66480998204052,37.15087201095422,0 36.66480995556632,37.15121898106813,0 36.66515200855257,37.15156502296593,0 36.66602104474955,37.15250498121753,0 36.66633098712107,37.15292600097824,0 36.6662379811561,37.1533219796592,0 36.66589696918307,37.15366798173781,0 36.6653070346066,37.15455899550901,0 36.66519895789575,37.15481500800585,0 36.66446901923431,37.15453395623018,0 36.66319596090278,37.15428703357867,0 36.66204698112954,37.15443503928243,0 36.66158102740392,37.15468304289607,0 36.66018400345295,37.15483097329359,0 36.65915996941556,37.15463299799812,0 36.65816599152031,37.1542380195509,0 36.6575449706391,37.15451003061091,0 36.65711097793198,37.15470800180643,0 36.65655197190983,37.15473200863137,0 36.65599302441176,37.15488101144601,0 36.65531001831186,37.15470797029212,0 36.65388203337638,37.15441097529044,0 36.65273298378708,37.15451004471438,0</coordinates></LinearRing></outerBoundaryIs>
        </Polygon>
      </MultiGeometry>
    </Placemark>
    <Placemark id="ID_00008">
      <name>{CCECD7A9-7F9F-421B-9DDC-33920592CE42}</name>
      <Snippet></Snippet>
      <description><![CDATA[<html xmlns:fo="http://www.w3.org/1999/XSL/Format" xmlns:msxsl="urn:schemas-microsoft-com:xslt">
<head>
<META http-equiv="Content-Type" content="text/html">
<meta http-equiv="content-type" content="text/html; charset=UTF-8">
</head>
<body style="margin:0px 0px 0px 0px;overflow:auto;background:#FFFFFF;">
<table style="font-family:Arial,Verdana,Times;font-size:12px;text-align:left;width:100%;border-collapse:collapse;padding:3px 3px 3px 3px">
<tr style="text-align:center;font-weight:bold;background:#9CBCE2">
<td>{CCECD7A9-7F9F-421B-9DDC-33920592CE42}</td>
</tr>
<tr>
<td>
<table style="font-family:Arial,Verdana,Times;font-size:12px;text-align:left;width:100%;border-spacing:0px; padding:3px 3px 3px 3px">
<tr>
<td>FID</td>
<td>8</td>
</tr>
<tr bgcolor="#D4E4F3">
<td>ID</td>
<td>{CCECD7A9-7F9F-421B-9DDC-33920592CE42}</td>
</tr>
<tr>
<td>AD</td>
<td>ŞAHİNBEY</td>
</tr>
<tr bgcolor="#D4E4F3">
<td>KIMLIKNO</td>
<td>1841</td>
</tr>
<tr>
<td>ILID</td>
<td>{FFB0E469-39AF-48CD-826C-9FA775F95571}</td>
</tr>
</table>
</td>
</tr>
</table>
</body>
</html>
]]></description>
      <styleUrl>#PolyStyle00</styleUrl>
      <MultiGeometry>
        <Polygon>
          <extrude>0</extrude><altitudeMode>clampToGround</altitudeMode>
          <outerBoundaryIs><LinearRing><coordinates> 37.07981322202,37.13249062701443,0 37.07902404134163,37.13315833057612,0 37.07903416992711,37.1331678648517,0 37.07859331000714,37.1331469047528,0 37.07753551287449,37.13305975991783,0 37.07673925136893,37.13299519912972,0 37.07585328782927,37.13292832787664,0 37.07478171823541,37.13284551099864,0 37.07448093484739,37.13282189940085,0 37.07383086240979,37.13275579911798,0 37.07327975814612,37.13270986858555,0 37.07277029395868,37.13266180524396,0 37.07232673731018,37.13262192480411,0 37.07169657424903,37.13256792256757,0 37.07113451287895,37.1325220811061,0 37.07037916446837,37.1324551597662,0 37.06999925275377,37.13241820621342,0 37.0694173584165,37.13236551488237,0 37.069125375056,37.13234356545317,0 37.06837217235016,37.13227309616211,0 37.06785182823732,37.13223037885499,0 37.06751133583339,37.13218954819706,0 37.0673005603694,37.13217213202762,0 37.06715874557209,37.13206805448711,0 37.06692123657912,37.13186475832394,0 37.06665946124529,37.13165114171702,0 37.0666018113653,37.1316060094293,0 37.06605604700331,37.13115790360702,0 37.06546381917898,37.13068036566831,0 37.06488052053473,37.13021328009115,0 37.0643327521266,37.12977747491197,0 37.06403295666668,37.12955104963038,0 37.0639780227038,37.12947044641926,0 37.06391085651466,37.1294203669066,0 37.06381869350782,37.12939332102209,0 37.06376968526737,37.1294134922877,0 37.06371170155231,37.12943736077271,0 37.06362857391092,37.12937728785568,0 37.06356446442113,37.12931957430332,0 37.06323709695111,37.12922114820798,0 37.06295701787482,37.12910961979998,0 37.06280110241279,37.12905019898972,0 37.06228397991779,37.12887519080582,0 37.06187597400296,37.12876179137956,0 37.0613709665068,37.12861179830409,0 37.06068115864341,37.1284189752463,0 37.05985914112338,37.12818050609105,0 37.05900500799932,37.12794465716389,0 37.058215324618,37.12771759370374,0 37.05701775189147,37.12738412837853,0 37.05597867008672,37.12709371888106,0 37.0552947733403,37.1269031542324,0 37.05511332217305,37.12689072075474,0 37.05430745375111,37.12675976272554,0 37.0533552146531,37.12661605303956,0 37.05254077716076,37.12649920421907,0 37.0518573685403,37.12639779299267,0 37.05098066576071,37.12627124670104,0 37.05079514811826,37.12641379854738,0 37.05060402155214,37.12650767797343,0 37.05032804009243,37.12676982693178,0 37.05027935534665,37.12681607344744,0 37.05021466748177,37.12689566257114,0 37.04962035347484,37.12940733216215,0 37.04963072110717,37.12942535088471,0 37.04927963621576,37.12941048565067,0 37.0489969762844,37.12937960278916,0 37.04870540906463,37.12942116088309,0 37.04765480077376,37.12999095314195,0 37.04627060159656,37.13068449548032,0 37.04508361552172,37.13131754192761,0 37.04240539190695,37.13179925302261,0 37.04094931295512,37.13207047839418,0 37.0397342836756,37.13226496715801,0 37.03966411441203,37.1323421739873,0 37.03945003232643,37.13258190593179,0 37.03921322985639,37.13236642342064,0 37.03185736670291,37.12998749227553,0 37.03178297850496,37.12981508039736,0 37.03686303308292,37.12642993149881,0 37.03928584345479,37.12398792406108,0 37.04259293087851,37.12008808221579,0 37.0424963364372,37.11923864686062,0 37.04235982682465,37.11829371318846,0 37.04224580639597,37.117299111674,0 37.04215163789588,37.11662589812438,0 37.04205607065557,37.1158506611639,0 37.04197933618379,37.11532261479913,0 37.04194913705261,37.1150909836838,0 37.04188126703202,37.1150502754294,0 37.04179107075635,37.11501860237765,0 37.04164550790729,37.11496190594961,0 37.04129225658087,37.11475166654891,0 37.04108497692658,37.11462826445658,0 37.04089545031788,37.11453253155187,0 37.04075791394573,37.11442706679325,0 37.04071645934046,37.11436017826475,0 37.04072177454758,37.11432534846718,0 37.04053774783603,37.11420884494143,0 37.04009624308238,37.11382622662992,0 37.03936922068673,37.11317401694719,0 37.03862676789907,37.11252194143903,0 37.03831037167922,37.11225262144305,0 37.03828751699947,37.11213378182339,0 37.03813862837906,37.11140847766737,0 37.03783750817004,37.10999500736188,0 37.0375696415002,37.10875438949947,0 37.0373555967827,37.10777920684055,0 37.03722707845133,37.10713102526066,0 37.03706247857418,37.10638421383889,0 37.03685717546222,37.1054831600359,0 37.03677475134707,37.10510047991207,0 37.03670808080046,37.10502376748517,0 37.03678276925526,37.10470593706035,0 37.03689967571027,37.10401079675135,0 37.03670078626231,37.10365824890611,0 37.03663072937123,37.10348533102376,0 37.03659524467849,37.10320004120839,0 37.03668706100552,37.10298232720618,0 37.03679776713823,37.10282590874835,0 37.03694388603006,37.10261856443458,0 37.03700465236365,37.10244088941926,0 37.03727982026025,37.10152845670314,0 37.03738797620773,37.10122222831297,0 37.03733876719273,37.10084988980165,0 37.03707516120379,37.10034767497756,0 37.03705247667545,37.10015506271487,0 37.03698989866214,37.09997887005978,0 37.03691730037005,37.09977080377769,0 37.03687775355377,37.09948550614389,0 37.03686913899958,37.09937703298903,0 37.03655930412259,37.09914551831286,0 37.03642868685344,37.0989809829136,0 37.03627085932759,37.0989102171641,0 37.03622881773959,37.09880574110503,0 37.03626544550163,37.09851259087534,0 37.03620427219705,37.09811356690941,0 37.03607368252096,37.09820477652138,0 37.03600112458849,37.09828616054052,0 37.03593960182548,37.09832396814806,0 37.03575772964223,37.09835040371362,0 37.03562953751617,37.09833289020334,0 37.03555174607747,37.09831493278336,0 37.03549514437916,37.09817993787609,0 37.03538305902508,37.09798379178586,0 37.03533998900936,37.09786362306742,0 37.03534584094401,37.09781290902109,0 37.03537558552967,37.09775499978156,0 37.03538153252636,37.09771127326859,0 37.03536330159083,37.09765377754108,0 37.03529856647571,37.09754428232642,0 37.03530487005859,37.09752675817416,0 37.03534172853672,37.09751071161725,0 37.03540925632255,37.09750488159101,0 37.0355661005371,37.0974912831393,0 37.03563785392926,37.09747493172713,0 37.03575077524905,37.09743900716905,0 37.03584406589135,37.09740325039392,0 37.03600060283545,37.09736694276516,0 37.03612687019432,37.09735011474276,0 37.03628853302352,37.09722538019953,0 37.03637701285229,37.09709445712596,0 37.03639494571991,37.0967544726081,0 37.03646947839761,37.09626215584071,0 37.03636163619447,37.09565145052672,0 37.03624459875623,37.09570488435056,0 37.03604699129763,37.09576775482524,0 37.03587085361131,37.09580598353229,0 37.03573996788224,37.09580363089629,0 37.03554340049445,37.0957826382429,0 37.03531834422272,37.09575140965889,0 37.03516989156865,37.09574047701745,0 37.03508266394577,37.09574123849261,0 37.03507317613295,37.09552468729943,0 37.03506521990897,37.09510023226746,0 37.03505203394294,37.09493263191571,0 37.03502552099901,37.09485860065884,0 37.03496979454912,37.09476998806478,0 37.03479858273871,37.09452865000418,0 37.03453698939224,37.09413581397575,0 37.03435001794845,37.09385791926723,0 37.03423731651138,37.09369584692868,0 37.03407389426425,37.09343871326741,0 37.0338903115807,37.09319573369137,0 37.0337389610633,37.09297110608091,0 37.03357585842316,37.09273726046708,0 37.03321918183042,37.09219384312857,0 37.03299012743384,37.09186739958743,0 37.03273405403579,37.09147829551946,0 37.03249836611977,37.09114491855713,0 37.03232247751566,37.09087915807893,0 37.03211552124948,37.09057348006737,0 37.03193745584421,37.09030773612012,0 37.03173059752149,37.09000905031829,0 37.03157049804467,37.08978158013097,0 37.03140587722738,37.08954192388294,0 37.03126348692033,37.08933351996074,0 37.03121705485037,37.08928675490526,0 37.03114720885027,37.08920066530555,0 37.03112942633198,37.08915561352495,0 37.03111863042743,37.08908299258511,0 37.03111905519514,37.08902402557551,0 37.0311414290156,37.08895503928726,0 37.03115295923137,37.08890089352249,0 37.03115237346465,37.08885766005125,0 37.03112596833284,37.08880973508,0 37.0310738436719,37.08876498190158,0 37.030998544334,37.08873026221558,0 37.03094269800969,37.08869753763198,0 37.03084696194471,37.08863285430696,0 37.03077909871585,37.08857317260982,0 37.03074059687187,37.08850799347751,0 37.03068615252235,37.08835254547206,0 37.03068292284377,37.0882346486941,0 37.03069799661473,37.08814017995909,0 37.03064400739945,37.08811365978952,0 37.03059775973666,37.08791547677315,0 37.0300986728814,37.08542269397445,0 37.02989536565921,37.08434823789425,0 37.02957288336375,37.08273845821831,0 37.02939321598968,37.08185685373842,0 37.02934197576127,37.0817481603585,0 37.02934399763763,37.08170406803112,0 37.02934749936794,37.08163867512619,0 37.02521417951958,37.07745025196257,0 37.02507058551385,37.07734072405738,0 37.02478594287356,37.07711869213748,0 37.02453582239835,37.0769412578606,0 37.02423634213532,37.07671226705717,0 37.02408906968171,37.07661665098401,0 37.02403132773214,37.07655781127213,0 37.02392940392695,37.07654451266836,0 37.0237961784622,37.07650667340211,0 37.02372159909294,37.07647098581297,0 37.02364461861085,37.07642113847334,0 37.02360306090944,37.07637364520096,0 37.02358490289857,37.07633924196988,0 37.02356556573476,37.07621712271855,0 37.02352148790251,37.07614660639216,0 37.02347431509087,37.0760929606339,0 37.02339076083517,37.07604760292637,0 37.02326414881395,37.07600793275417,0 37.02312584953516,37.07600380983848,0 37.02298480468774,37.07604224272153,0 37.02289999020655,37.07606778506855,0 37.02283293600122,37.07609849207116,0 37.02270543690454,37.07615719272913,0 37.022574378135,37.07619819885677,0 37.02247640490026,37.07623183389169,0 37.02233510721872,37.076251660088,0 37.02220591568975,37.07625336475179,0 37.02213064151258,37.07624810636396,0 37.02199903756057,37.07622088326119,0 37.02191317191136,37.07619562661175,0 37.02184667662087,37.07618556739016,0 37.0217906209968,37.07618368965477,0 37.02173463783884,37.07618771482558,0 37.02167003440487,37.0762083571651,0 37.02157787299076,37.07626350127038,0 37.02144456858645,37.07632963363518,0 37.02136417454912,37.07638231191961,0 37.02132522001576,37.07644645482274,0 37.0212987461368,37.07656128857776,0 37.0212533366421,37.0766940104705,0 37.02122684229806,37.07680766763551,0 37.0212082642967,37.07685154564323,0 37.02118906252968,37.07693946962325,0 37.0211603199791,37.07702301924879,0 37.02114597992556,37.07710820907751,0 37.02106546557106,37.07728967979192,0 37.02096781921031,37.07743053348361,0 37.02078399576143,37.07766073987992,0 37.02068789157078,37.07775195487407,0 37.02052012594898,37.07785973651443,0 37.02037170172084,37.07792570404951,0 37.02022510051574,37.07796241185019,0 37.02011028042742,37.07797757816707,0 37.02002944705118,37.07797029750712,0 37.0199226667219,37.0779251371324,0 37.01985072818524,37.07783891079198,0 37.0197511165863,37.07766785239499,0 37.01967494273985,37.07759584639264,0 37.01959487209133,37.07756285785968,0 37.01939760028837,37.07755982867408,0 37.01919915488247,37.07760672998317,0 37.01904497471718,37.0776559050553,0 37.01887769001528,37.07771759971272,0 37.01856958658205,37.07783456012329,0 37.01835068870282,37.07789271115097,0 37.01819048153322,37.07792200065036,0 37.01805472331145,37.07791489464275,0 37.01794946678943,37.07787326225681,0 37.0178426268767,37.07782337550208,0 37.01771642627038,37.07775947436114,0 37.01761261602913,37.07771546495504,0 37.01755054561843,37.07770536536363,0 37.01749598896444,37.07770583344595,0 37.01743864419937,37.0777181397462,0 37.01734218293894,37.07778277108709,0 37.01723163881941,37.07789714654655,0 37.01711782300217,37.07809780028951,0 37.01703794035909,37.07818946250214,0 37.01693497210214,37.07831913530011,0 37.01683979553392,37.07836957478622,0 37.01672427191019,37.07844264053396,0 37.0165216811487,37.07851054172048,0 37.01628073123251,37.07857759093023,0 37.01595834013546,37.0786193426013,0 37.01586294189585,37.07865324567639,0 37.01571957837115,37.07873954179177,0 37.01558307980853,37.07878797347223,0 37.01529665849921,37.07887313336227,0 37.01502245933235,37.0789900862712,0 37.01460589442701,37.07915788542057,0 37.01434190088932,37.07926648338906,0 37.01419989957387,37.07934449635952,0 37.01391815352665,37.0795595795252,0 37.01376057278385,37.07968617362555,0 37.01365817777408,37.07974848659894,0 37.01356399840009,37.07976347017293,0 37.0134326427911,37.07975513911305,0 37.01329798848599,37.07972084313807,0 37.01316611418119,37.07967352858381,0 37.01300947030764,37.07964887375942,0 37.01275135608923,37.0796451710869,0 37.01242989719262,37.07964673364891,0 37.01221168712079,37.07964977845067,0 37.01196257256502,37.07965781157266,0 37.01186521132984,37.07965509585721,0 37.01161452728697,37.0796560559272,0 37.01151022598044,37.07963748690176,0 37.01143579034772,37.07961242433388,0 37.01123555737582,37.07944221683618,0 37.0110901313045,37.07931850891548,0 37.01100825001777,37.07923236374274,0 37.01089766406341,37.07915000785145,0 37.01086308807654,37.07912815160858,0 37.01056063101061,37.07900577960101,0 37.01024752149152,37.07891362986102,0 37.00979517573941,37.07874734046051,0 37.00955686850661,37.07862442323734,0 37.00938025668086,37.07848414015942,0 37.00918509851122,37.07836262814995,0 37.0090416364615,37.07830270121819,0 37.0088841454936,37.07826948110622,0 37.00844102579094,37.07821476748463,0 37.00820632693819,37.07819726460862,0 37.00795163927327,37.07818392452918,0 37.00784463679688,37.07818416713789,0 37.0077467931144,37.07818699167174,0 37.00770046418823,37.07819602803476,0 37.00761461396791,37.07822732768466,0 37.00745238197489,37.07831643582271,0 37.00739318012829,37.0783561516355,0 37.00724984455323,37.07843114199639,0 37.00712373046126,37.07849136218891,0 37.00698417413352,37.07853906932232,0 37.00686933737723,37.07863641332298,0 37.00672317122472,37.07874864331056,0 37.00664795212378,37.07883169560181,0 37.00636767466963,37.07861998727103,0 37.00622537540079,37.07852283262654,0 37.00610722911199,37.07843278027819,0 37.00596090692124,37.0782929036579,0 37.0058722389873,37.07819440703358,0 37.00576432655283,37.0780632849833,0 37.0056094046262,37.07788914070054,0 37.00550657475989,37.0777419135049,0 37.00544109452392,37.07763579724025,0 37.00539740314597,37.07753049637002,0 37.00539051691663,37.07746853488864,0 37.00539498436134,37.07738786002587,0 37.00542016326056,37.07728484958909,0 37.00551023554342,37.07707052505921,0 37.00551790053043,37.0769809569185,0 37.00553992824879,37.07689038218704,0 37.00564277209294,37.07672202806179,0 37.0057550452655,37.07659790305386,0 37.00584498873165,37.07654131229174,0 37.00597704461214,37.0764914535838,0 37.00607260902758,37.07644190609681,0 37.00610314901618,37.07640974326274,0 37.0061252389082,37.0763235973678,0 37.00615306258852,37.07625335650517,0 37.00621082989667,37.07618906249671,0 37.00631254760614,37.07610313117937,0 37.00652301668611,37.07596133371092,0 37.00676026005786,37.07575373144604,0 37.00696728424521,37.07546994349124,0 37.00712326776077,37.07533392185001,0 37.00727010495542,37.07517553296393,0 37.00732076072681,37.07510302913633,0 37.00733627550039,37.07504972923132,0 37.00732680367921,37.07500254511636,0 37.00726417721555,37.07489437825018,0 37.00711453612792,37.07458057055994,0 37.00703073759028,37.07448833699895,0 37.00696134946565,37.07444481159231,0 37.00685264222416,37.07440162355372,0 37.00665127041687,37.07433874329504,0 37.00633305999975,37.07421226270029,0 37.00594562547138,37.07405486109205,0 37.00582088410152,37.07398817580533,0 37.00571848653902,37.07388028049268,0 37.00560594433814,37.07379487979163,0 37.00546592402971,37.07368407034149,0 37.00529925456441,37.07358030022194,0 37.00504929655821,37.07342756895618,0 37.00480649688364,37.07326503814218,0 37.00464947781173,37.07315534303247,0 37.00457929207465,37.07308679046151,0 37.00451637780892,37.07301622822723,0 37.00448755296272,37.07295024642838,0 37.00447985163468,37.07291914672113,0 37.00445351969452,37.07285801478421,0 37.00438430920404,37.0727709520179,0 37.00430688742726,37.07270635662323,0 37.00419561608803,37.07265568041473,0 37.00411618299856,37.07262324177538,0 37.00404754025934,37.07257902353273,0 37.00395270515018,37.07248438349534,0 37.00378960786108,37.0722822187707,0 37.00368583256706,37.07215454120274,0 37.00364097859637,37.07207116612717,0 37.00360066776819,37.07196340486756,0 37.00353045812892,37.07180038391314,0 37.00350081364174,37.07176460061336,0 37.00342459735071,37.07169902130489,0 37.00325582050721,37.07152709567808,0 37.00311684692745,37.07140263466573,0 37.00300388954051,37.07131594284748,0 37.00289350192645,37.07123993526888,0 37.00277860146149,37.07119026510608,0 37.00251573458475,37.07107172539857,0 37.00227810573838,37.07097780250924,0 37.00214957204665,37.07093863405295,0 37.00201972472971,37.0709228511675,0 37.00183671444854,37.07093089002445,0 37.00161831024896,37.07095870244822,0 37.00152782464998,37.07097894691584,0 37.00140522847762,37.07102153415623,0 37.00131524229679,37.07107943024231,0 37.00121108089581,37.07116860907162,0 37.00114575850802,37.07125356570521,0 37.00109346321486,37.07134360410159,0 37.00104131305676,37.07142724210892,0 37.00086520801005,37.07157954514719,0 37.00066912180468,37.07174922264642,0 37.00058682305679,37.07183089466977,0 37.00049520364362,37.07187620386134,0 37.00032547795355,37.07193735058569,0 37.00019958659195,37.07196979351249,0 37.00008631258312,37.07200111354868,0 37.0000487103264,37.07202370055881,0 36.9999962488203,37.07206867918468,0 36.999944740803,37.07209036523917,0 36.99988286823265,37.07209189963432,0 36.9998085786714,37.07208105034624,0 36.99949364574709,37.07212594523042,0 36.99920843631499,37.07212060312786,0 36.99901987514475,37.07211444628751,0 36.9988268872935,37.0720818216211,0 36.99855166293421,37.0720318593561,0 36.99833281448292,37.07192696524758,0 36.99810036664107,37.07182218337322,0 36.99795762333166,37.07171664807761,0 36.99781768463673,37.07161762150549,0 36.99770252339885,37.07154234843039,0 36.99762178705744,37.07139707990506,0 36.99758207592078,37.07127107095678,0 36.99757990756813,37.07110553863644,0 36.99758966481495,37.07102050168594,0 36.99762383470382,37.07093090019044,0 36.99761201872846,37.07085911689438,0 36.99762149511263,37.07075230070627,0 36.99760882321812,37.07061517441631,0 36.99766313938427,37.07040341966671,0 36.99772145562882,37.0702896547273,0 36.9977015717562,37.07022447359911,0 36.99782231607374,37.07010364554687,0 36.99792446268,37.07001565795925,0 36.99804663040327,37.06992558981678,0 36.99816033848266,37.06989032335287,0 36.99823330051992,37.06985703419866,0 36.99848557335313,37.06981570130191,0 36.99885405975326,37.0697750218914,0 36.99918366792434,37.06972323294767,0 36.99950968752698,37.06970905185363,0 36.99974980796597,37.06967435298132,0 36.99986223275327,37.06961234401089,0 36.9999476284864,37.06955051235734,0 37.00001445727097,37.06948745860751,0 37.00008566264974,37.06940782673547,0 37.00011383751912,37.06936990792185,0 37.00015759231217,37.06929602360271,0 37.00021378057728,37.06920824679369,0 37.0002348815678,37.06915568633482,0 37.00024450267812,37.0691023054333,0 37.00023963831609,37.06899390521286,0 37.00023056096431,37.06891402941263,0 37.00019153921298,37.06882429833102,0 37.00013368203351,37.06869796928002,0 37.00009487766768,37.06862477571025,0 37.00005293022068,37.06857458499682,0 36.99999483069719,37.06851626075872,0 36.9999357662629,37.06847264770033,0 36.9998686714319,37.0684281832542,0 36.99980858100059,37.0683937693282,0 36.99951584116445,37.06821024336716,0 36.99923655511751,37.0680371742586,0 36.9989839811541,37.06784761042289,0 36.99867358874076,37.06760189386014,0 36.9984974117683,37.06743346908153,0 36.99832200185677,37.06732384989233,0 36.99819102336217,37.06728574284662,0 36.9981510098881,37.06721446537171,0 36.99813959932658,37.06712143948855,0 36.99797984972634,37.06706560409106,0 36.99780524884383,37.06696577876655,0 36.99765742547498,37.06688696893691,0 36.99757887486224,37.06680430916062,0 36.9974999325889,37.06669224465846,0 36.99749446773131,37.06658609828904,0 36.99747124951979,37.06652584674477,0 36.99753094982497,37.0664142471039,0 36.99755971110781,37.0662751395625,0 36.99759175030169,37.06623075904438,0 36.99762258682063,37.06609489938,0 36.9976509818042,37.06592801779586,0 36.99770195071036,37.06577238585676,0 36.99778755166167,37.06561482448179,0 36.99783714184598,37.06550984943634,0 36.99793952129632,37.06538808906944,0 36.9980419624134,37.06527123152583,0 36.99824052958459,37.06517807126951,0 36.99844731794056,37.06508974130492,0 36.99859799571205,37.06499780170748,0 36.99870528359669,37.06488798131652,0 36.99876144479622,37.06481780257857,0 36.99883801062812,37.06464506740876,0 36.99888699474827,37.06444207165016,0 36.99890668080953,37.06428506634194,0 36.99898210328028,37.06402521063114,0 36.99900676426199,37.06383331136936,0 36.99900642847128,37.0636002326946,0 36.99897216321565,37.06326723748044,0 36.99899571004751,37.06299039259839,0 36.99904841536905,37.06286360736424,0 36.99906995987433,37.06264123607185,0 36.99909539602579,37.06250814438502,0 36.99916303494393,37.06227667179025,0 36.99928629790718,37.06206406135778,0 36.99933511587992,37.06192008634848,0 36.99935233967452,37.06171776517211,0 36.99939749881502,37.06143066448957,0 36.9994218062157,37.06106899319292,0 36.99944612330079,37.0609413530857,0 36.99950714720371,37.06081463448456,0 36.99956599722415,37.0607553225978,0 36.99969623044404,37.06071808093556,0 36.99963066082002,37.06069249270264,0 36.99979433892216,37.06064561812984,0 36.99993516795784,37.06059764206523,0 37.00031557587597,37.06049906724449,0 37.00066755786124,37.06045830897064,0 37.00101741154864,37.06042656355062,0 37.00128894813991,37.06041527577697,0 37.00153623386135,37.06043838102474,0 37.00173375427448,37.06043311256273,0 37.00211985576798,37.06042625071203,0 37.0024244499029,37.06036789750643,0 37.00266519239932,37.06023449904503,0 37.00287435820401,37.06009057447579,0 37.00294615645948,37.06000134520851,0 37.0029651755405,37.05991121243258,0 37.003020277449,37.0596624230212,0 37.00307391030303,37.0593020780178,0 37.00305200157572,37.05917270342855,0 37.00282640269646,37.05892088839271,0 37.00261947938046,37.05872289788373,0 37.0024973715485,37.05865734702655,0 37.0020933841847,37.05849881031489,0 37.0017726028034,37.05835036755013,0 37.00145392896597,37.05819110449924,0 37.00123153231768,37.05801123942706,0 37.00115331020552,37.05786794120009,0 37.00104686313185,37.05751997299994,0 37.00104269292272,37.05745927478665,0 37.00112025286335,37.05730289063169,0 37.00123903718022,37.05722990973356,0 37.0014442855813,37.0571298074463,0 37.00163248688466,37.0570994285282,0 37.00192793881287,37.05725768351785,0 37.00209793161891,37.05743619336273,0 37.00242984488866,37.05763492712365,0 37.00294561737614,37.0579280802127,0 37.00326550206018,37.05812211618154,0 37.00354256424949,37.05824693201428,0 37.00371110476551,37.05831508395145,0 37.00385443946552,37.05828748149482,0 37.00397026402187,37.05821692148356,0 37.00414989385486,37.05821780134973,0 37.00441649181618,37.05822993914681,0 37.00460485041852,37.05821154875647,0 37.00483360014007,37.05807764919494,0 37.00501951939955,37.05787453594798,0 37.00512058087751,37.05759296750797,0 37.00509560811699,37.05728846878337,0 37.00503378011362,37.05714023711655,0 37.00494495081558,37.05698743705633,0 37.00478081517515,37.05679928387311,0 37.00451865725965,37.05666954755674,0 37.0044527436263,37.05666530499917,0 37.00438339493717,37.0566275044906,0 37.00419546935487,37.05645155009252,0 37.0040325379553,37.05635455782981,0 37.00389667145737,37.05626693592398,0 37.00382048305069,37.05616440850338,0 37.00378008128278,37.05605198578264,0 37.00379993291264,37.05596784487751,0 37.00387680835289,37.05589521238078,0 37.00404395306786,37.05585781218135,0 37.00425272384405,37.05579846152352,0 37.00435907946041,37.05572917967157,0 37.0045034539426,37.05547843517833,0 37.00453969504422,37.05519981096985,0 37.00448940096572,37.0550178942684,0 37.00438353304296,37.05485883703399,0 37.00409265796731,37.05470734674629,0 37.00379364378515,37.05450593874193,0 37.00355453103655,37.05430642357572,0 37.00334566269488,37.0541306430863,0 37.00311842666036,37.05392382908148,0 37.00292115507789,37.05371915985037,0 37.00275085318612,37.05351666085962,0 37.00262561458364,37.05335880191302,0 37.00248454433884,37.05318306130212,0 37.00239604653106,37.053008559418,0 37.00233438303621,37.05279591872404,0 37.00229429537844,37.05254518008499,0 37.00224198216949,37.05240407468506,0 37.00222169451695,37.05222056983682,0 37.00218434102023,37.05201783327097,0 37.00215186225053,37.05170636708727,0 37.00216025828536,37.05154536925129,0 37.00218729743481,37.0514431939547,0 37.00220045115822,37.05132428117223,0 37.00226953959747,37.05114255490063,0 37.00235442697976,37.05104325706589,0 37.00239343966558,37.05097215460535,0 37.00245530462162,37.05080059348118,0 37.0024729720263,37.05070523886144,0 37.00251873050279,37.05058773724023,0 37.00261090529958,37.05040328374064,0 37.00268932399003,37.05029140599879,0 37.00275707547747,37.05016782200313,0 37.00284369952203,37.05004070674825,0 37.00287101333276,37.04987954890313,0 37.00289603448968,37.0497040911561,0 37.00288683277173,37.04957410070217,0 37.00288829670259,37.04944580953676,0 37.0028762575002,37.04936945114374,0 37.00284503084317,37.04927303388705,0 37.00281768145265,37.04923155789697,0 37.00276818643044,37.04918458355612,0 37.00271263674553,37.04915724710756,0 37.00267223651579,37.04914568768909,0 37.00256403479551,37.04912413392204,0 37.00239558584212,37.04910421364162,0 37.00229442308152,37.04908484913744,0 37.00215345581572,37.0490231296881,0 37.00200225989371,37.04896231280487,0 37.001815983624,37.04886530899956,0 37.00148040444164,37.04868530945314,0 37.00115959970162,37.04850939750511,0 37.00102831920325,37.04843804756194,0 37.00086432625105,37.04835686202745,0 37.00083209918235,37.04830405202497,0 37.00078302414381,37.04824885763797,0 37.00071935117331,37.04820305804378,0 37.00065658872447,37.04814629232171,0 37.00064180190795,37.04806047613416,0 37.00062531717017,37.04792581102424,0 37.00055058153159,37.04775793122236,0 37.00048663864968,37.04761102659396,0 37.0004211470055,37.04750625847401,0 37.00035494403948,37.04742761738089,0 37.00035403740754,37.04735853709918,0 37.00037183489992,37.04727328946525,0 37.00043485320045,37.04710930448675,0 37.00045940666879,37.04697766312262,0 37.00047870859739,37.04684690040028,0 37.00052315063071,37.0467091948999,0 37.00060117199408,37.04648694475914,0 37.00063555574869,37.04638386621309,0 37.0006852293538,37.0463244689213,0 37.00076562570392,37.04628334858086,0 37.00086934086375,37.04625719591294,0 37.00099466360659,37.04619547710241,0 37.00107188368032,37.04615269661414,0 37.00119644480606,37.04603284728881,0 37.00125229034404,37.04596328803392,0 37.0013223392428,37.04585485165056,0 37.00143401149086,37.0457940873609,0 37.00159950202288,37.04566967885348,0 37.00172766474132,37.04558434253338,0 37.00179786082308,37.04556689678373,0 37.0018650669859,37.04556211959857,0 37.00194050750429,37.0455437861043,0 37.00200522426133,37.04550954071478,0 37.00206238419017,37.04546018745384,0 37.00215827093856,37.04539787268202,0 37.00230109842964,37.04530904198454,0 37.00243978416505,37.04522445756169,0 37.00252420467495,37.04516982251309,0 37.00263499024261,37.04506640768125,0 37.00271137485784,37.04496044163993,0 37.00274273724305,37.04493420145243,0 37.00283401203149,37.04484130967101,0 37.00288481221854,37.0447611204113,0 37.00290991381476,37.04464519879225,0 37.00288560325281,37.04460833202275,0 37.00282990394905,37.04452903943096,0 37.00284035819745,37.04447166129885,0 37.0029191696017,37.04439010713598,0 37.00298035318968,37.0443536420963,0 37.00302590146591,37.0443004580162,0 37.00304736087686,37.0442272565073,0 37.00304196024337,37.04413631000099,0 37.00301866672363,37.0439635005387,0 37.00300636083694,37.04388047666282,0 37.00292831815361,37.04380699187514,0 37.00280660998239,37.04371702493444,0 37.00259347776414,37.04360199417483,0 37.00246225844548,37.04353457552475,0 37.00233261699436,37.04348062472086,0 37.00220284507873,37.04341656523358,0 37.00198936471634,37.04327457185936,0 37.00182254870365,37.04316476376715,0 37.00166113936007,37.04303918307392,0 37.00149368183845,37.04287995439979,0 37.00140944312416,37.04276158433309,0 37.00133927308098,37.04254087091683,0 37.00133428867218,37.04237464627737,0 37.00132382768926,37.04211186217922,0 37.00134840424327,37.04195550307682,0 37.00137465866212,37.04187383485803,0 37.00142578994532,37.04164123642967,0 37.00150319851979,37.04141740130285,0 37.00156452074961,37.04130263561586,0 37.00157759300262,37.04127816839849,0 37.00157796596205,37.04127746784648,0 37.00175030214164,37.04102587205431,0 37.00199854939186,37.04072120710768,0 37.00211032749506,37.04055400166335,0 37.0021810051686,37.04038714330535,0 37.00220902976997,37.04024460742848,0 37.00220406857542,37.03986719005187,0 37.00216996552393,37.03968923295734,0 37.00210598768433,37.03951302391298,0 37.00209759113322,37.03944269852087,0 37.00204765759212,37.03933976578138,0 37.00203719413887,37.03925447537559,0 37.00205890419687,37.03920037208019,0 37.00217715643497,37.03909901560616,0 37.00223031135553,37.03902067903839,0 37.00222521727223,37.03891736937583,0 37.00221579245633,37.0387691615144,0 37.00219124784149,37.03860759823162,0 37.00213871862409,37.0384492699765,0 37.00204457903121,37.03825234665469,0 37.00197731979679,37.03811061550746,0 37.00195706269022,37.03799096108652,0 37.00195149974873,37.03784646167501,0 37.0019476246903,37.03771168823148,0 37.00196234403128,37.03764839572023,0 37.00196254394591,37.03764752903496,0 37.0019871582727,37.03760097894773,0 37.00202022292955,37.03756250467702,0 37.00205133912062,37.03752629224164,0 37.00223888953195,37.03740253984977,0 37.00235608071457,37.03736279435132,0 37.00259765515598,37.037271444034,0 37.00271830507253,37.0372552581391,0 37.00274270893194,37.03727274467855,0 37.00276297616724,37.0372953210012,0 37.0027558032933,37.0373375538307,0 37.00275509951535,37.03733856533787,0 37.0027550350751,37.03733896414151,0 37.00273479163236,37.03736776843506,0 37.00269712323851,37.03742193284958,0 37.00269298273872,37.03748587489684,0 37.00271605736517,37.03753560822632,0 37.00278472994119,37.03764287491119,0 37.00299712352459,37.03788073773877,0 37.00314330448661,37.03800931624396,0 37.00332911192628,37.03811958374396,0 37.0035122650971,37.03821789499499,0 37.00363238669134,37.03825881683531,0 37.00401933186411,37.03831944995068,0 37.00447046133174,37.03833560558643,0 37.00491377745111,37.03832585776529,0 37.00508297597396,37.03831044400376,0 37.00532381374522,37.03824849346344,0 37.0055767607667,37.03816047008083,0 37.00567286069416,37.03807977399102,0 37.00567551461601,37.03807578782818,0 37.00575591974025,37.03795524294139,0 37.00577678387363,37.03783723730893,0 37.00581543965291,37.03755730483721,0 37.00588528204772,37.03737497510871,0 37.00614386567512,37.0369593717288,0 37.00624191619961,37.03673417263832,0 37.00629136116032,37.03662060268714,0 37.00633434976704,37.03648043836713,0 37.00634212868239,37.03632690212928,0 37.00645334034419,37.0360496841972,0 37.00651490576944,37.03592714510978,0 37.00651589190987,37.0359255617288,0 37.00663582539052,37.03573273296647,0 37.00671452023166,37.03560314468181,0 37.00675307954101,37.03547849401468,0 37.00678924152201,37.03528745353681,0 37.00682410150713,37.03498521611689,0 37.0068089949941,37.03481845755644,0 37.00678064761725,37.0347181728363,0 37.00676105572997,37.03455984099152,0 37.00668341448275,37.03439489339183,0 37.00661150168922,37.03426984558331,0 37.00653536311305,37.03415176887099,0 37.00643252692105,37.03403772636292,0 37.00634703699284,37.03396964999354,0 37.00623576557846,37.03392427673409,0 37.00613406819019,37.03391012066268,0 37.00600485893118,37.03391121629262,0 37.00586728967245,37.03393136574082,0 37.00585920567673,37.03393257499008,0 37.00560983947192,37.03396983470521,0 37.00554460459039,37.03396000762743,0 37.00546259368753,37.03394688792153,0 37.00537175410086,37.03391830185299,0 37.00532131606838,37.03389428585459,0 37.00531035062068,37.03383421460373,0 37.00530352800515,37.03375931859778,0 37.00526221144742,37.03367466826851,0 37.00520561601796,37.03356335948457,0 37.00514157386248,37.03337931702371,0 37.00504250847003,37.03316177503229,0 37.00492430205826,37.03296865734437,0 37.00486013219107,37.03285654302694,0 37.00477040638117,37.03269178383798,0 37.00465938541961,37.03250499247812,0 37.00458616271838,37.03237191448994,0 37.004529701477,37.03222499334372,0 37.00451498271029,37.03209253005222,0 37.00451261518285,37.03207695130697,0 37.00438079564941,37.03183455420822,0 37.00431866188743,37.03171289023629,0 37.0042666004141,37.03156579294034,0 37.0041488094806,37.03141600816868,0 37.00383708563895,37.0311456616391,0 37.00359679327916,37.03087406494516,0 37.00331169108396,37.0304837851109,0 37.0032436259508,37.03040259492086,0 37.00317344336258,37.03036743777768,0 37.00300687962472,37.03027655514975,0 37.00284517072879,37.03021836511597,0 37.00254906209045,37.03013798984192,0 37.00235698326583,37.03011111097425,0 37.00216538065461,37.0300893312606,0 37.00188594966083,37.03002869940126,0 37.0017337432712,37.03002768146334,0 37.00152689644033,37.0300202189883,0 37.00140575497438,37.02997980085092,0 37.00127529197997,37.02988421310155,0 37.00119323035042,37.02975828246032,0 37.00111916454458,37.02958393450135,0 37.00107225566134,37.02944471236793,0 37.00107261803662,37.02931956749915,0 37.00108302960514,37.02909235094751,0 37.00119449752875,37.0287527888479,0 37.0013080215442,37.02847096053159,0 37.0013083333407,37.02847039925562,0 37.00143095727212,37.02823993439005,0 37.00149725207761,37.02810288531968,0 37.00161063574519,37.02786923288483,0 37.00169009191472,37.02757848673074,0 37.00173349303341,37.02738473010998,0 37.00172326993238,37.02726279937722,0 37.00173405853265,37.02720975237021,0 37.00173966986603,37.02711811968109,0 37.00183834522652,37.02697754787948,0 37.00187057357594,37.02690123338615,0 37.00186005550135,37.02684087682155,0 37.00182439719759,37.02665415260186,0 37.00181218778472,37.02659900750979,0 37.00177318630335,37.02609026891488,0 37.00173804156395,37.0257639259211,0 37.00168010287642,37.0255451000351,0 37.00162836899247,37.02537070068926,0 37.00160694180218,37.02518256593089,0 37.00159304128033,37.02499850520712,0 37.00155387921055,37.02485840141318,0 37.00149733398705,37.02470692902379,0 37.00147850463076,37.02458506904766,0 37.00140524819025,37.02447287884567,0 37.00130667328545,37.02440004164635,0 37.00104850256125,37.02419962098972,0 37.00071074093625,37.02394856035401,0 37.00046820604439,37.02381216603514,0 37.00030683261484,37.02374527991369,0 37.00018197541841,37.02374308505301,0 36.99993672965817,37.02377114700594,0 36.99982804775595,37.02376621325775,0 36.99975531480071,37.02372133254061,0 36.99976018022748,37.02180461364708,0 36.99976018043243,37.02180394327084,0 36.99984851339143,37.02177457653736,0 36.99996685691945,37.02174902414087,0 37.00023097628968,37.02174679810132,0 37.00051440488339,37.02175668084436,0 37.00064059884844,37.02174640811419,0 37.00084677903666,37.02170477118222,0 37.00097245385215,37.02165459717788,0 37.00106929829194,37.02158403423167,0 37.00112503093796,37.02151849176465,0 37.00112570596156,37.02151769585672,0 37.00113180324683,37.02140585586875,0 37.00114148651846,37.02131998065595,0 37.00115704799224,37.02118812618377,0 37.00116808272102,37.02112303559002,0 37.00122501885684,37.02106309009796,0 37.00131216565482,37.02099482533816,0 37.00144146221263,37.02092927014466,0 37.00164756556027,37.02084774519807,0 37.00185345857895,37.02081835410062,0 37.0020518517066,37.02076756498603,0 37.00232343936546,37.02071378215836,0 37.00246989137371,37.02067354796127,0 37.00265572338025,37.02058705028198,0 37.00273518742925,37.02054825126687,0 37.00284669971521,37.02048058141548,0 37.00297951058984,37.02038933140527,0 37.00307242876467,37.02030535107998,0 37.00310743032005,37.02025479693982,0 37.00313465142728,37.02018783933534,0 37.0031367411506,37.02010029454787,0 37.0031548830589,37.01993251331472,0 37.00316345406343,37.01983854697603,0 37.00316354799553,37.01983748655769,0 37.00327039510682,37.01969210311436,0 37.0034024316185,37.01954365027948,0 37.00360258329572,37.01928175502648,0 37.0037484357149,37.01908208691632,0 37.00379295878196,37.01902097472442,0 37.00390202627185,37.01878600663571,0 37.00404103013661,37.01842398342956,0 37.00405000255265,37.01835199000992,0 37.00414397499058,37.01809002085616,0 37.00417666460284,37.01801795107166,0 37.00419721485716,37.01797172495211,0 37.00426777944912,37.01786369303609,0 37.00428696781679,37.01783403595995,0 37.00428728424527,37.01783383144873,0 37.00428761249016,37.0178333294939,0 37.00437448793981,37.01777652062483,0 37.00443539700019,37.0177077079589,0 37.00449836437605,37.01761396224541,0 37.00453500643452,37.01755895886409,0 37.00468202539381,37.01732201264441,0 37.0047236279614,37.01725479413827,0 37.00475413270269,37.01719973632837,0 37.004877985332,37.016976029482,0 37.00489501785671,37.01691802758297,0 37.00489585835407,37.01691734558553,0 37.00489598419433,37.01691691832734,0 37.00498019617645,37.01664186511626,0 37.00502991144519,37.0165246997473,0 37.00511453703721,37.01641052386828,0 37.00518552755926,37.01635072594107,0 37.0052467210314,37.01632718417144,0 37.00529592874367,37.01632676731803,0 37.00535779008865,37.0163525572554,0 37.00552916949344,37.01644153911668,0 37.00559084413632,37.01645417170513,0 37.00566049103941,37.01644864378987,0 37.0058277151911,37.0163781725097,0 37.00614198330753,37.0162620420263,0 37.00629538559347,37.01623279098326,0 37.00639548144833,37.01620398282347,0 37.00657141778353,37.0161143147149,0 37.00670696617123,37.01601326643222,0 37.00674932910957,37.01596111518847,0 37.00676414274355,37.01591782242456,0 37.00676786780121,37.0158499604296,0 37.00676990875368,37.01574234255813,0 37.00676001824496,37.01569309265084,0 37.00671612638399,37.01562933969965,0 37.00665235949348,37.015575610921,0 37.00654557274724,37.01552472487204,0 37.00639111585279,37.01547423580161,0 37.0062185112454,37.015447334694,0 37.00583749076458,37.01535930915652,0 37.00576929997649,37.01532042150404,0 37.00569171999433,37.01526804369801,0 37.00561410101292,37.01521320993139,0 37.00553374936953,37.01518428979538,0 37.00540265556663,37.01515703574763,0 37.00526791882088,37.01508540908582,0 37.00517756514354,37.01499738761696,0 37.00515203136229,37.01492730462996,0 37.00514947156766,37.01484283744205,0 37.00519196972598,37.01474820148376,0 37.00526967933092,37.01462914634866,0 37.00529057185535,37.01455442979215,0 37.0052967517716,37.01440090301399,0 37.00532351082296,37.0143568244294,0 37.0053853214607,37.01427517819541,0 37.0054679640803,37.01419253908222,0 37.00551006274294,37.01411982873419,0 37.0055513232382,37.0139830019388,0 37.00555799080977,37.01386618485071,0 37.00557058058114,37.01373288798264,0 37.00558203553547,37.01366866557782,0 37.00562168188756,37.01356472964021,0 37.00573444254761,37.01340756404206,0 37.00593231518362,37.01317402903949,0 37.0059740445197,37.01307337493895,0 37.00598316353645,37.01298779057039,0 37.00596367479922,37.01290902451054,0 37.00593225716275,37.01285831889178,0 37.00589504575351,37.01283561449422,0 37.00580646690143,37.01280512435561,0 37.00568320930182,37.01278807604269,0 37.00553707898691,37.01274656169502,0 37.00547520347353,37.01271913564527,0 37.00538831261296,37.01266067516344,0 37.0051681079341,37.01244384142813,0 37.00508072175315,37.01234755736547,0 37.00500530855778,37.01222652113287,0 37.00488968746649,37.01201044101369,0 37.00479792794244,37.01173825808623,0 37.00479630433912,37.01161493538682,0 37.00482256460278,37.01142890553844,0 37.00486684761773,37.01120983143024,0 37.00488218688137,37.01112913035283,0 37.00487468825195,37.01102724092365,0 37.00483915871789,37.01082035791937,0 37.00484019487903,37.01074305774259,0 37.00484366997073,37.0106953469645,0 37.00488697452943,37.01055849761392,0 37.00494907873446,37.01044779768241,0 37.00497524203258,37.01040975757959,0 37.00507654719159,37.01031846203863,0 37.00528951340398,37.01014071347764,0 37.0053624641842,37.01007596110487,0 37.00543314774743,37.00999314397641,0 37.00565423359906,37.00981039366603,0 37.00571726324485,37.00977039748765,0 37.0057987527539,37.00973023942018,0 37.00608446177692,37.00962751721086,0 37.00624354285124,37.00956367939319,0 37.00649448895187,37.00946781954701,0 37.00674108317435,37.00935391757738,0 37.00692428976075,37.00925369914337,0 37.00706268531453,37.00917523341739,0 37.00721281792137,37.00905392427322,0 37.00744806682818,37.00885789882036,0 37.00758622247595,37.00876135420802,0 37.0076382430757,37.00872314804641,0 37.00806727797362,37.00852050209812,0 37.00829662480199,37.00838496702353,0 37.00843429075039,37.00825566909626,0 37.00854848354358,37.00815110587533,0 37.00872609715819,37.00795877899827,0 37.00906701354143,37.00747653708806,0 37.00930750017178,37.00715462564361,0 37.00951707796405,37.0068947791338,0 37.00965910935068,37.00666820394983,0 37.00972983306964,37.00653312165826,0 37.00975953781008,37.00638020529406,0 37.00974480627392,37.0062137116518,0 37.00971205606169,37.00605042764101,0 37.00964539415892,37.00589287982091,0 37.00955179292332,37.00575464700453,0 37.00946912879471,37.00567356612196,0 37.00927743231207,37.00557160182015,0 37.00913744381688,37.00552372143829,0 37.00901480208035,37.00550295896197,0 37.00892588955399,37.00546281652958,0 37.00879208434395,37.0053685443456,0 37.00860320246581,37.00522293913792,0 37.00840692872756,37.00503105759896,0 37.00835533387721,37.00495345485687,0 37.00835192201641,37.00488805732282,0 37.00838677138398,37.00482438367536,0 37.00845994246848,37.0047665096853,0 37.00853852631416,37.00473312685241,0 37.00861973896552,37.00470586313477,0 37.00886943760445,37.0046955611292,0 37.00899415287511,37.00468018513418,0 37.00918998865715,37.00464581218115,0 37.00932235368234,37.00463036718902,0 37.00967107349603,37.00459060601863,0 37.01000714194527,37.00455707137453,0 37.0102897619668,37.00453013228515,0 37.01043266715282,37.00454118790521,0 37.01056312904029,37.00457483212502,0 37.01072470752636,37.00464910773267,0 37.01078336400933,37.00465065174773,0 37.01086948840696,37.00460902889706,0 37.01088743654856,37.00452381939436,0 37.01093325273528,37.0044231250659,0 37.01096930738002,37.00435868172593,0 37.01105896701689,37.00431681417603,0 37.01114881573211,37.0042897382671,0 37.01124086801615,37.00427415163218,0 37.01144982447364,37.00426086289603,0 37.01163637227128,37.00425927292147,0 37.01169778996277,37.00425217177366,0 37.0118403131579,37.00417696313193,0 37.01193576791223,37.004108727861,0 37.01195556540333,37.00409024266156,0 37.01202284445425,37.00402741053529,0 37.0121084258373,37.00398721867204,0 37.01220661160895,37.00396993548305,0 37.01244227783133,37.00396134950947,0 37.01257513028065,37.00393061866149,0 37.01277915425155,37.00385488416864,0 37.013060188208,37.0037110669815,0 37.01314665328057,37.00365634742884,0 37.01329196238103,37.00356438271046,0 37.01336478048136,37.00348976735693,0 37.01339865735238,37.00341548447319,0 37.01346390288786,37.00323404662919,0 37.01351839697224,37.00301488199572,0 37.0135606348682,37.00295368468737,0 37.01361141146612,37.00291707237489,0 37.01370723196239,37.00287678831338,0 37.01388270633743,37.00281280029528,0 37.01399039238837,37.00273953198825,0 37.01413425371676,37.00261168647589,0 37.01426550467011,37.00245928341381,0 37.01436681335825,37.00236961983057,0 37.01466373207055,37.00218784813922,0 37.01510725616635,37.00193082825361,0 37.01571741511233,37.00156220305087,0 37.01599655224855,37.00143155400794,0 37.01613121369433,37.00138271438355,0 37.01636408273295,37.00131823491798,0 37.01652942700168,37.00126419977856,0 37.01662114384427,37.00122394852399,0 37.01680211913668,37.00111222951511,0 37.01699963645689,37.00101023130036,0 37.01713233070126,37.00096798140998,0 37.01736398489701,37.00090270126624,0 37.01746934946177,37.00087300792569,0 37.01759196977306,37.00084400631709,0 37.0176957916622,37.00078885532732,0 37.01775464504248,37.000743947277,0 37.0178576196417,37.00062466899274,0 37.01792558974179,37.00049418633053,0 37.017948979392,37.00040354626102,0 37.0179439390101,37.00033287565517,0 37.01792478454963,37.00028043165337,0 37.01790338373125,37.00021318836384,0 37.01779060080326,37.00005794539472,0 37.01774035177483,36.99997944493975,0 37.01771448553068,36.99988429135504,0 37.01769444800722,36.99961150304436,0 37.01765126643296,36.99944743477194,0 37.01760282700898,36.9992745561079,0 37.01755292606916,36.99908497019428,0 37.01746382097212,36.99896295076326,0 37.01733251142273,36.99889621159599,0 37.01723694319586,36.99884714897643,0 37.01719336053539,36.99882151839888,0 37.01715505207306,36.99878500125527,0 37.01711368808375,36.99872251158688,0 37.01704493468149,36.99863207738563,0 37.0169713557822,36.99858502466246,0 37.01693054032867,36.99856370249036,0 37.0167731568073,36.99851304445179,0 37.01666721896641,36.9984706045629,0 37.01661812074101,36.99843635298,0 37.01656601613162,36.99837828552388,0 37.0164759675647,36.99831187677686,0 37.01639937630782,36.99824101509601,0 37.01637820267118,36.99819811934251,0 37.01635428842977,36.99807642559432,0 37.01634731991888,36.99785705420589,0 37.01631307037433,36.99773363424204,0 37.01629197046934,36.99765760647524,0 37.0162709330293,36.99750439479863,0 37.01627344383509,36.99746413991374,0 37.01630825829818,36.99733950323886,0 37.01634757248948,36.9972099461678,0 37.01639982169898,36.99702542459546,0 37.01642551244736,36.99689964779941,0 37.01644128497697,36.9968288060501,0 37.01648854866043,36.99672600130503,0 37.01652792154433,36.9966013201097,0 37.01654062989913,36.99652806636431,0 37.01660856220321,36.99637998552129,0 37.01669001491944,36.9962195941022,0 37.01680004807138,36.99608726677128,0 37.01688373051378,36.99598048802576,0 37.01694505672523,36.995906826702,0 37.01698576517688,36.99588209566933,0 37.01705710660449,36.99587538250609,0 37.01716037365327,36.99585739576995,0 37.01725392410457,36.99584078251559,0 37.01734063113267,36.9958157364111,0 37.01745023644779,36.9957773873783,0 37.0175425088561,36.99577311833596,0 37.01760792324477,36.9957744857541,0 37.01769220157739,36.99578417922287,0 37.01778857635308,36.99579878591437,0 37.01789170154106,36.99581602335004,0 37.01795822522967,36.99582779532147,0 37.01804730762532,36.99583744733511,0 37.0181498183417,36.99584389171181,0 37.01824884050838,36.99584034992944,0 37.01830864806442,36.99581785317151,0 37.01834052675635,36.9957921233873,0 37.01837117037742,36.99574672900752,0 37.01839390720917,36.99568443401185,0 37.01840755770006,36.99562646088955,0 37.01841818799516,36.99552261632898,0 37.01841944735217,36.99547284269588,0 37.01840700636976,36.99536880864254,0 37.01839236703674,36.99531725039719,0 37.018372250239,36.99525068811555,0 37.01833925188123,36.99515570751029,0 37.01832442298879,36.99509026399794,0 37.01832012822972,36.99498384615705,0 37.01832086064563,36.9949306062214,0 37.01833190747716,36.99485799546069,0 37.01835865872346,36.99473588178223,0 37.01837640882649,36.99466128526951,0 37.01840684670442,36.99450505887341,0 37.01841919052988,36.99443031951957,0 37.01843126809838,36.99436223395222,0 37.01844510030833,36.99429095084133,0 37.01845399515494,36.99425442730449,0 37.01846593696943,36.99420312032933,0 37.01849052842583,36.99415459535677,0 37.01852717677755,36.99411696685833,0 37.01862272307369,36.99406118506335,0 37.01873700092639,36.99400350340793,0 37.01882922149811,36.99394196348964,0 37.01890729697063,36.99387417454849,0 37.01894450488475,36.9938249645094,0 37.01897734515018,36.99377203640455,0 37.0190000536798,36.99374406768202,0 37.01903393625742,36.99371571829239,0 37.0190763511707,36.99368600173833,0 37.01913841196499,36.99366077848609,0 37.01918611493529,36.99364803540089,0 37.01928083068905,36.99363556256635,0 37.01935941698975,36.99363008331918,0 37.01942158533807,36.99361309633684,0 37.01950413212872,36.99358496317917,0 37.0196001210201,36.9935388774357,0 37.01965734155937,36.99353563950852,0 37.01971968114819,36.99353031040426,0 37.01978105726768,36.99351743519532,0 37.01980571528249,36.99350762181852,0 37.01988219283228,36.99347336479197,0 37.01997965971294,36.99341012819357,0 37.02007263900188,36.99336111611336,0 37.02016547292936,36.99333268144241,0 37.02037753525255,36.99328047404472,0 37.02056111148943,36.99321876371248,0 37.02067186335059,36.99316742503446,0 37.02080038409915,36.99308017101768,0 37.02088657404894,36.99300953758329,0 37.02095703451158,36.9929747964002,0 37.0210619094332,36.99293813365065,0 37.02113018028378,36.99289203822867,0 37.02116596535975,36.99283972212741,0 37.02120278511916,36.99271424858905,0 37.02123636092448,36.99264893950225,0 37.0213421486901,36.99252938615293,0 37.02141034578587,36.99232562297971,0 37.02150505887224,36.99213463543008,0 37.02158265154909,36.99202451605601,0 37.02165889802735,36.99190866496521,0 37.02179041354765,36.99170730475772,0 37.02187505762458,36.99158108951404,0 37.02197046506439,36.99142804396516,0 37.02204498715365,36.99131151186387,0 37.0220875739526,36.99123640538084,0 37.02214993723691,36.99110559004257,0 37.02218196889454,36.99100793659406,0 37.02220823675225,36.99092679844809,0 37.02225038267235,36.99081877876787,0 37.02229639678125,36.99074364088808,0 37.0223873762848,36.99064342889517,0 37.02247634328803,36.99058437763291,0 37.02264434415373,36.99049104188227,0 37.02272577572638,36.99044371666506,0 37.02284288187413,36.99037961830742,0 37.02292867063586,36.99033911054654,0 37.02302706720727,36.99028203379208,0 37.02310848909672,36.99023401999963,0 37.02321514311494,36.99015561268663,0 37.02332853096976,36.99006891708962,0 37.02340458102471,36.99000312856138,0 37.02346368167887,36.98994844822979,0 37.02347358888654,36.98992230461685,0 37.02348568912745,36.98986802952449,0 37.02349035032998,36.98976993233092,0 37.02348956016918,36.98971096401898,0 37.02348383160354,36.98960198890282,0 37.02347033489987,36.98955204327741,0 37.02345928862918,36.98949317420748,0 37.02344753092088,36.98944458317098,0 37.02343156558383,36.98940152658157,0 37.02340430186745,36.98934415610583,0 37.02334946577852,36.98927125867242,0 37.02330433325609,36.98922022879194,0 37.02322065368327,36.98916334461777,0 37.02315865243419,36.98912891135338,0 37.02308049167257,36.98910147248034,0 37.02306486944032,36.98908308887187,0 37.02304558796752,36.98904828733967,0 37.02304135629358,36.98898728528621,0 37.02302696058281,36.98893392338361,0 37.02298902853155,36.98890957250496,0 37.0229496098396,36.98890236867967,0 37.0228760107993,36.98889614778777,0 37.02277320093339,36.98887851903785,0 37.02267368603106,36.98885194868217,0 37.02255335339466,36.98880223675761,0 37.02245431600795,36.98874755313039,0 37.02236715218159,36.98868521279812,0 37.02228686995682,36.98862694171795,0 37.02218521714558,36.9885681572086,0 37.02208575089934,36.98854500990338,0 37.02199837405026,36.98853067876365,0 37.02183542567843,36.98849093994588,0 37.02171180633427,36.98845154717851,0 37.02155365363259,36.98838571029484,0 37.02146514400787,36.98835149345187,0 37.0213386458865,36.98828813205807,0 37.02121041733871,36.98820000489434,0 37.02115265138271,36.98814701586512,0 37.02109222635547,36.98808684853454,0 37.02103396481991,36.98804466903228,0 37.02102686893267,36.98799278486273,0 37.02101464175353,36.98789414638762,0 37.02102280883545,36.98783390619682,0 37.02105973537042,36.9878140431078,0 37.02111078206844,36.98779612733907,0 37.02119768120204,36.98777479991467,0 37.02129089220561,36.98774519699161,0 37.02136923124387,36.98770698904122,0 37.02142062437387,36.98766694411357,0 37.02148861541415,36.98755493047982,0 37.02152978862916,36.98745217246101,0 37.02155850575161,36.98732677025494,0 37.02157744034454,36.98722745817543,0 37.02160156073594,36.98706146021394,0 37.02166927334647,36.98682194747187,0 37.02169828532647,36.98671929585964,0 37.02177736754651,36.98642117315647,0 37.0219183430214,36.9857700054981,0 37.02192334478809,36.98568950095606,0 37.02195207165977,36.98556492029606,0 37.0219766463396,36.98547083969498,0 37.02200310765522,36.98540478155198,0 37.02203227448437,36.98531310323165,0 37.02202662676201,36.98523147215867,0 37.02198049620817,36.98509635400887,0 37.0219784090541,36.98494033626339,0 37.02197972615267,36.9847355300696,0 37.02197039153987,36.98449179853234,0 37.02198899437624,36.9843681087352,0 37.02200574515099,36.98425743965851,0 37.02206251268543,36.98410904168649,0 37.0221120481484,36.98402571904628,0 37.02214586327857,36.98397829241838,0 37.02219182511213,36.98393076298629,0 37.02223586955493,36.98389136846224,0 37.022304031941,36.98383714406231,0 37.02239589884602,36.98373720368583,0 37.02246540138419,36.98363257761744,0 37.02256306514877,36.98351145947979,0 37.02266297815979,36.98340820402099,0 37.02279317329045,36.98329655473476,0 37.02290949789536,36.98320777981936,0 37.02303661372592,36.9831020820731,0 37.02306409739077,36.98307777289421,0 37.02295144949737,36.98306112645901,0 37.02259718198308,36.9825031575775,0 37.02238444248829,36.98214957459285,0 37.02221724640525,36.98196897272146,0 37.0223008571043,36.98195958464893,0 37.02259215783595,36.98192672483243,0 37.02287271549667,36.98189830711868,0 37.0231263249398,36.98187444962935,0 37.02336100279018,36.98184858509008,0 37.02373363107512,36.98183670408605,0 37.02392037969436,36.9818632709046,0 37.02412896729705,36.98190698152037,0 37.02437621141834,36.98201320607829,0 37.02454957384564,36.98204855186388,0 37.024777986892,36.98205969945639,0 37.02482837048357,36.98207040141003,0 37.02487876297614,36.98208109605695,0 37.02513884189991,36.98197188009515,0 37.0254716357646,36.98180306024087,0 37.02574043633575,36.98168992016269,0 37.02637740074449,36.98142354762021,0 37.02670984423265,36.98123003871185,0 37.02701329015076,36.98108839340828,0 37.02701395479433,36.98149278019798,0 37.02699131382052,36.98169608058951,0 37.02696869065855,36.9818993772125,0 37.02695427840674,36.98222590535848,0 37.02675179588911,36.98257080715864,0 37.02655448256003,36.98273515762402,0 37.02635680116232,36.98281298001949,0 37.02618048551679,36.98285873302155,0 37.02601593173611,36.98292626687377,0 37.02579207400306,36.98305986038199,0 37.02568131154192,36.98312847872417,0 37.02556126829434,36.98319165914737,0 37.02542131306077,36.98325965183766,0 37.02524341689071,36.98336392464351,0 37.02501457925631,36.98348918809723,0 37.02477179460493,36.98354704452242,0 37.02466152720314,36.9835967555284,0 37.02452410726129,36.98366011373494,0 37.02435967107811,36.98374930540283,0 37.02419389137639,36.98385191417924,0 37.02403275918433,36.98396057910133,0 37.02391543810998,36.9840505801114,0 37.02386292995078,36.98410101216656,0 37.02380038421988,36.98419663526556,0 37.02377123344234,36.98428831748603,0 37.0238448251804,36.98445104036642,0 37.02403588452697,36.98462878848266,0 37.02416911942508,36.98474304481386,0 37.02434331942737,36.98489107726023,0 37.02451898166392,36.98499683783484,0 37.02475391990859,36.98514109625813,0 37.02494967861817,36.98525995327412,0 37.02523569963338,36.98539441139314,0 37.02536906992716,36.98548103194366,0 37.02549592348663,36.9855923954534,0 37.02574011517044,36.98578410563488,0 37.02593850432674,36.98595975810715,0 37.02606662565439,36.98608025833219,0 37.02624109392232,36.986257037016,0 37.02634435028428,36.98639237313969,0 37.02639517537801,36.98652816074022,0 37.02642596875673,36.98661474251199,0 37.02644862891382,36.98668952424932,0 37.0264592836683,36.98680371153831,0 37.02645108567729,36.98687235909285,0 37.02643695793621,36.98692367858374,0 37.02640742187322,36.98697314720942,0 37.02634428252434,36.98702368308021,0 37.02626728141426,36.98706091320723,0 37.02620055797566,36.98707125017322,0 37.02611649793715,36.98706729863886,0 37.02601341318667,36.98703568003889,0 37.02588585052562,36.98699126903404,0 37.02581958527836,36.98699373751285,0 37.02578062742752,36.98703551860508,0 37.02577341192052,36.9870636214517,0 37.0257681640762,36.9871258370428,0 37.02576336270766,36.98722096751975,0 37.0257682844864,36.9874744841959,0 37.02579048235413,36.98754255366363,0 37.02582923446946,36.98759951796186,0 37.02589994259596,36.98765986069839,0 37.02596005688109,36.98772272957788,0 37.02601103545496,36.98778446098266,0 37.02607756292225,36.98787287302569,0 37.02614808405387,36.98791859328171,0 37.02623800747507,36.98793853988526,0 37.02637927963951,36.98793487839225,0 37.02646752538264,36.98794264640138,0 37.02649107750467,36.98799851289261,0 37.02649214234172,36.98807775229841,0 37.02647473408591,36.98814006585828,0 37.02639492895979,36.98819439329621,0 37.02634661555949,36.98823576169251,0 37.02633880817397,36.98829069556376,0 37.02634835995818,36.98842911963677,0 37.0263688268367,36.98849511532786,0 37.02642662232444,36.98857425523222,0 37.02652269956634,36.98863682183412,0 37.02662886786839,36.98869786842022,0 37.02677095949128,36.98864961301444,0 37.0269507477604,36.98856218190247,0 37.02713447143,36.98857899876899,0 37.02724667003959,36.98858211136888,0 37.02744771955548,36.98855992480097,0 37.02770537965158,36.98857814074074,0 37.02797055740708,36.98858607317987,0 37.02800045376075,36.98853469625401,0 37.02806810593032,36.98844824266864,0 37.02820307292652,36.98843889215767,0 37.02831284158669,36.98845224984331,0 37.02840239577031,36.9884780547798,0 37.02859969473724,36.98855608580466,0 37.02869075432022,36.98859857561759,0 37.02866883917713,36.98873779477217,0 37.02866739306203,36.98888229866064,0 37.02869593029818,36.98898290876456,0 37.028775592441,36.98909399461308,0 37.02875174052716,36.98934227304625,0 37.0287598915618,36.98944307602765,0 37.02883373355623,36.98948477425085,0 37.02901629125957,36.98955525542995,0 37.02927915295065,36.98962811616941,0 37.02943055048841,36.9896559393902,0 37.02955921758408,36.98966022248874,0 37.02966419077432,36.98964857780299,0 37.0298663653228,36.98961462505854,0 37.03000939092045,36.98958884682344,0 37.03013342287716,36.98957243471065,0 37.03025384077709,36.98957138959559,0 37.03043950754719,36.98958971622959,0 37.03059478495125,36.98962210681057,0 37.03070411052882,36.98964875470176,0 37.03080981330231,36.98969076971055,0 37.03087907956566,36.98972390682957,0 37.03098739333278,36.98981804237801,0 37.0310822688912,36.98990769022612,0 37.03113418889016,36.98993024284201,0 37.0312012955368,36.98994499562234,0 37.03134656408771,36.98994373349974,0 37.03152951392318,36.98990227257821,0 37.0316608009093,36.98985665608131,0 37.03179933372392,36.98978184752912,0 37.03190919772757,36.98970729345914,0 37.03199039426227,36.98967465457412,0 37.03207579726872,36.98973486940761,0 37.03243473652649,36.98998476804147,0 37.03260264214086,36.99010291194769,0 37.03277600305947,36.99020030758059,0 37.0328221512797,36.99022061201172,0 37.03298609849301,36.99028833860305,0 37.0331833967291,36.99035333644911,0 37.03346229566138,36.99040955558163,0 37.03372370866281,36.99044523118439,0 37.03384848941326,36.99044874694462,0 37.03398446603066,36.99043146268267,0 37.03414619904845,36.99039395071305,0 37.03465936438401,36.99026884524918,0 37.03474880799727,36.99030939099011,0 37.03524225298911,36.99018701568865,0 37.03532803063266,36.99016939820877,0 37.03540447175984,36.990167192454,0 37.0355040964713,36.9901831891038,0 37.03567492969649,36.99023537557999,0 37.03580748307348,36.99028328612578,0 37.03591098462206,36.99030385653411,0 37.03601654988979,36.99033512764463,0 37.03614525985796,36.99038154679128,0 37.03619968971578,36.99030746365579,0 37.03632751035655,36.99030654597525,0 37.03694770292028,36.99015621485827,0 37.03736096372526,36.99007670003819,0 37.0378369540268,36.98997132863799,0 37.03803576186537,36.98993624440445,0 37.03819899646358,36.9899210091976,0 37.03831510633714,36.98991999357939,0 37.03840857040548,36.98993988192363,0 37.03849354311434,36.98996789259862,0 37.03857746693637,36.99002466285921,0 37.03862488195125,36.99003229068685,0 37.03869224442003,36.9900305587137,0 37.03874681826731,36.99003812925359,0 37.03878270606608,36.99004126437877,0 37.03880035013702,36.99007331322974,0 37.0388083445277,36.99013419699774,0 37.03881036076569,36.99017673018928,0 37.03879303307158,36.99018512457324,0 37.038663116,36.99019086400805,0 37.03842488840098,36.99024354913019,0 37.03812792009175,36.99033509050525,0 37.03795112659416,36.9904071702279,0 37.0378826440076,36.99043230444643,0 37.03782002771897,36.99046658337575,0 37.03777082734639,36.99050382293937,0 37.03775192461323,36.99051932395049,0 37.0377543754639,36.99055916465017,0 37.03776075819749,36.9906066460547,0 37.03778668509026,36.99068616164849,0 37.03788369685099,36.99069064759309,0 37.03796926921728,36.99070338973051,0 37.0380451181365,36.99065774277984,0 37.03819729813571,36.9906032629199,0 37.03833195497368,36.99057141356381,0 37.03867815854223,36.99053975663799,0 37.03898121214573,36.99052075221572,0 37.03901542878479,36.99060018415916,0 37.03904717736708,36.99068578460817,0 37.03909629292898,36.99073647259621,0 37.0391550869422,36.9907482192744,0 37.03935403613261,36.99075874956926,0 37.0395671091816,36.99069978637336,0 37.03969064480858,36.99057448845009,0 37.03979308085569,36.99042229710379,0 37.03986802645655,36.99031122680473,0 37.039953422614,36.99021847319599,0 37.04011472591577,36.99008416688931,0 37.04020443429431,36.98998510766151,0 37.04016399109955,36.98984006083957,0 37.04012354354772,36.98969501223547,0 37.04006500530327,36.98947927675233,0 37.03970271202716,36.98893155139323,0 37.03970968237049,36.98888241955115,0 37.03971097613405,36.98879039553517,0 37.03973986180911,36.98866542918725,0 37.03980201430526,36.98855038383852,0 37.03988452525021,36.98843312194647,0 37.04001033464647,36.98831343166592,0 37.0403494761141,36.98832477550034,0 37.04052312871334,36.98834982694162,0 37.04059725099273,36.98836554009869,0 37.0406563084346,36.98839773020087,0 37.04070776137797,36.98843204132376,0 37.04074930733076,36.98848892751218,0 37.04076563436793,36.98856442509052,0 37.04077951239347,36.98864813641908,0 37.04077626092125,36.98878310327883,0 37.04078823250099,36.98891385673535,0 37.04067401449228,36.98946780460668,0 37.04079452480551,36.98970800933903,0 37.04088718130978,36.98996072318403,0 37.04092444614597,36.99007693182315,0 37.04094199077053,36.99024238956751,0 37.04092806809916,36.99034269857319,0 37.04103986212184,36.99038282368819,0 37.04104768007065,36.99039502731805,0 37.04100797858817,36.99042757877321,0 37.04100654537537,36.99046285634076,0 37.04101862066241,36.99050721507731,0 37.04106331122463,36.99056050001379,0 37.0411730596788,36.99061780959969,0 37.04120193982701,36.99063289200996,0 37.04121953413182,36.99066186476828,0 37.04125099251073,36.99072599531647,0 37.04128585781066,36.99089896530824,0 37.04134438042855,36.99112540823209,0 37.04142721854082,36.99138255794315,0 37.0415773451617,36.99165267421339,0 37.04164649134145,36.99173929551451,0 37.04175732336218,36.99179864219324,0 37.04187771988452,36.99184256366917,0 37.04206452371799,36.99189612885858,0 37.04220250056736,36.99192149818017,0 37.0423251122597,36.99194086437203,0 37.04251362449588,36.99193307450766,0 37.0426968422958,36.99191102230594,0 37.04281612617388,36.99190219658628,0 37.04289774680645,36.99188384787839,0 37.04319093827312,36.99179539312593,0 37.04329390945311,36.99175283471873,0 37.04340559136263,36.99169587668637,0 37.0435098209133,36.99162902394814,0 37.04358905313176,36.99155165949028,0 37.04366998725653,36.99145894608154,0 37.04372111106467,36.99142321895128,0 37.04376305546653,36.99141519126015,0 37.04382613858905,36.99141463651744,0 37.04393166211332,36.99144283737264,0 37.04409876870609,36.99150116971184,0 37.04422586274396,36.99156906067704,0 37.04435564271579,36.99166988978866,0 37.04439462915994,36.99172475179524,0 37.04442408845652,36.99182876475936,0 37.0444202474588,36.99192080755244,0 37.04439907405875,36.99204979960226,0 37.04436549069462,36.99220344341735,0 37.04430112584525,36.99234303868791,0 37.0444539633766,36.99238765423927,0 37.04447266904539,36.99251288402635,0 37.044501088601,36.99260260476889,0 37.04456755093423,36.99274104883639,0 37.04465040585121,36.99283573276131,0 37.04475332195602,36.99290570828501,0 37.04506834575405,36.99303696677019,0 37.04537514947184,36.99310513558717,0 37.04589080234029,36.99321586501236,0 37.04619390122062,36.99329293419954,0 37.04635713171815,36.99334669314389,0 37.04640151137043,36.99337697335675,0 37.04660209930825,36.99347201090822,0 37.04662533800762,36.99349429599088,0 37.04668555654615,36.99352581682468,0 37.04670540233061,36.99350953840152,0 37.04673819159972,36.9934965986205,0 37.04677676756426,36.99348591446314,0 37.04681034314495,36.99348248272594,0 37.04687159367579,36.99348808040997,0 37.04696477909791,36.99347085952775,0 37.0470529316085,36.99348694942195,0 37.04729460066189,36.99354461761771,0 37.04757287878501,36.99362343583623,0 37.04768976466513,36.99364387417388,0 37.04777767849222,36.99364155915993,0 37.04787290997871,36.99361619210982,0 37.04793552178003,36.99358189713336,0 37.04803393535737,36.99348620981866,0 37.04815690869314,36.99334609504564,0 37.04826943944164,36.99316440821568,0 37.04830847789095,36.99308433388111,0 37.04833629027316,36.99302121356647,0 37.04837024184539,36.99298717509694,0 37.04843286958948,36.99295442230166,0 37.04845564056988,36.99294195618591,0 37.04849571897704,36.9929369996369,0 37.04855681830908,36.99293185377114,0 37.0486256785039,36.99293431978669,0 37.04869464911345,36.99294597180511,0 37.0487597701804,36.99295459425636,0 37.04881937695809,36.99298014370567,0 37.04888109143802,36.99301946043273,0 37.04896244649709,36.99309695007385,0 37.0490594715185,36.99320190366254,0 37.04925475981486,36.99336272352842,0 37.04937519286505,36.99350119229096,0 37.04946661047124,36.99361539293708,0 37.04965471707782,36.99394955125231,0 37.0497368560304,36.99408377557372,0 37.04980086071139,36.99415067765037,0 37.04983192948398,36.99419474128592,0 37.04989688510125,36.99426878375775,0 37.05000464849159,36.99435486925712,0 37.05008070732862,36.99438994969508,0 37.05018578894084,36.99442165569268,0 37.05028888941081,36.99445027954595,0 37.05039956213516,36.99446640192982,0 37.05052368917179,36.99447462734288,0 37.05069819978329,36.99448241023118,0 37.05092265945549,36.99445866470003,0 37.05105619919745,36.99444659766572,0 37.05113951421588,36.9944458598574,0 37.0512753539832,36.99446019793825,0 37.05140949061773,36.99449165270793,0 37.05152230375597,36.99452174104001,0 37.0516644303995,36.99457021928308,0 37.05173070924629,36.99459916452339,0 37.05179322243016,36.99463591367277,0 37.05188550779786,36.99472369520149,0 37.05194285441669,36.99480712793458,0 37.05198515522081,36.99492332789086,0 37.05198757940861,36.99495904889415,0 37.05197612801609,36.99497158835761,0 37.05161713641935,36.99507580150349,0 37.05153992504636,36.99509825292283,0 37.05148766327569,36.99510182270974,0 37.05145258448666,36.99508814210417,0 37.05135076044588,36.99501133291425,0 37.05127468118467,36.99497469288017,0 37.05120273384195,36.99495667856183,0 37.05111933944312,36.99495119993878,0 37.0510265256267,36.99496601681768,0 37.05093575721443,36.99498857888236,0 37.05088758210149,36.99500765607747,0 37.05085739386656,36.9950283850969,0 37.05086319720586,36.99519966664997,0 37.05086957927931,36.99529937159274,0 37.05103037622747,36.99529639802989,0 37.05108856541592,36.99530054292501,0 37.05117220001619,36.99532311759126,0 37.05127736224028,36.99536104267772,0 37.05137098967002,36.99540529063221,0 37.05160311834862,36.99551669866901,0 37.05174582718058,36.99560714572,0 37.05183017100818,36.99568100988469,0 37.05188131470393,36.99573651127368,0 37.05198568062127,36.99585681952957,0 37.05200759850491,36.99590015454159,0 37.05201794414504,36.9959482432928,0 37.05202935890431,36.99600332185061,0 37.05204591539201,36.99607985906907,0 37.0520566770566,36.99611084958359,0 37.05209068900152,36.99614163400495,0 37.05214090171068,36.99616996814009,0 37.05223748442062,36.99624164570851,0 37.05245149894161,36.99639725910242,0 37.05256390898801,36.99649159057789,0 37.05266330561975,36.99657982919097,0 37.05269504885105,36.99663342898022,0 37.05276462778013,36.99680690278879,0 37.05280196657593,36.99689154511935,0 37.05283632201103,36.99694719498986,0 37.05291184033531,36.99699004533545,0 37.05300788975237,36.99702235151709,0 37.05311951748095,36.99706073657552,0 37.0532025874459,36.99708902198714,0 37.05329117269425,36.99714211449725,0 37.05333836438146,36.99719143672777,0 37.05338333976961,36.99726771431099,0 37.05354365604209,36.9973593940733,0 37.05363670350369,36.99720974686205,0 37.05368345548523,36.99719331853219,0 37.05397125024508,36.99720018811681,0 37.05450426852305,36.99718979512952,0 37.05458646942658,36.99719000186138,0 37.0551337543582,36.99722873014514,0 37.05631538031125,36.99730984649979,0 37.05642424506321,36.99728486484759,0 37.05653269354085,36.99728354991819,0 37.05695409689103,36.99727131737583,0 37.05710093057633,36.99727472393678,0 37.0571892752253,36.9972946501737,0 37.05725049922154,36.99739111980864,0 37.05730336310384,36.99754841921279,0 37.05737904475922,36.9976997036014,0 37.05744083347714,36.9977518981988,0 37.05752096774828,36.99777252806002,0 37.057574095291,36.99776452558785,0 37.05778824204921,36.99761014505005,0 37.05787411834552,36.99757900380246,0 37.05800705573083,36.99757569239916,0 37.05812750097407,36.99758970208089,0 37.0581684740804,36.99732654847497,0 37.05857598059469,36.99785084838121,0 37.05869943151039,36.9978666507711,0 37.05887416551614,36.99769445848408,0 37.05905092087382,36.99756949303102,0 37.05919543244368,36.99745906050998,0 37.05905562330613,36.99735291495726,0 37.0587558176264,36.997199466536,0 37.05867197376996,36.99712321335224,0 37.0587196331329,36.99706698502495,0 37.05880338791263,36.99701043107954,0 37.05892637381296,36.99692385942443,0 37.05896796030957,36.99681046192845,0 37.0589559727855,36.99670813324441,0 37.0588985916504,36.99663518159072,0 37.05884022226041,36.99661733191839,0 37.05875078591013,36.9965828089826,0 37.05869061469715,36.99650953431173,0 37.05867166443477,36.99632791129144,0 37.05863094499789,36.99627082416799,0 37.05848999230174,36.99616956814116,0 37.0584668636637,36.99608186351653,0 37.05850829788753,36.99590818973525,0 37.05859278322865,36.99579064341461,0 37.05869542689289,36.99574074915537,0 37.05881418665435,36.9957246243921,0 37.05902095127826,36.99573156665313,0 37.05942191671623,36.99579852717961,0 37.0596793510534,36.99584646024856,0 37.05981379904467,36.99590721532653,0 37.05981957168901,36.99602270415176,0 37.05979666206012,36.99617695593292,0 37.05980779143685,36.99622709134218,0 37.05987125984444,36.9962868032807,0 37.06003752604344,36.99638411838871,0 37.06015483543449,36.99649504826871,0 37.06026121792864,36.99682689530036,0 37.06023728617841,36.99690748184319,0 37.06022799741996,36.99702812936422,0 37.06027961529053,36.99724995660041,0 37.06043399433216,36.99731765110499,0 37.06066104758484,36.99744143805639,0 37.0610662985761,36.99761168948088,0 37.06110047671419,36.99740934378079,0 37.06117511889672,36.99733026255392,0 37.06134232443733,36.99725742315191,0 37.06151788249245,36.99721558387311,0 37.06167426138075,36.99718804780268,0 37.06179243286325,36.99713612700383,0 37.06191041570271,36.99700651472134,0 37.06196899514033,36.99691274199151,0 37.0619968394607,36.99669844364164,0 37.0620502695822,36.99661390935184,0 37.06216930391142,36.99649698665582,0 37.06229934366011,36.99628601932307,0 37.06234541411837,36.99618266677599,0 37.06243188964889,36.9959834675421,0 37.06249382508913,36.99590719694076,0 37.06258937772992,36.99579834469511,0 37.06269044004409,36.99574720870952,0 37.06325263616854,36.99596649485447,0 37.06336715169988,36.99587731121024,0 37.06364760507624,36.99565888928933,0 37.0635218934574,36.99554840758783,0 37.06352045731443,36.99544528743419,0 37.06355784066852,36.99534746174594,0 37.06368511135874,36.9951902088726,0 37.06399088928276,36.99488724347414,0 37.06410570975765,36.99478448852585,0 37.06419388865739,36.99472859755062,0 37.06424554561193,36.99470764833798,0 37.06463919216184,36.99431077089523,0 37.06464200722014,36.99430956528251,0 37.06479825034616,36.99424258963232,0 37.06531415907344,36.99402144216236,0 37.06555497630463,36.99392391081567,0 37.065864526706,36.99351353341845,0 37.06595455961885,36.99337530908608,0 37.06603202227483,36.99325637892274,0 37.06572664138707,36.99268793216542,0 37.06535132192305,36.99203468647585,0 37.0654911629602,36.99154464754778,0 37.06572670099553,36.99094087050994,0 37.06583925868966,36.99068202354221,0 37.06590743008054,36.99045366620874,0 37.06599929681976,36.99013321333099,0 37.06609253044057,36.98972066175585,0 37.06613009317077,36.9894610031153,0 37.06618971103835,36.98904882183489,0 37.06622619483009,36.98885538490018,0 37.06625842695669,36.98868447251188,0 37.06626587377456,36.98842134139244,0 37.06628131643649,36.98797851056028,0 37.06619267856451,36.98810064271073,0 37.06576127838704,36.98824660560694,0 37.06575215595156,36.98824936901111,0 37.06530963077791,36.98838349136975,0 37.06504118073863,36.98845778720553,0 37.0647311208554,36.98854171297767,0 37.06437726755098,36.98859756136331,0 37.06391054569411,36.98863280803779,0 37.06328208484287,36.9886505889687,0 37.06298768124507,36.98868036516684,0 37.06285959074366,36.98871072754105,0 37.06258720625174,36.98884674194075,0 37.06272835435237,36.9882203126683,0 37.06284354929225,36.98786170854218,0 37.06262966355747,36.9877403016059,0 37.0621123691056,36.98754211246663,0 37.06140740936392,36.98725831361295,0 37.0615084657898,36.98717080365292,0 37.06075635554218,36.98666993095688,0 37.05980830423523,36.98603878416655,0 37.05985586945573,36.98596336218778,0 37.05952919355182,36.98568843153873,0 37.05911011836515,36.98536474009338,0 37.05890656844389,36.9855082809157,0 37.05816685378002,36.98524956199819,0 37.05770937326827,36.98492855779716,0 37.05782395699811,36.9847256006395,0 37.05786739836167,36.98455879286628,0 37.05787169739249,36.98441146303117,0 37.0578694636208,36.98425014777165,0 37.05792236416429,36.98411093567909,0 37.05802175364124,36.98400119497204,0 37.0580585813823,36.9839279976498,0 37.05806504343331,36.9838003074503,0 37.05795686299741,36.9834805709696,0 37.05792625676315,36.98345313129288,0 37.05792532431358,36.98345295218632,0 37.05772701178548,36.98347064263955,0 37.05760769871288,36.98338686540059,0 37.05749779787767,36.98300821743428,0 37.05745810146983,36.9826862340284,0 37.05734658221341,36.98259222692418,0 37.05728132779154,36.9823964656264,0 37.05714214631962,36.98217144445507,0 37.05696924895729,36.98183517246868,0 37.05681186651532,36.98171835333006,0 37.05671431261725,36.98161512074318,0 37.05665636022444,36.98155297451546,0 37.05653451616856,36.98140980393002,0 37.05644362209162,36.98132241523593,0 37.05629741519753,36.98125001644679,0 37.05618870631454,36.98120761113705,0 37.05609182084413,36.98112435179036,0 37.05598241590425,36.98095078771048,0 37.05586017188979,36.98078030034841,0 37.0557715932506,36.9806869184146,0 37.05559481580279,36.98055930441555,0 37.05550465722845,36.98042760776924,0 37.05546972020884,36.98036764946219,0 37.05537969172221,36.98025964898169,0 37.05530036269855,36.98013135734074,0 37.05518829442204,36.98000038141752,0 37.05502711931307,36.97982607277163,0 37.05497809480134,36.97971421689989,0 37.05497662108129,36.97960747984309,0 37.05503146262489,36.97951953002129,0 37.05514042372264,36.97943923196358,0 37.0551676394084,36.97939017515679,0 37.05521279696656,36.97924250910913,0 37.05523761595597,36.9790882263689,0 37.05523179650778,36.97906467077379,0 37.05511238413676,36.97893184440949,0 37.05493525408639,36.97875488416643,0 37.054765330805,36.97862155209376,0 37.05464515645262,36.97851217444739,0 37.05460033535059,36.97844535662392,0 37.05460958610449,36.97825957846988,0 37.0545960689378,36.97818114561395,0 37.0545853016034,36.97816915287256,0 37.05451207995551,36.97817602772786,0 37.05435643070538,36.97818350491157,0 37.05421711345915,36.97802396185953,0 37.05408210678478,36.97794303963079,0 37.05391149943479,36.97779911700201,0 37.05374616089301,36.97756763442449,0 37.05363626220289,36.97748879006524,0 37.05344668907107,36.97741499027729,0 37.05333352045107,36.97734738182641,0 37.05325787309544,36.97720999695746,0 37.05319134699894,36.97694920710457,0 37.05310909707008,36.97685373236941,0 37.05284701940352,36.97668814753217,0 37.05252769190893,36.97650738793984,0 37.05245589137812,36.97650269754068,0 37.05236353514045,36.97649658185898,0 37.05219609202878,36.97652359624789,0 37.05196358031738,36.97660730581177,0 37.05176738578102,36.97656718171771,0 37.05148252464795,36.97648169663054,0 37.05134587233768,36.97636336005696,0 37.05127330117594,36.97613250839623,0 37.05114943770768,36.97603530313975,0 37.05103508542007,36.97603631561289,0 37.05089449131224,36.97597953306261,0 37.05075436234182,36.97585985877782,0 37.05066083167576,36.97571761165014,0 37.0506612639908,36.97571638240444,0 37.05059340471083,36.97555996976834,0 37.05075124020685,36.97536456100318,0 37.05075009050873,36.97535992629817,0 37.05064021295428,36.97537128150632,0 37.05055834203863,36.97527508075594,0 37.05054516710026,36.97518427120514,0 37.05057295485345,36.97510286827605,0 37.0505977185888,36.97506062083435,0 37.05052036952387,36.97497831918258,0 37.05051859653459,36.97484933962016,0 37.0505655077309,36.97460133022651,0 37.05055796927718,36.9744702391724,0 37.05046387833725,36.97427073545314,0 37.0503456501038,36.9741183175195,0 37.05029588134832,36.97399598157321,0 37.05022612783021,36.97391206811751,0 37.05025295709014,36.97377342678951,0 37.05035749417626,36.97365833784144,0 37.05039993542921,36.9736263464949,0 37.05041083617552,36.97361317048864,0 37.05041010739082,36.9736094970727,0 37.05039096789088,36.97358277205242,0 37.05028827542979,36.97349613696834,0 37.05014403195059,36.97329196951956,0 37.05003510766353,36.97322986710004,0 37.0498332355391,36.97316567799344,0 37.04970089057645,36.97314414374914,0 37.04959894092153,36.97305556423991,0 37.04951982461016,36.97296259112696,0 37.04951451780587,36.97287643152831,0 37.04954538259885,36.97268379110941,0 37.04955030658154,36.97254253770956,0 37.04954014676289,36.97250401237159,0 37.04948514451564,36.97241811368482,0 37.04947252219606,36.9723831169735,0 37.04942566107626,36.97237682744693,0 37.04928808478527,36.97230828282883,0 37.04923308597387,36.97227160264019,0 37.04918985997722,36.97226244440471,0 37.04896259006508,36.97231827389964,0 37.04895996051606,36.97212667921758,0 37.04896112836293,36.97197644676309,0 37.04891293792075,36.97174103946475,0 37.04893733296705,36.97159240116648,0 37.0490112213386,36.97150639235726,0 37.04915376764956,36.97145846222173,0 37.0494250140788,36.97138947404453,0 37.04979386345069,36.97123473121442,0 37.05050527486245,36.97096064070821,0 37.05078653759558,36.97087647371432,0 37.05146017140688,36.97051039806509,0 37.05131918901944,36.97086267551834,0 37.05115430650474,36.97098666314209,0 37.05114126048908,36.97101038962061,0 37.05114313285522,36.97104332423849,0 37.05118032482774,36.97108931943308,0 37.05136232608228,36.97119457527427,0 37.05154285924274,36.97126262889937,0 37.05171149177936,36.97128631032045,0 37.0518743493813,36.97127109953095,0 37.05212068979416,36.9711991884439,0 37.05229389310176,36.97117655810136,0 37.05240301760576,36.97125181735454,0 37.05243941386598,36.97111632544669,0 37.0524578925949,36.9711061492285,0 37.05270219116353,36.97098195121954,0 37.05310550521492,36.97080736150254,0 37.05374819678321,36.97055877507875,0 37.05451220754148,36.97027494907363,0 37.05429896983667,36.96989497131965,0 37.05430569957104,36.96982763417727,0 37.05331094420758,36.96955089591791,0 37.05272234404361,36.9694420929968,0 37.05218518513855,36.96936900458822,0 37.05246868237891,36.96884155573839,0 37.05262769774567,36.96841039811118,0 37.05288352643512,36.96837683451039,0 37.05328239070287,36.96839358087005,0 37.05373579870759,36.96839554401684,0 37.05396269922024,36.96837917808725,0 37.05406861178601,36.96835800754842,0 37.05436268257496,36.96834271320758,0 37.05490074599674,36.96832484494981,0 37.05484449398178,36.96819773882654,0 37.05466341698843,36.96771100117773,0 37.05539490921395,36.96768152059077,0 37.05621879560172,36.96772752842445,0 37.05678898279723,36.96777120272636,0 37.05725390952009,36.96779729162598,0 37.05742819705549,36.96780127185088,0 37.05740346241145,36.96775686342034,0 37.05732442633258,36.96756718564102,0 37.05727014496124,36.96731780760614,0 37.05770453548471,36.96727626397796,0 37.05810021737521,36.967133784551,0 37.0585240794416,36.96709307782874,0 37.05878696387639,36.96704766018329,0 37.05890310061935,36.96702794396412,0 37.05880007595927,36.96658464247251,0 37.06019200104901,36.96733673548417,0 37.06051399902833,36.96758166662777,0 37.06069525520792,36.96757238852204,0 37.06074987495455,36.96727693289515,0 37.06078512450732,36.96708524516396,0 37.06078003206313,36.96700504906853,0 37.06077660615006,36.96675816290879,0 37.06074501468204,36.96626147235768,0 37.06074023623164,36.96584426120729,0 37.06072703885553,36.96546219930302,0 37.06103901441011,36.96562979373533,0 37.06129547623689,36.96574987594011,0 37.0616277476587,36.96588548771526,0 37.06182156635193,36.96595894120377,0 37.06197895597637,36.96599242913177,0 37.06206475941515,36.96602352613571,0 37.06224516676262,36.96607692091091,0 37.06226217318046,36.96609026639548,0 37.06325875269389,36.9661216330934,0 37.06331104974792,36.96648341331704,0 37.06366366553289,36.96631797488912,0 37.06407499643135,36.96612771705103,0 37.06456550207871,36.96586951738766,0 37.06450519998061,36.96578512926083,0 37.06435535828755,36.96558295381249,0 37.06403624397314,36.96508480294312,0 37.06435614121416,36.96483008108171,0 37.0647434511258,36.96462145675395,0 37.06471080790558,36.96445575730877,0 37.06459496963279,36.96414574833556,0 37.06475037672745,36.96410544044242,0 37.06487606611089,36.96394793333933,0 37.06501598756654,36.96374119872765,0 37.06517201424841,36.96346303603597,0 37.06531597092282,36.96321078734857,0 37.06555606347904,36.96281236068497,0 37.06580941541969,36.96237373784275,0 37.06599899958594,36.96206974800939,0 37.06618255045356,36.96178766237831,0 37.06643309693762,36.9613294404224,0 37.06686386235063,36.96060634227649,0 37.06688828081356,36.96058409592319,0 37.06709415382088,36.96039651168535,0 37.06757146570133,36.95996322633111,0 37.06829844075806,36.95921689020812,0 37.06858717771615,36.95890814937682,0 37.06870509388509,36.95878304305196,0 37.06961183753877,36.95779047044679,0 37.07029428573413,36.95703542807411,0 37.07035216375062,36.95697138988284,0 37.07060932628372,36.95704812007176,0 37.07072462711626,36.95710921643722,0 37.07082406918104,36.95722347860015,0 37.07088969521352,36.95739284001066,0 37.07091911851149,36.95746965001079,0 37.07092283554343,36.95747049950939,0 37.07099488459395,36.9574800314548,0 37.07112203286742,36.95748222197811,0 37.07132451969541,36.95753704203985,0 37.07140556891746,36.95764273312094,0 37.07143128762278,36.95773652686897,0 37.07144393348348,36.9578011996754,0 37.07146703974554,36.95790726398673,0 37.07148702342256,36.95796227083903,0 37.07149885833145,36.95797387041083,0 37.07151808879015,36.95798217209444,0 37.07159740498597,36.95799378617772,0 37.07176672721224,36.95802156708332,0 37.07186568445947,36.95805314384452,0 37.07196157200383,36.95807638293778,0 37.07212903644509,36.95815117858494,0 37.07232164773322,36.9583092971498,0 37.07248659663814,36.95862047340611,0 37.07261164637914,36.95880910558331,0 37.07260957166155,36.95892438233319,0 37.07254327805145,36.95909731315873,0 37.07244160711725,36.95925479160834,0 37.07242001128075,36.95931035044273,0 37.07241897739533,36.95935503716852,0 37.07248916486249,36.95940749814628,0 37.07249874017019,36.95940334253773,0 37.07274065455403,36.95943143581081,0 37.07288038619434,36.95956712300349,0 37.07304806469399,36.95973592313022,0 37.07305554631305,36.95968786589364,0 37.07307560641591,36.95956770513683,0 37.07309062631207,36.95947595300198,0 37.07312975525979,36.9593346273581,0 37.07319440732042,36.95914753582642,0 37.07331283058373,36.95886997268936,0 37.07339763936792,36.95866633586006,0 37.07341789673401,36.95861627090321,0 37.0734854207857,36.95846589422585,0 37.07354554842912,36.95833716259722,0 37.07365127011148,36.95808899068349,0 37.0737367229978,36.95790639977881,0 37.07382361970183,36.95771071979367,0 37.07386377039098,36.95761224553097,0 37.07391013147014,36.95750892693274,0 37.07396503464049,36.95739506992466,0 37.07405236036393,36.9572687068498,0 37.07413573322845,36.95717028842548,0 37.07419693415694,36.95709844771324,0 37.07436884848591,36.9569216156826,0 37.07449495404677,36.95680698799298,0 37.07464766224437,36.95669398816673,0 37.07474245976432,36.95663557681866,0 37.0749093562356,36.95658501316748,0 37.07499329105771,36.95652670176088,0 37.07505125775376,36.95647646810842,0 37.07508661307239,36.95644083605337,0 37.07513757582886,36.95632742685712,0 37.07514286433383,36.95618218643492,0 37.07514627292044,36.95598987803957,0 37.07515979253768,36.95582102058059,0 37.07517973466354,36.95558735227908,0 37.0751974501808,36.95536940753732,0 37.07522641516772,36.95516901418759,0 37.0752659676744,36.95493909682296,0 37.07526890354519,36.95464068021638,0 37.07525495720392,36.95444089528018,0 37.075239642032,36.95429195608276,0 37.07523156066729,36.95419093562322,0 37.07519725814978,36.95402466284782,0 37.07514165584529,36.95377925852038,0 37.07506539744349,36.95357197156886,0 37.07487516030229,36.95350179221749,0 37.07472169042687,36.95351122230608,0 37.07414546649605,36.95365991696361,0 37.07365840168747,36.95381756280334,0 37.07342115639907,36.9539193111001,0 37.07293540498305,36.95417080218775,0 37.07261581512798,36.95435757308614,0 37.07236173023155,36.95450863241927,0 37.07229953948056,36.95454781285898,0 37.07209750660166,36.95467510412708,0 37.07192485228682,36.95478330700584,0 37.07181851288734,36.95484762483889,0 37.07175445393973,36.95488636592954,0 37.07160113736519,36.95496113081019,0 37.07141015673943,36.95501662140261,0 37.0712305500364,36.95505903222423,0 37.07065663184839,36.9551825626886,0 37.07045612058005,36.954942099281,0 37.07031812717673,36.95473908168776,0 37.07026572285341,36.95462645304383,0 37.0701123776367,36.95414655437636,0 37.07007040619862,36.95393313076994,0 37.07007048276759,36.95384552143246,0 37.07016083895639,36.95370912500774,0 37.0702106345583,36.95357906081816,0 37.07021201444244,36.95341579155505,0 37.07019556407845,36.95290049132011,0 37.07020115114764,36.95247399590561,0 37.07023468202582,36.95189891305454,0 37.07026723515964,36.95158341943144,0 37.07004730555457,36.95140890648382,0 37.06999711900246,36.95139297771571,0 37.0698925695103,36.95138503185528,0 37.06978213068312,36.95140888821185,0 37.06971574969668,36.95141456453036,0 37.06965381066636,36.95139861173989,0 37.06958198883093,36.95135480830774,0 37.06954450853611,36.95127767578731,0 37.06955080873919,36.95116204368839,0 37.06954481519046,36.9510731950807,0 37.06951224988402,36.95100744533901,0 37.06946746864279,36.95097355846939,0 37.06940864117983,36.95095376790029,0 37.06931633383872,36.95092918969484,0 37.06919276578804,36.95083409771991,0 37.06911999004892,36.95080713052227,0 37.06910151169979,36.95084349371122,0 37.0690950826034,36.9508930838935,0 37.06908070617818,36.95096846328091,0 37.06905737517776,36.95099724730356,0 37.06900677305642,36.95102818345121,0 37.06891107873961,36.95105952550049,0 37.06879715509715,36.95106055097276,0 37.06872817291887,36.95104974298885,0 37.06867057123721,36.95100453873287,0 37.0686235752176,36.95086875055905,0 37.06855179862504,36.9507731395436,0 37.06830224114448,36.95055263380743,0 37.06807304982496,36.95035332436404,0 37.06789164401647,36.95025561198577,0 37.067687797384,36.95016261534548,0 37.06750677056855,36.95009199161893,0 37.06743390435299,36.9500977069367,0 37.06725690308718,36.95017073828141,0 37.06692207540715,36.95038366032968,0 37.06666558124896,36.95011806379717,0 37.06636103719507,36.94985361362912,0 37.06611522808937,36.94965771856053,0 37.06592413004132,36.94946977286544,0 37.06576222463227,36.94935833580461,0 37.06564073733102,36.94932104153629,0 37.06538074134299,36.94923531883178,0 37.06528428117721,36.94921097294979,0 37.06516797889552,36.94920900316011,0 37.06515496645131,36.94908267962769,0 37.06509686906214,36.94895073969859,0 37.06501252344256,36.94874792636054,0 37.064937186674,36.9486464215312,0 37.06487818378545,36.94853817271151,0 37.0648603841413,36.94843944606575,0 37.06485741203043,36.94826271439222,0 37.06486170965002,36.94812917677481,0 37.06485382346197,36.94796814574705,0 37.06481106087524,36.94792052504376,0 37.06491499119266,36.94770735689342,0 37.06489525365507,36.94750206819914,0 37.06491326301938,36.94734579853348,0 37.06485685975067,36.94733696588811,0 37.06467113160593,36.9472920633379,0 37.06459049796563,36.9472550900617,0 37.06456225442309,36.94721099373925,0 37.06458296532962,36.94711102433359,0 37.06459268819886,36.9470155847815,0 37.06456808967841,36.94683618881574,0 37.06456376317303,36.94673857934483,0 37.06452598644079,36.94640629831856,0 37.06448404049434,36.94617162180815,0 37.06394505839602,36.94683608880193,0 37.06360409025568,36.947419278753,0 37.06310701530912,36.94770390507625,0 37.06272180216865,36.94776339105633,0 37.06258159209901,36.94772179558791,0 37.06266558257888,36.9475595277178,0 37.06281194172631,36.94745273950581,0 37.06293494875379,36.94743845438764,0 37.06288060633091,36.94736971877325,0 37.0616623093542,36.94717625070705,0 37.0615997104961,36.94710429408197,0 37.06143427383716,36.94702007076261,0 37.06129319928019,36.94691585149358,0 37.06122949924443,36.9467647979703,0 37.06130518593519,36.94659601317215,0 37.06135591404745,36.94640437738367,0 37.06135121589226,36.94636156917188,0 37.06147398084069,36.94603414407896,0 37.06143118356468,36.94590927294237,0 37.06144157863887,36.94577073951177,0 37.06152630122244,36.94566120595351,0 37.06145384115699,36.94547067123901,0 37.06141154719317,36.94538205102658,0 37.06131103209711,36.94524121284859,0 37.0612657275132,36.945231727846,0 37.06149183433064,36.94481920773165,0 37.06147582740945,36.94472769806658,0 37.06147807342645,36.94462419448804,0 37.06152497233882,36.94455281597111,0 37.06160112560923,36.94446639332789,0 37.06169864111556,36.94432656378152,0 37.0618444838272,36.9442188172359,0 37.06191189308537,36.94414026844301,0 37.06199330934896,36.94403476655876,0 37.06210335962577,36.94390239698378,0 37.06228557323335,36.9437444371966,0 37.06254648764291,36.94358410603559,0 37.06266737448389,36.9433941773715,0 37.06270452859739,36.94324010274239,0 37.06273091581295,36.9427091513467,0 37.06281489919603,36.94232478048819,0 37.06287300758531,36.94226512645833,0 37.06294240789236,36.94222311115652,0 37.06301135638889,36.94214858104602,0 37.0631163959306,36.94202050832052,0 37.06320997760484,36.94186296749977,0 37.06318644205678,36.94175969647976,0 37.06308098159646,36.94159211402826,0 37.0630163151348,36.94144485978499,0 37.06298549588273,36.94134756839235,0 37.06300267999087,36.94125871542307,0 37.06299028662936,36.94120631148628,0 37.06284630778411,36.94118782397281,0 37.0627066545634,36.94118577593946,0 37.06255464747107,36.94118054404695,0 37.0624545456083,36.94106936732,0 37.06221867692324,36.94095254798782,0 37.06202856032534,36.94080447435248,0 37.06198031982422,36.9406764415378,0 37.06199624308992,36.94054843141383,0 37.06205870169465,36.94037264242844,0 37.06207547060734,36.9402388508099,0 37.06203988109726,36.94006600927228,0 37.06199552609662,36.93997849787392,0 37.06179291254472,36.93972723220075,0 37.06178144399384,36.93961811147882,0 37.06175021253651,36.93951982324243,0 37.06159177487354,36.93934275460993,0 37.06158881863018,36.93912966329514,0 37.06155655299892,36.93895679365967,0 37.06166350936896,36.9387720254877,0 37.06176043151969,36.93858201632699,0 37.06185217987223,36.93833709660201,0 37.06190248223603,36.9380676730619,0 37.06199644046645,36.9378282262437,0 37.06195194489831,36.93773752092694,0 37.06222861382467,36.93728363033286,0 37.06238723940464,36.93711140686406,0 37.06250646844761,36.93684996782792,0 37.06266446285275,36.9365487338946,0 37.06297996415785,36.93638442265302,0 37.06313747088976,36.93635039480898,0 37.0635203156552,36.9362635533226,0 37.06419149005659,36.93602226097102,0 37.06440184662018,36.93591361058544,0 37.06473350348674,36.93562858601599,0 37.06500160908934,36.93548726020153,0 37.06526845026283,36.93526645462337,0 37.0654550149774,36.93509997023995,0 37.06565462924412,36.93498610864669,0 37.06594410627217,36.93483847443331,0 37.06606229622258,36.93477478889095,0 37.06625042363645,36.93472035985614,0 37.06644606361564,36.93461641892618,0 37.0667362749826,36.93452151997686,0 37.06701878032821,36.93446294414528,0 37.06725649202845,36.93443114387848,0 37.0674207581385,36.9344329618287,0 37.06786342783549,36.93437624579599,0 37.06838829087987,36.93432537720226,0 37.06839705814419,36.93436485435834,0 37.06849462424395,36.93429475085949,0 37.06850242083299,36.93426501819969,0 37.06881856003741,36.9339688065416,0 37.06923858655581,36.93346729918614,0 37.07037965563429,36.93226378369597,0 37.07050471152097,36.93210444143563,0 37.07058719340592,36.93213006623414,0 37.07059626079766,36.9320930415056,0 37.07044784776347,36.93199859779573,0 37.07019809916035,36.93178698464764,0 37.06995141817125,36.93156090852099,0 37.06976452456006,36.93140252076809,0 37.06959788119755,36.93128987499669,0 37.06948674547999,36.93117279157237,0 37.06922286001901,36.93100197695316,0 37.06908856357337,36.93089756676073,0 37.06890592551391,36.93078776531491,0 37.0687622351472,36.93070197206376,0 37.06866651613294,36.93062829140313,0 37.06858523408498,36.93060097850182,0 37.06848954506237,36.93059519687289,0 37.06841417364084,36.93059587492738,0 37.06833364599889,36.93055674411599,0 37.06822946805998,36.9304698595258,0 37.06816372066442,36.93043576047113,0 37.06804290102727,36.93047375039381,0 37.0679099081418,36.93050668123447,0 37.0677095220241,36.93046420170263,0 37.06759297848886,36.93045737779676,0 37.06750869974513,36.93047879820006,0 37.0674320687098,36.9305208162714,0 37.06733035435251,36.93052271794352,0 37.06723802297405,36.93049402569154,0 37.06709493735192,36.93042937979863,0 37.0669682768834,36.930400011822,0 37.06687347663051,36.93037035751779,0 37.06678468940373,36.93033179361656,0 37.06664742571044,36.93024544627684,0 37.06647241943179,36.93017715051467,0 37.06618676947559,36.93008525095527,0 37.06601930267311,36.93011824406501,0 37.06592596597938,36.93010530294008,0 37.06577675988167,36.93010008231121,0 37.06565625293707,36.93007262559824,0 37.0655105952091,36.92999914534244,0 37.06541921666762,36.92995076059466,0 37.06523651706178,36.92985793516312,0 37.0650955543749,36.92976964948684,0 37.06495920309892,36.92966066122777,0 37.06474671891196,36.92945296599556,0 37.06460794399582,36.92934596513763,0 37.06447929455355,36.9292615059244,0 37.06434642535202,36.92922628709444,0 37.06410403243145,36.92915957560984,0 37.06399552455539,36.92911331651286,0 37.06384939456792,36.92909395905698,0 37.063701331084,36.92911201589957,0 37.06350648026604,36.92911474297439,0 37.06335242715024,36.92914269247787,0 37.06320670723374,36.92915285254902,0 37.06309762916231,36.9291538289519,0 37.06281380864931,36.92907535209742,0 37.06243343835838,36.92895869938987,0 37.06237376317995,36.9288982222116,0 37.06226986725644,36.9286541263337,0 37.06218291307083,36.92848269717953,0 37.06206299427095,36.928231855864,0 37.0620004543204,36.92805332061442,0 37.0619852409516,36.92792848102463,0 37.06189198591871,36.92774431666061,0 37.06182149370087,36.92752255333968,0 37.06170450116509,36.9272175611699,0 37.0617149216308,36.9269084835391,0 37.06166669263377,36.92683900037509,0 37.06167209525401,36.92677699227367,0 37.06173812894009,36.92651049489981,0 37.06175267981839,36.92630276827642,0 37.06173909576917,36.92603056531066,0 37.06170944368584,36.92593461442971,0 37.06166634171996,36.92565509205427,0 37.06162714111098,36.92534229863521,0 37.06157254888151,36.92517659325287,0 37.0614058295077,36.92493841824941,0 37.06108405243226,36.92467538072011,0 37.06099339841909,36.92457997458023,0 37.06099637064418,36.92448023057447,0 37.06094262767866,36.9243757472661,0 37.06081521992251,36.92414421417904,0 37.06078494128337,36.92398354075105,0 37.0608951391924,36.92381825535219,0 37.06113347544019,36.92356421418813,0 37.06140243523996,36.9233186408865,0 37.06169572580416,36.92309909530034,0 37.06212483913526,36.92309001113108,0 37.06220361207777,36.92309187649634,0 37.06198056655404,36.92185616607809,0 37.06203983192859,36.92165183290147,0 37.06204438147682,36.92158880156082,0 37.06251015738898,36.92102948952399,0 37.06267041172252,36.92085428463007,0 37.06273144974677,36.92085645610022,0 37.06274595690957,36.92081748740448,0 37.06274552902112,36.92078665727139,0 37.06277973750314,36.92066105285883,0 37.06282740259953,36.92050448865785,0 37.06289460397682,36.92028346413705,0 37.06301811009448,36.92005734393289,0 37.06315036202611,36.91981408571874,0 37.06326112399353,36.91967275198697,0 37.06343374048836,36.91947264928404,0 37.06349697853609,36.91938920082408,0 37.06357588337039,36.91934476091492,0 37.06362670464257,36.91931719321945,0 37.06374997534043,36.91915525531812,0 37.06414277450018,36.9188637970645,0 37.06463577995996,36.91861579095114,0 37.06465951162955,36.91859895925699,0 37.06527608403535,36.91875437694739,0 37.06566527431789,36.91885565110163,0 37.06589729709188,36.91891326927635,0 37.0660657144566,36.91892225328553,0 37.06645182290761,36.91895552496793,0 37.06670528500295,36.91896833984162,0 37.06715013795424,36.91908350800847,0 37.0673864660849,36.91903798635018,0 37.06765994372878,36.91897252885383,0 37.06788184047614,36.91902170120327,0 37.06793200001689,36.91927906788078,0 37.06807884285988,36.91935057047367,0 37.0682470369971,36.91928361644189,0 37.06848903169042,36.91954319593958,0 37.06837722588387,36.9196265387389,0 37.06917288786646,36.91975605799644,0 37.06951457395213,36.91974454445875,0 37.07010572696242,36.91971647764497,0 37.0704965866183,36.91985553250838,0 37.07081030402856,36.9201924773071,0 37.07081252291085,36.92035107009005,0 37.0714847396467,36.92050331357908,0 37.07151028764938,36.92051882986625,0 37.07171927038162,36.9203670943886,0 37.07230382371458,36.91992796659199,0 37.07215364842037,36.91961023509784,0 37.07308665273813,36.91933356534329,0 37.07301383327999,36.91913114988085,0 37.07283521763016,36.91868732003623,0 37.07289778827955,36.91860475389049,0 37.07286812504684,36.91831245616169,0 37.07285370705524,36.91817243520106,0 37.07285127285912,36.91799868239771,0 37.07411493805473,36.91810155677314,0 37.07425455310649,36.91809267670907,0 37.07492530684473,36.9180610547899,0 37.07525351934682,36.91804995308038,0 37.07529028916192,36.91790962404176,0 37.07566468559797,36.91783396274445,0 37.07571094312869,36.91783147863093,0 37.07575473096443,36.91765350128455,0 37.07635047124253,36.91777406227541,0 37.07688768751772,36.91757642057834,0 37.07772171582941,36.91726750549884,0 37.07829195387049,36.91705543300851,0 37.07881755951377,36.91685575433988,0 37.07938418627201,36.91665270551609,0 37.07992832537264,36.91644386106307,0 37.08044485543061,36.91626374925763,0 37.08083152919522,36.91614329141176,0 37.08085463177846,36.91610000379406,0 37.08103259660185,36.91601838006736,0 37.08109040896456,36.91598998984183,0 37.08110527643018,36.9160123267168,0 37.08112351263246,36.9161146335602,0 37.08111843623372,36.91615153631488,0 37.08122508715822,36.91609801634082,0 37.08137959717877,36.91594080205072,0 37.08151545953819,36.91583769059871,0 37.08159220375798,36.91577586819695,0 37.08167178225819,36.91570322896079,0 37.08178047602523,36.91557879346642,0 37.08187927125971,36.91549060356355,0 37.08188420262741,36.91544449516635,0 37.08190685883776,36.91523255825661,0 37.08201315407482,36.91466025758486,0 37.08211337877837,36.91406933150266,0 37.08214385969156,36.91369822837627,0 37.08209792934225,36.9133748399279,0 37.08197077852578,36.91242533764712,0 37.08186339451331,36.91159396839819,0 37.0817780622079,36.91104261228381,0 37.08166134975879,36.91009923865749,0 37.08164144446433,36.90978806896697,0 37.08197127689625,36.90961842670909,0 37.08238689612323,36.90939747278193,0 37.08235686381471,36.90933002703557,0 37.08282375737956,36.90913662528227,0 37.08372861288682,36.90876059010068,0 37.08380057232539,36.90829757552898,0 37.0838288136028,36.90830593912482,0 37.08386876904795,36.90820137163686,0 37.08391444963909,36.90803895488062,0 37.08417005556126,36.90806989818342,0 37.08433615173205,36.9080946496294,0 37.08440512833214,36.90811416028927,0 37.08459630138565,36.90813868605772,0 37.08478170426046,36.90814049645417,0 37.08486887998832,36.90813619707792,0 37.08488725257608,36.90812464721579,0 37.08490097007024,36.90809212014844,0 37.0849103665026,36.90802417258438,0 37.08494691998529,36.90783352417251,0 37.08500802523515,36.90783646576359,0 37.08521166596316,36.90784277996466,0 37.08544748588699,36.90786280933147,0 37.08582031885966,36.90790727131398,0 37.08595874071469,36.90792818987783,0 37.08601234441317,36.90781211123884,0 37.08607402631208,36.90765042321258,0 37.08613641261611,36.90743618663087,0 37.08616522007676,36.90731449761902,0 37.08618586378117,36.90712982949977,0 37.08620261354267,36.90697789431429,0 37.08626366852567,36.90697733604186,0 37.08635969789692,36.90698229671855,0 37.08653737922677,36.90700401975194,0 37.08666114820139,36.90702335592859,0 37.08682507434828,36.90704900318374,0 37.08722376568788,36.90709702124207,0 37.08738772062991,36.90712238092009,0 37.08759773272769,36.90714900728332,0 37.08800145675589,36.907218868577,0 37.08804868021738,36.90714709807007,0 37.08802490302767,36.90685483835312,0 37.08801992443737,36.90674761564976,0 37.08833403038959,36.90675174137142,0 37.08898072984264,36.90673180628018,0 37.08947636336033,36.90672142392679,0 37.08947243397618,36.90669222627309,0 37.08943190664431,36.90652621892051,0 37.08933784321447,36.90601392225493,0 37.08925517776635,36.90556944758016,0 37.08921030234732,36.90524715124373,0 37.08919832429184,36.90511332704526,0 37.08920842494403,36.90507563177613,0 37.08939159395324,36.90504758386768,0 37.09007730029296,36.90499095572495,0 37.09067661762918,36.90493346787459,0 37.09129891774005,36.90485224485133,0 37.09166106478948,36.90481656080036,0 37.0918244255602,36.90481235997371,0 37.09188262023803,36.90481182511288,0 37.09193288163718,36.90480399254736,0 37.09224176741039,36.90376562751045,0 37.093147397543,36.90327149604735,0 37.09408744187035,36.90277277521427,0 37.09503583225132,36.90223635118266,0 37.09519710001409,36.90224295242938,0 37.09552766535997,36.90226956714736,0 37.09562307069522,36.90228846358471,0 37.09566661720564,36.90230611903293,0 37.09610556995644,36.90211150301865,0 37.09681311105999,36.90181013638391,0 37.09746871421653,36.90152962172943,0 37.09832887162646,36.90115252290708,0 37.09862033466032,36.90102817888812,0 37.09873119640104,36.90098880221611,0 37.09882051733174,36.90095055456263,0 37.09901798650965,36.90087181787772,0 37.09922202435125,36.9007759631983,0 37.09931997224645,36.90071658590232,0 37.09948549927848,36.90083617154463,0 37.09955655825438,36.90089607170653,0 37.09968340784985,36.90085730936487,0 37.09980493685033,36.90081024340351,0 37.09986186473657,36.90079092406791,0 37.09985794357129,36.90069907842425,0 37.09984891624576,36.90061354595798,0 37.09987386578424,36.90054022894797,0 37.09990204262404,36.90051073078766,0 37.09997196940406,36.90049128744814,0 37.09999760590987,36.90046599366139,0 37.10000154318334,36.9003782534292,0 37.10002673224335,36.90032163694652,0 37.10005009825449,36.90027933070737,0 37.10004168838788,36.90020305894019,0 37.10003081265261,36.90015852518996,0 37.10009179370574,36.90012741851393,0 37.10020542188504,36.90009582786962,0 37.10033637297072,36.90004880206275,0 37.10036977218981,36.90003205214602,0 37.10037060201208,36.89988638779516,0 37.10037824886585,36.89980762099196,0 37.10035931701309,36.89971147761084,0 37.10032904153627,36.89964010465365,0 37.1003221463252,36.89961432637666,0 37.10060169326491,36.8992927307203,0 37.10063789700302,36.89925130559971,0 37.10086177863725,36.89899262820053,0 37.10125262685991,36.89877577218849,0 37.10152824525726,36.89865246359928,0 37.10209547672096,36.89882298540613,0 37.10247983958928,36.89903061290406,0 37.10300007513415,36.89949845543733,0 37.10399667646469,36.90036131092916,0 37.10392957389278,36.90065770788079,0 37.10380587851343,36.90098902370311,0 37.10363518423996,36.90122906169493,0 37.10355339667021,36.90129860223018,0 37.1034575619521,36.90138432809884,0 37.10345318112316,36.90168344901323,0 37.1034706104985,36.90177872636928,0 37.10348246371782,36.90182117467744,0 37.10354465379488,36.90192076676412,0 37.10374767474442,36.90192603505637,0 37.10618269840632,36.90252736577512,0 37.10716546895634,36.90313695631009,0 37.10992091029215,36.90340219166903,0 37.11257965445024,36.90450173004199,0 37.11385626588352,36.90500516363949,0 37.11394603669476,36.9050538615682,0 37.11424328080474,36.90516354107742,0 37.11514480485484,36.90549716502603,0 37.11570422841784,36.90571215929511,0 37.11594935142399,36.90584887608528,0 37.11685030596804,36.90640898703681,0 37.11700254048492,36.90617793792333,0 37.11757683225733,36.90621158804122,0 37.11816464139528,36.90623885847422,0 37.11879926713937,36.90627505959586,0 37.11939090480587,36.90629760244427,0 37.11973756035849,36.90632713720075,0 37.12062416401672,36.90643592940894,0 37.12131571948282,36.90650750660038,0 37.12271477875285,36.90667704842264,0 37.12298195299161,36.90659173480191,0 37.12366656592749,36.90632284350447,0 37.12371349611514,36.90633958076832,0 37.12377766553382,36.90637670603402,0 37.12478774831527,36.90664491071178,0 37.12529954455802,36.90678389617429,0 37.12550413576169,36.90683063796972,0 37.1255736719829,36.90680453174711,0 37.12619819318523,36.90655133467129,0 37.12638345286321,36.90650144786322,0 37.12726183522258,36.90636698914813,0 37.12829685925217,36.90620448062496,0 37.12892986172536,36.90610718705364,0 37.12909489530498,36.90608736337254,0 37.12919156929021,36.90605657476552,0 37.13019762237465,36.90575159920005,0 37.13126752394229,36.90543273472858,0 37.13188479838213,36.90525093626515,0 37.1325966546239,36.90503670346111,0 37.13345563371402,36.90477957135496,0 37.13429784263113,36.90453034400258,0 37.13532403585156,36.90423951364014,0 37.13586725616188,36.90408163848733,0 37.13626645839847,36.90396226429181,0 37.13642516288418,36.90390173483834,0 37.1381834364944,36.90443737623854,0 37.14070634644091,36.90320076511573,0 37.14324287633057,36.90119610837316,0 37.14752757117055,36.89776330974671,0 37.14766490781907,36.89529901657436,0 37.14967199993113,36.89484199971051,0 37.15027199970939,36.89393900045111,0 37.15081599985226,36.89303499978144,0 37.15100600044835,36.89199299993767,0 37.15177699962546,36.89117899965854,0 37.1517935483761,36.89117146866246,0 37.15184661828731,36.89111542982153,0 37.152956469599,36.89061024756024,0 37.15452299987733,36.88897800035085,0 37.1546529337956,36.88846596980211,0 37.15470428471605,36.88847592021031,0 37.16727372609608,36.89708682902049,0 37.17003121535642,36.8970195437492,0 37.17003752917518,36.8970204943429,0 37.17010915299811,36.89701874462802,0 37.17441334862306,36.89767859557338,0 37.17525519058441,36.90030396660546,0 37.18313605112551,36.89612888554375,0 37.1851245768752,36.8949550025058,0 37.1842766007836,36.89486146996578,0 37.18515713741598,36.89448461652111,0 37.18713894384055,36.89376151163664,0 37.18847010087125,36.89332058209976,0 37.19128277830649,36.89242592412511,0 37.19409635923982,36.89159308173185,0 37.19553011360852,36.8894635441341,0 37.19649908225401,36.88874190961912,0 37.19663149929126,36.88864370122078,0 37.19761592419955,36.8879201485627,0 37.19977302298374,36.88741883975578,0 37.20097421564428,36.88711833062947,0 37.20357941634494,36.88591154781803,0 37.20692503670331,36.8841952993125,0 37.20900853387438,36.88296159228888,0 37.21052485569489,36.88149873013001,0 37.21245199224607,36.87946955765995,0 37.21550847157972,36.87806819853525,0 37.21703532195696,36.87673162388092,0 37.21851754746659,36.87479122392983,0 37.21977023901282,36.87657008445468,0 37.2200730871923,36.87801439515358,0 37.22110534912733,36.87967605005164,0 37.22223261633222,36.88125943553942,0 37.2228776080543,36.88221540270597,0 37.22320408746032,36.88294277849176,0 37.22409622868071,36.88568087504112,0 37.22457546010872,36.88720766792178,0 37.22546219269366,36.88827224591111,0 37.22758537144482,36.88808848849577,0 37.23095420204231,36.88755534566394,0 37.2321988008512,36.88747004244455,0 37.23235639509326,36.887378970657,0 37.23366295797381,36.88719079896742,0 37.23386329986227,36.88712057652822,0 37.2351412034217,36.88712859498499,0 37.23577664247525,36.88707939806752,0 37.23665092256928,36.88687855475492,0 37.2387675431832,36.8864572366685,0 37.23946613989642,36.8866256322459,0 37.24007696120066,36.88652982140093,0 37.24057667724673,36.88718579696977,0 37.24192150093722,36.88772433911845,0 37.2430769423029,36.88835428458538,0 37.243787442052,36.8885193312468,0 37.24461610090377,36.88885882056635,0 37.24558739521206,36.88941081277559,0 37.24693382297798,36.88979915844445,0 37.24755198491921,36.88966490003158,0 37.24818169078917,36.8899114024912,0 37.24878079206184,36.88883166339772,0 37.24895968109988,36.88701689064995,0 37.24897121106011,36.88542518623565,0 37.24836436635979,36.88341315927764,0 37.24900680225764,36.88208126297302,0 37.24881682844985,36.88167004466111,0 37.2490474850905,36.88089256181046,0 37.25257873306904,36.87996604104627,0 37.25766795323786,36.8779376301777,0 37.25847167077155,36.87586099847208,0 37.25848388197554,36.87406156973529,0 37.25863392229408,36.87398929221029,0 37.25890897842572,36.87397762220565,0 37.25924416035874,36.87397626205917,0 37.25948032226269,36.87396317918618,0 37.25940220427871,36.87384737290682,0 37.25945534321212,36.87376808403355,0 37.25957136515837,36.87376102274831,0 37.25967640550271,36.87374824623168,0 37.25986304068143,36.87362088789877,0 37.25992663151467,36.87351524430976,0 37.26002809075161,36.87350542122018,0 37.26031113012193,36.87350242144141,0 37.26068937537535,36.87355089474703,0 37.26122045811563,36.87362398846408,0 37.2611565028683,36.87289840738658,0 37.26771122404097,36.87131297367978,0 37.27269836574946,36.87003455342231,0 37.27333053266935,36.86996982464016,0 37.2732272919753,36.86902516029273,0 37.27314068806461,36.86849180058652,0 37.27309156265468,36.86824409048969,0 37.27300850914794,36.86804770841407,0 37.27480190636512,36.86453358127291,0 37.27583572557636,36.86247791556987,0 37.27688039353372,36.86038606266482,0 37.27880667814694,36.85650924400855,0 37.28047856284547,36.85636270595823,0 37.28195027490084,36.85622015265284,0 37.28211575094629,36.85620634778572,0 37.28216176816049,36.85620585135764,0 37.28237805196358,36.8562025916062,0 37.28262335396308,36.85614538838026,0 37.28292377501048,36.85608110940007,0 37.28319519749403,36.85600327845024,0 37.28348112811017,36.85589847164601,0 37.28350211112067,36.85577710378072,0 37.28370808960793,36.8557082995077,0 37.28372655181443,36.85564244849657,0 37.28377229092023,36.85548752334926,0 37.28385014268794,36.85536210997427,0 37.2839311865089,36.85520634025473,0 37.28398284682497,36.85506988095042,0 37.28452125930389,36.85243444397606,0 37.28471290434388,36.85145018954358,0 37.28516977285049,36.84894289924903,0 37.28637904275649,36.84273702105234,0 37.291732271845,36.84411599300634,0 37.29275595317378,36.84487177239324,0 37.2929248583718,36.8448810324811,0 37.29318651665574,36.84484119649442,0 37.29350583216993,36.84476374477537,0 37.29758380960511,36.84450691279238,0 37.29809858721541,36.84447448070231,0 37.29849030022982,36.84459596581112,0 37.29866574837257,36.84453856297804,0 37.29885110772635,36.84452297519346,0 37.29897328047991,36.84458082405422,0 37.2990691710249,36.84476287290197,0 37.299191804032,36.8447699735141,0 37.29943777257422,36.844724860205,0 37.29955764101256,36.84469937660799,0 37.29975379812266,36.84467950475074,0 37.29986839063986,36.84469031657058,0 37.30022206497658,36.84466288161296,0 37.30057440599634,36.84464345061792,0 37.30130916202774,36.84457900370179,0 37.30141782599281,36.84456605362895,0 37.30152789007655,36.84459278074533,0 37.30168752759167,36.84465554350754,0 37.30181534009771,36.84474357918155,0 37.30193018864442,36.84486560157777,0 37.3019683271229,36.84489489202387,0 37.30205221676803,36.84489492190167,0 37.30218922206079,36.84492300938602,0 37.30233991360697,36.84494355282241,0 37.30266918712574,36.84499003524012,0 37.30283869633106,36.84501222074278,0 37.30297267123462,36.84504219127048,0 37.30316911103755,36.84509182229931,0 37.30329161057769,36.84512376901195,0 37.30338272527522,36.8451366387378,0 37.30350611047949,36.84515285957916,0 37.30368222440082,36.8451574011653,0 37.30383405533376,36.84515480952027,0 37.30399275728052,36.84515029336873,0 37.30408604209747,36.84515574301186,0 37.30432430708536,36.84516145428422,0 37.30454640648377,36.84516363742567,0 37.30489909012424,36.84519953079237,0 37.30501902778978,36.84521578430233,0 37.30508815535524,36.84522149838303,0 37.30519742619621,36.84521937228958,0 37.30527088898603,36.84520932092416,0 37.30531663420445,36.84519309723097,0 37.30538745546916,36.84516272572304,0 37.30549061255125,36.84507189788076,0 37.30564723651643,36.84501284259233,0 37.30574917787887,36.84498583049844,0 37.30583764232895,36.84497838558307,0 37.30598266922205,36.84498141634941,0 37.3061806355421,36.84498571413278,0 37.30658106716137,36.84498778618687,0 37.30695283800678,36.84499571883305,0 37.30701385011636,36.84499782316095,0 37.30702019210497,36.84476580242553,0 37.30705647408258,36.84449415091201,0 37.30708469434964,36.84422916381586,0 37.3071285687797,36.8440429140048,0 37.30713725847215,36.84383239144942,0 37.30716396096665,36.84359865464149,0 37.30792241182963,36.84359062321158,0 37.31187932663305,36.84346514541845,0 37.3124332628527,36.84161672224551,0 37.31277705948749,36.84049102713256,0 37.31291609272591,36.84025963817648,0 37.31295424029027,36.8401957241696,0 37.3131457451644,36.83987484797931,0 37.31330526858861,36.83959686470774,0 37.3134033267028,36.83944326951561,0 37.31352423696231,36.83926763098142,0 37.3136926902719,36.8390696797697,0 37.31378357020699,36.83895526511121,0 37.31391426678862,36.83878836803091,0 37.31400687530511,36.838653812077,0 37.31418361540673,36.83841725092315,0 37.31428495648956,36.83827646032588,0 37.31434500327609,36.83815761693666,0 37.31444080009769,36.83802787568826,0 37.31452149293191,36.8378916165756,0 37.31450779793387,36.83785461995219,0 37.3145652845373,36.83770517391341,0 37.31466603930232,36.83745268937152,0 37.31473996254376,36.83724072392178,0 37.31475901125259,36.83718420725939,0 37.31476966035426,36.83707549615466,0 37.3147503143875,36.83682233050713,0 37.3147700169683,36.83680401610587,0 37.31481493690679,36.83679748590341,0 37.31491889547426,36.83673198373081,0 37.31494582046592,36.83669750044082,0 37.31495757082674,36.83665312940117,0 37.31496280345503,36.83652034653861,0 37.31496299638953,36.8365200921132,0 37.31496295855106,36.83651997719866,0 37.31497498396921,36.83650398226681,0 37.31497607920991,36.83648454012651,0 37.31498071140535,36.836397482668,0 37.31499286336275,36.83623043780126,0 37.31501488365774,36.83605524107998,0 37.31503199961574,36.83588613016646,0 37.31503199770313,36.83588601845866,0 37.31504083626472,36.83585556284249,0 37.31504774688838,36.8358316610936,0 37.31507787510959,36.83554577199294,0 37.31509558691593,36.8354650266735,0 37.3151349653415,36.83528403881635,0 37.31518797277459,36.8350530113682,0 37.315209545693,36.83485978071108,0 37.3152256597114,36.83474315200043,0 37.31523599366878,36.83466603657678,0 37.31525024532349,36.83461687492527,0 37.31527340764848,36.83453480600699,0 37.31528360557787,36.83447285839055,0 37.31527868057492,36.83441671680903,0 37.31526852769663,36.83437158250994,0 37.31523169642875,36.83430261352495,0 37.31517638228023,36.83421277007903,0 37.31506121709754,36.8340561440582,0 37.31499304766323,36.83397109750504,0 37.31498130294285,36.83390734727197,0 37.31494721699905,36.83377157172435,0 37.31492042217815,36.83364918246281,0 37.31486682620902,36.83340441119049,0 37.31481580994991,36.83320712320959,0 37.31476269520118,36.83304176965536,0 37.31471856501616,36.83278270941464,0 37.31465198650723,36.83244943360902,0 37.31452541637188,36.83201258154824,0 37.3144752968478,36.83182003012776,0 37.31445996041352,36.83176197626248,0 37.31443771785122,36.83169362056943,0 37.31441605432405,36.8316276588412,0 37.31436578542252,36.83151576656884,0 37.31436577487394,36.83151573965425,0 37.31431301831851,36.83139896779292,0 37.31422749298587,36.83123733674109,0 37.31422735636855,36.83123708235584,0 37.31400341017304,36.8308152794219,0 37.31379945618207,36.8304105118097,0 37.31368895595717,36.83019201591943,0 37.31356953808007,36.82995971718872,0 37.31356926688023,36.82995919577949,0 37.31347395627988,36.8297744253835,0 37.3130938572199,36.82900707005621,0 37.31299823122058,36.82896248129909,0 37.31287164403832,36.82857526385096,0 37.31278149222802,36.82824654316438,0 37.31277003975534,36.82820497664538,0 37.31276585316137,36.8281908603084,0 37.31276581284309,36.82819073100367,0 37.31273262680222,36.82808039731943,0 37.31264159597193,36.82777120275369,0 37.31257497123595,36.82754599682338,0 37.31247618019923,36.82721752619247,0 37.31238080233394,36.82690141971239,0 37.31229314953066,36.82658121642375,0 37.31224502121039,36.82640599229401,0 37.31219268508592,36.82625108441513,0 37.31211898260043,36.8260334727617,0 37.31207493371237,36.82584741984963,0 37.31203813431667,36.82569247016133,0 37.31127858143515,36.82591094438312,0 37.31005164511654,36.82628690236698,0 37.3094522655652,36.82612547039498,0 37.30899640819596,36.82600083598579,0 37.30858932294934,36.82583589999337,0 37.3080960432394,36.82540741908701,0 37.30683069110742,36.82434087695209,0 37.30691356178253,36.82405972555667,0 37.30654822350643,36.82390934024401,0 37.30636159147441,36.82386972692505,0 37.30623804372767,36.82377550001981,0 37.30617771199255,36.82363401078322,0 37.30592778504492,36.82345784352531,0 37.30572804204981,36.82336445301248,0 37.30562015871315,36.82329456356921,0 37.30557194151489,36.82314804108969,0 37.30520695032452,36.82283833617257,0 37.30506495388824,36.82273450719293,0 37.30498905718581,36.82257358326865,0 37.30435830947067,36.82241139542611,0 37.30404148627207,36.82242467426661,0 37.30398974679616,36.82215781757935,0 37.30394840261694,36.82197899769557,0 37.30390945023138,36.82180572000585,0 37.30386540868105,36.82153461598536,0 37.30382187695463,36.82139447477938,0 37.30372632578288,36.82122043728737,0 37.30362748877663,36.82105470911819,0 37.30359179281103,36.82104954107653,0 37.3035487475002,36.82103898427106,0 37.3035035858131,36.82100501271478,0 37.3034353652659,36.82092580206688,0 37.3030648541469,36.8204128826206,0 37.30276273275764,36.81998882496163,0 37.30259692567248,36.81971629372482,0 37.30240861019596,36.8194824545333,0 37.30222193056201,36.81919223682411,0 37.30211232389237,36.81899767110808,0 37.30198251564291,36.81882538766042,0 37.30186622620273,36.81874256484137,0 37.30153860780329,36.81883714274722,0 37.30127306681497,36.81834512394809,0 37.30130355191478,36.81832273273754,0 37.30117443261056,36.81788712693798,0 37.30088444497169,36.81706450767749,0 37.30065286143597,36.81646303710637,0 37.30043883189255,36.81582225425792,0 37.30038091698552,36.81582438161615,0 37.3002527349232,36.81582908669684,0 37.30015507402197,36.81585352054736,0 37.30010656125453,36.8158847189744,0 37.30005302273263,36.81594079250348,0 37.30001057715145,36.81600843126625,0 37.30000957694248,36.81605663366028,0 37.30003404722705,36.81610747694441,0 37.29980298928591,36.81619178010905,0 37.29973592088712,36.81638168395321,0 37.29955183607102,36.81645087081021,0 37.29949232845788,36.81647634679089,0 37.29947095717876,36.81650140594198,0 37.29945775988438,36.81658040778036,0 37.29926258135963,36.81663803069565,0 37.2984166952892,36.81688238074464,0 37.2981926069145,36.81694908117935,0 37.29804208182915,36.81696240575734,0 37.297973248592,36.81697337866571,0 37.29787199655775,36.81700076924218,0 37.29764753113494,36.81706317478857,0 37.29744138311052,36.81712067477448,0 37.29718794050728,36.81718049430054,0 37.29703254728359,36.8169324794987,0 37.29649909124706,36.81607525731169,0 37.29636880929756,36.8158620147741,0 37.29624436353058,36.81567170582046,0 37.29612958276885,36.81548895925788,0 37.29609038036958,36.81542586293952,0 37.29598535699535,36.81525615340253,0 37.29571784622613,36.81482097727898,0 37.29595405039689,36.8147624444866,0 37.29616360905084,36.81469590668233,0 37.29633317194318,36.81462688339429,0 37.29664208137778,36.81454461232338,0 37.2971387934689,36.81451323536115,0 37.29750064518468,36.81433534587232,0 37.29757602054774,36.8142099142093,0 37.29765098326262,36.81386900571309,0 37.29804248730638,36.81353502913535,0 37.29816641283035,36.81341685029001,0 37.29837142162187,36.81312904183846,0 37.29838576712211,36.81302244294328,0 37.29831612129303,36.81291330298683,0 37.29824618121101,36.81278686072793,0 37.29824425239007,36.81267265270414,0 37.29834164703687,36.8125132269768,0 37.29809384986741,36.81232270700436,0 37.29800056232171,36.81227170267649,0 37.29794065880566,36.81216844266772,0 37.29795004314945,36.81208098570181,0 37.29797717376293,36.81196991684769,0 37.29800477651904,36.81180690838906,0 37.29800566164977,36.81173721369266,0 37.29792277886925,36.81168051643611,0 37.29783354876308,36.8115975148075,0 37.29779627955276,36.81154255056416,0 37.29757910531251,36.81136259424976,0 37.29748679234803,36.81126526873676,0 37.29737221257623,36.8111632537842,0 37.29719946358345,36.81098265703073,0 37.29713481473171,36.81088945535674,0 37.2969318305375,36.8106778748984,0 37.29678132678913,36.81052049088282,0 37.29658895701467,36.81034388706881,0 37.29644940544649,36.81020978604207,0 37.29617389313189,36.80994431594901,0 37.2959756582375,36.80972991760131,0 37.29585299194384,36.80959903325267,0 37.29568121728712,36.80943686076618,0 37.29592859872798,36.80937681330396,0 37.29596921018839,36.80934448087027,0 37.29604409310143,36.80929007048751,0 37.2961177147961,36.80925736738339,0 37.29620076823139,36.80924267243812,0 37.29633623842804,36.80920237674039,0 37.29641792722376,36.80916231586533,0 37.29650266102063,36.80910015692519,0 37.29655572946492,36.80902802263104,0 37.29660204384496,36.80894530619537,0 37.29662238918896,36.80889117297038,0 37.29662533931471,36.80875853389502,0 37.2966415116621,36.8086634089411,0 37.29667939229761,36.8085631473698,0 37.29676462825937,36.80845613771875,0 37.29691748726582,36.80833994405909,0 37.29678631375369,36.80803575796542,0 37.29634787328176,36.808263136703,0 37.29623936409129,36.80832302818612,0 37.2959737850779,36.80844403934444,0 37.29556746322992,36.80859688205214,0 37.2955073900661,36.80843609977937,0 37.29544414759086,36.80834377923063,0 37.29536811355889,36.8082925955885,0 37.29530962077568,36.80823595329824,0 37.29513961571342,36.80793497976797,0 37.29537188383229,36.80782042983617,0 37.29516604390153,36.80734015827517,0 37.29511131105941,36.80717665769834,0 37.29507083926575,36.80709403285238,0 37.29494660622895,36.80709445236428,0 37.29477542192758,36.80710388887589,0 37.29456970167951,36.80712146455675,0 37.2943341529496,36.80714891926694,0 37.2940961327764,36.80717494792209,0 37.29402527466402,36.8071102670571,0 37.29388269645209,36.80671964718131,0 37.29366413317525,36.80670937093212,0 37.29337174644874,36.80671066658571,0 37.29328792397377,36.8067288099026,0 37.29311414067323,36.80682972849534,0 37.29310793181746,36.80696664874474,0 37.29278858784933,36.80695818404939,0 37.29271311226658,36.80684165772117,0 37.29252570035963,36.80694900031202,0 37.29243139758436,36.80690245008149,0 37.29217563895657,36.80696406079604,0 37.29199946544075,36.80703661898006,0 37.29147293652237,36.80724716649552,0 37.29126486867092,36.80733079786085,0 37.29130157042898,36.80737946668822,0 37.29098912852729,36.80743152840984,0 37.2906759630609,36.80758549652196,0 37.29032605415288,36.80774751963541,0 37.28937193754354,36.80815257104322,0 37.2890742353725,36.80796897398704,0 37.28891242131735,36.80787798876855,0 37.28875679616085,36.80777341514138,0 37.28830063880289,36.80740330470582,0 37.28822344403746,36.80735500335145,0 37.2879264189625,36.80712250881127,0 37.28771066396514,36.80692895249528,0 37.28742114735478,36.80668453918361,0 37.2872733156805,36.80656531825622,0 37.28682513372404,36.80627157848371,0 37.28666636492744,36.80620859055261,0 37.28650889240014,36.80614175893151,0 37.2862759045725,36.80599596706941,0 37.28606240686023,36.80579851955545,0 37.28590583628527,36.80564175284367,0 37.28570032871696,36.80543579525492,0 37.28555970329885,36.80522292224251,0 37.28525660839114,36.8048239314101,0 37.28514489888541,36.80470089332837,0 37.28500647506925,36.80455562123917,0 37.28480892088705,36.80432614163438,0 37.28466417570785,36.80419101474344,0 37.28439634364826,36.80394395912469,0 37.28409422054764,36.80358262926494,0 37.2839998681389,36.8034753818,0 37.28381077293046,36.80333745648831,0 37.28355812952537,36.80319285706595,0 37.28342688454686,36.80311900011307,0 37.28330286528862,36.80298166189355,0 37.28319337536498,36.80285618493174,0 37.28308604671379,36.80266345735094,0 37.28300059366563,36.80247025937059,0 37.28296439078709,36.80237339624534,0 37.28288727596664,36.80221103578361,0 37.28284844993877,36.80212429085284,0 37.28279523038046,36.80191891960517,0 37.28276441186065,36.80178961104669,0 37.28274026061857,36.80157017979934,0 37.28265598875812,36.80125513804328,0 37.28260497136968,36.80113390263206,0 37.28253365967232,36.80093844686877,0 37.28243071741328,36.80063014067203,0 37.28239596059207,36.80048006924562,0 37.28237846411062,36.80031882789326,0 37.28238867576088,36.80019404330444,0 37.28238710269471,36.79993783272043,0 37.28240146984998,36.79967199822988,0 37.28238268031026,36.79941135631112,0 37.28236219387692,36.79928983655713,0 37.28213753037277,36.7987453441135,0 37.28197975680839,36.79835667470999,0 37.28190161840992,36.79817359315602,0 37.28182430741452,36.79803677328253,0 37.28173638644327,36.79784919449167,0 37.28170768068512,36.79774129872678,0 37.28169484613757,36.79761252759624,0 37.28171034243471,36.79748847897163,0 37.28170464106415,36.7973964568255,0 37.28169204315548,36.79733600607297,0 37.28156830537299,36.7970556356691,0 37.28144654717071,36.79676995462719,0 37.2814098507157,36.79667706804311,0 37.28129224482952,36.79641862944452,0 37.28116766283068,36.79618297590979,0 37.28097538040409,36.79584957581635,0 37.28075169576439,36.79540785423634,0 37.28017296483998,36.79409810819174,0 37.2812437009179,36.79403621951768,0 37.28139874516634,36.79362048797606,0 37.28148709177188,36.79336173134494,0 37.28175244961425,36.79349459315684,0 37.28185421636299,36.79356593706628,0 37.28187879403106,36.7935259719108,0 37.28192864147757,36.79345396335934,0 37.28195260342678,36.7933934590955,0 37.28205615840328,36.79328236789486,0 37.2821959213309,36.79319849619311,0 37.28224487042469,36.7931833894591,0 37.28233071592847,36.79314363222385,0 37.2824029184587,36.79310740638469,0 37.28261087077076,36.79294623490442,0 37.28268780561599,36.79289269374819,0 37.2829178038809,36.79295045972986,0 37.28291565017749,36.79282131842571,0 37.28291049555638,36.79275810594201,0 37.28290450731993,36.79245116135343,0 37.28288626654006,36.79229196966928,0 37.28288033514527,36.79216282494937,0 37.28288654696669,36.79199626020051,0 37.28289063966098,36.79188884698323,0 37.28289553636559,36.79176327254561,0 37.28290083086364,36.79157314261853,0 37.28288618883467,36.79140159113651,0 37.28285470398944,36.79106260986479,0 37.28282253685427,36.79080967356108,0 37.28281069784208,36.79069252242637,0 37.28279102629097,36.79058884356934,0 37.28277295636791,36.79051725363836,0 37.28275014314928,36.79040521627886,0 37.28273899357523,36.7903251034548,0 37.28272563606568,36.79021684582203,0 37.28271418160357,36.79008511513423,0 37.28271059656752,36.78994669126729,0 37.28270337432779,36.78957828299554,0 37.28267484914449,36.78926955933967,0 37.2826636760968,36.78920683701016,0 37.28262298569005,36.78909719817194,0 37.2826008241649,36.78896003425145,0 37.28257402895295,36.78876606583629,0 37.28255617914325,36.78869063680105,0 37.28254098394473,36.78864091853209,0 37.28243442378569,36.78834333345624,0 37.28241366900848,36.78828925636548,0 37.28239286280492,36.78811769549621,0 37.28237917781414,36.78795585585397,0 37.28234787203291,36.78784931983564,0 37.28228556470363,36.78765367980913,0 37.28225173949812,36.78755996943981,0 37.28216455810094,36.78725391969523,0 37.28214626243913,36.78708587100799,0 37.28238639905753,36.78702359282071,0 37.28295597187373,36.78684079197379,0 37.28350956802301,36.7866122361028,0 37.28369538594384,36.78653827817825,0 37.28447221033943,36.78627254935061,0 37.28459198194158,36.78622719081275,0 37.28477805969607,36.78615442139229,0 37.28494949150736,36.78609710434279,0 37.28509034061847,36.78605280068166,0 37.28520824032091,36.78599722402082,0 37.28533050638867,36.78593627394882,0 37.28801402030629,36.78479390991485,0 37.28856874388421,36.78456128175118,0 37.28921763439561,36.78425983712456,0 37.28953357924202,36.78411108434675,0 37.28984749345711,36.78398146943564,0 37.2900473367458,36.78390560872641,0 37.29030302080492,36.7837974880138,0 37.29077072366103,36.78359848017092,0 37.29112684682649,36.7834358588014,0 37.29202688867606,36.78305975772206,0 37.292887723265,36.78268780642764,0 37.29294489148129,36.78273564704921,0 37.29294488214206,36.78277089442061,0 37.29294488523042,36.7827834793509,0 37.29294487729915,36.78284201253891,0 37.29316778055384,36.78279223002463,0 37.29350894242454,36.78268171156761,0 37.29381251916879,36.78257054496506,0 37.29428890059189,36.78237701909209,0 37.29463394320388,36.78224742322505,0 37.29544492977983,36.7819651928484,0 37.29600936503675,36.78174415612105,0 37.29652660744412,36.78153833270677,0 37.29663779928267,36.78150771032094,0 37.29656996860837,36.78129641294525,0 37.29651176753157,36.78109656921949,0 37.29644201651096,36.78091619148358,0 37.29642177451947,36.78087957720214,0 37.29632750865775,36.78071572153164,0 37.296262475635,36.78062919606496,0 37.29602099220997,36.78023393837586,0 37.29654634438317,36.78006939915577,0 37.29686080956714,36.77998945368378,0 37.29729289657939,36.77986833506517,0 37.29759304823556,36.77975086187909,0 37.29778544499015,36.77965512747411,0 37.29796733947783,36.77952462772851,0 37.29807907020353,36.77943690220964,0 37.298213024659,36.77931985173914,0 37.2983379311926,36.77923791648338,0 37.29847250568598,36.77918342245066,0 37.29867272072992,36.77902860773619,0 37.29921492807134,36.7796290226139,0 37.29946972243713,36.77992121221487,0 37.29951641513802,36.7799687442384,0 37.2995924080636,36.7798856895557,0 37.29968746203235,36.77975373201937,0 37.29978643750895,36.77960301675187,0 37.29993021530697,36.77943820591035,0 37.30007058273731,36.77930455803214,0 37.30028701082004,36.77912566397182,0 37.30049671097508,36.77895064911716,0 37.30067582852485,36.77883993384709,0 37.30079451368849,36.77878801495717,0 37.30090007669929,36.77873525282064,0 37.30120925257968,36.77877741265316,0 37.30153466542517,36.77888576621932,0 37.30207332059472,36.7790285312938,0 37.3054002737475,36.77996273564204,0 37.30550695127803,36.77983947624978,0 37.30559133794257,36.77971326272183,0 37.30583893811629,36.77933224097513,0 37.30607763618866,36.77905179965668,0 37.30630152308525,36.77890459106347,0 37.30652485543106,36.77878679117792,0 37.30662852395245,36.77868614412868,0 37.30686896987637,36.77835930864099,0 37.30622666688572,36.77832667830683,0 37.30582488727279,36.77790777701235,0 37.3050405472993,36.77771795802836,0 37.30515217326348,36.77670516645498,0 37.29971255442123,36.77272621818831,0 37.29975745002282,36.75885956096107,0 37.30014916918464,36.75878775035014,0 37.30101944018324,36.7585909957536,0 37.30164194913637,36.75840615103626,0 37.30250746752267,36.75815418867427,0 37.30328206880733,36.75794004388879,0 37.30429972241246,36.75766184455487,0 37.30458771900724,36.75754818532176,0 37.306188446413,36.75723594472394,0 37.30699875620233,36.75710426619091,0 37.30804015275564,36.7568779541062,0 37.31038293367443,36.75643241582255,0 37.3123673361149,36.75602838451715,0 37.31377538926669,36.75571817111247,0 37.31585665296747,36.75529229521089,0 37.31797940016862,36.75483062571768,0 37.32050349367321,36.75431560593458,0 37.32425986120276,36.75359037227201,0 37.32727676549636,36.75304926191895,0 37.33135172222593,36.75193144555873,0 37.3322579134573,36.75198269196233,0 37.3358910864184,36.75208519798317,0 37.33596932962734,36.75209711071289,0 37.33600449164327,36.7520360319638,0 37.33601062494395,36.75193565641595,0 37.33601898109386,36.75188804481407,0 37.33603991698005,36.75185558096053,0 37.3360715854225,36.75183028066537,0 37.33612346019938,36.75182123183976,0 37.33621987763999,36.75181784951935,0 37.3362801579625,36.75183222001872,0 37.33635917314601,36.75184875521989,0 37.33645926437022,36.75188880889721,0 37.33654869483737,36.7519384865255,0 37.33663897096642,36.75198023435648,0 37.33669721690574,36.75199066648296,0 37.33676465283244,36.7519940824705,0 37.33677169042669,36.75197440376233,0 37.33678355347396,36.75193507300218,0 37.33677511532408,36.75190952753894,0 37.3367209138576,36.75184836775863,0 37.33663100213754,36.75178708653976,0 37.33657254946009,36.75173607161414,0 37.33656000601118,36.7517152757336,0 37.33656898369705,36.7516831155238,0 37.33662182888723,36.75160635069351,0 37.33666982141714,36.75160563130081,0 37.33670345770757,36.75159812428841,0 37.33674128324523,36.7515767625102,0 37.33679147440498,36.75153432678888,0 37.33683162027225,36.75151917778033,0 37.33687107623886,36.75151589432659,0 37.33693459538263,36.75151585095116,0 37.33698409169655,36.75149571312865,0 37.33703247441918,36.75144844457464,0 37.33707173146198,36.75138544170623,0 37.33709053800553,36.75127832078588,0 37.33709933985582,36.75119036589997,0 37.33711233662473,36.75100372593533,0 37.33710481978302,36.75095332819156,0 37.33704813641596,36.75087675244446,0 37.33702153662074,36.75083250346179,0 37.3370248135336,36.75080763370016,0 37.33705207346235,36.75076320293935,0 37.3370877237629,36.75071201911963,0 37.33711094012395,36.75067835087626,0 37.33711251841649,36.7506418045735,0 37.33708800359294,36.75060065340869,0 37.33698720942948,36.75053407942597,0 37.33689920684397,36.75048517537934,0 37.33687035619682,36.75044941791616,0 37.33687087493827,36.75041555783633,0 37.33689740624202,36.75038140726601,0 37.33693148794948,36.75036765992154,0 37.33696186398512,36.75036375402886,0 37.3370377430191,36.75037966807245,0 37.33706147264724,36.75032951206296,0 37.33712194931756,36.75029873733649,0 37.33714052821026,36.75027064644345,0 37.33718393745737,36.75017750720272,0 37.3372477468222,36.75009954481138,0 37.33733531904497,36.75000458639111,0 37.33739640780578,36.74997116547113,0 37.33732316827455,36.74996305841596,0 37.33718097529322,36.74993509135838,0 37.33698347978585,36.74989612925974,0 37.33685549742758,36.74985533335538,0 37.3367221594201,36.74980826310117,0 37.33665353954248,36.74978580136008,0 37.33669016934777,36.74970408627887,0 37.33676320634991,36.74960295899177,0 37.33689561890634,36.74944519666779,0 37.3370033864495,36.74937957681468,0 37.33714679167254,36.74932622691716,0 37.33727728024677,36.7492846383671,0 37.33729597455735,36.74928747019123,0 37.33735899775035,36.74931482410375,0 37.33744399199415,36.74933213478723,0 37.33753340269196,36.74934894883936,0 37.33757405204435,36.74936274646787,0 37.33765192752529,36.7494028975575,0 37.33772761012352,36.74945816944373,0 37.33782669754754,36.74952186963785,0 37.33788402667657,36.74954795373991,0 37.33809916247624,36.7496394544115,0 37.33816124450475,36.74964572309489,0 37.3381969847689,36.74952964971853,0 37.33825671593379,36.74941811088133,0 37.33835818660168,36.74929237229924,0 37.33846711245049,36.74919219184385,0 37.33859945651667,36.74905006344066,0 37.33865746757869,36.74894423478685,0 37.33872372394014,36.74882062391512,0 37.33874555056835,36.74873436768901,0 37.33880787213145,36.74844708565035,0 37.33888425366607,36.74821905519062,0 37.33893443344888,36.74823247119276,0 37.33907569771903,36.74823961796228,0 37.33908257733537,36.74826050977134,0 37.33907565137822,36.74836193963701,0 37.33931501288641,36.7483906992904,0 37.33933496454774,36.74828912098296,0 37.33936438834476,36.74823287239248,0 37.33950583717672,36.74825050479556,0 37.3395324489446,36.74815758805454,0 37.33976151151266,36.7481924205083,0 37.33978684975641,36.74803388016153,0 37.33998395281957,36.74801841143601,0 37.3402410660071,36.74802483230966,0 37.34031286773582,36.74801499855788,0 37.34036050662689,36.74800746974157,0 37.34049471717567,36.74798324043931,0 37.34059123000101,36.74797662057549,0 37.34089779542118,36.74793675993961,0 37.34107352903367,36.74792779073986,0 37.34126659709563,36.74791687422719,0 37.34149927260618,36.74762518339175,0 37.3418630563439,36.74784150497796,0 37.34189846722308,36.74778403310536,0 37.34210462432377,36.74748580662483,0 37.3421519282044,36.74737576662616,0 37.34218663344159,36.74720761585492,0 37.3422053151747,36.7471165414327,0 37.34223618272035,36.74706027405512,0 37.34272949371562,36.74712460773592,0 37.34299641132286,36.74715653969061,0 37.34319936209248,36.74717288960777,0 37.34352967423396,36.74718780106949,0 37.34388612831315,36.74720707296487,0 37.34426874946775,36.74723304029478,0 37.34489158744581,36.74725396301825,0 37.34493409787904,36.74753307637936,0 37.34495592402623,36.74779077671626,0 37.344955980535,36.74779144826043,0 37.34495189850733,36.74788935198738,0 37.34494733297075,36.74791362741207,0 37.34506058171141,36.7479357168035,0 37.34513391262183,36.74793488777122,0 37.3452735557844,36.74792499044127,0 37.34545873379346,36.74795959265931,0 37.34560357866224,36.74792300650336,0 37.34569925636968,36.7479306609622,0 37.34574506305709,36.7479423755076,0 37.34580401772421,36.74796092805234,0 37.34611989246829,36.74799842090431,0 37.34637470557416,36.74800019791213,0 37.34657721128844,36.74799091762466,0 37.34656620833938,36.74785823649016,0 37.34672276389777,36.74787044521965,0 37.34742196508643,36.74779976180101,0 37.3486359277769,36.7477187659189,0 37.3490203633939,36.74754935891329,0 37.34980442753579,36.74764438796608,0 37.35018726532299,36.74781731827289,0 37.35065503327133,36.74806875213047,0 37.35106953634235,36.74831467626266,0 37.35096783662795,36.74848087979742,0 37.35134417771024,36.74845409412865,0 37.35246916002647,36.74831482751919,0 37.352509581967,36.74832563112874,0 37.35254668415699,36.74834632633161,0 37.35253655573053,36.74829722258975,0 37.35281314334308,36.7466035321676,0 37.35289802850357,36.74594883978251,0 37.3530621169252,36.74550542563004,0 37.35311504744144,36.74536238586278,0 37.35315722205685,36.74527466125313,0 37.35317728346784,36.7452223668796,0 37.35335290421796,36.74496707552524,0 37.35345910917464,36.74474212436221,0 37.35358266470101,36.74470835493745,0 37.35364433849443,36.74470709735282,0 37.35373822576692,36.74470517948535,0 37.35380544231936,36.74460702211152,0 37.35383989679887,36.74455172014756,0 37.35385342338876,36.74449419644117,0 37.35389111523728,36.74445014596819,0 37.35393944862041,36.74439326239042,0 37.3539103838516,36.74430701131735,0 37.35394227896922,36.74388218216149,0 37.35399334451824,36.7433536547256,0 37.35404371074068,36.74283200298571,0 37.35412468714691,36.74200303152722,0 37.35414504563022,36.74174305251906,0 37.3542473387468,36.74174083227666,0 37.35476557767916,36.74150834228274,0 37.35536317039197,36.7412876437536,0 37.35539800246735,36.74127973943654,0 37.35544684825733,36.74127355325835,0 37.35552458962098,36.74123550115065,0 37.35557386544325,36.74122722319128,0 37.35562434512144,36.74120349652064,0 37.35572477441068,36.74116792138135,0 37.35581294910185,36.74112880230585,0 37.3560577556213,36.74109968750937,0 37.35619383836487,36.74108790061481,0 37.35633179255277,36.74107901523616,0 37.35640505926757,36.74111181801658,0 37.35660015264061,36.741149081445,0 37.35667700479299,36.74117891656927,0 37.35677856457732,36.74116752262877,0 37.3568825622493,36.74119120207428,0 37.35693369185763,36.741205241225,0 37.35700437100595,36.74119419925339,0 37.35704812524063,36.74120247285693,0 37.35705667034872,36.74117166403838,0 37.35703275870782,36.74105201070557,0 37.35697578503384,36.74070604484631,0 37.35685325601591,36.74014583432517,0 37.35679835549299,36.73950441399146,0 37.35672511777612,36.73901257503288,0 37.35664154502052,36.73859671678726,0 37.35657703200891,36.73828148302849,0 37.35633803023809,36.73711365923504,0 37.35635223549367,36.73710505447688,0 37.35647402893722,36.73672037572792,0 37.35651703546127,36.73667606740189,0 37.35654897051882,36.73653395016451,0 37.35706109974596,36.7360030706525,0 37.35778964618475,36.73512094848599,0 37.35794565469583,36.73468582806083,0 37.35800361981889,36.73455343124057,0 37.35813195307666,36.73401462718461,0 37.35840421417621,36.73349972480337,0 37.35839607439602,36.73341007132508,0 37.35851006934234,36.73325355145778,0 37.35868611842417,36.73297067692835,0 37.35895939534498,36.7326222811491,0 37.35921590690541,36.73222383007848,0 37.35929602013346,36.73207254050525,0 37.35933497646916,36.73204992426235,0 37.35940483805982,36.73197726563778,0 37.35942583742388,36.73188602327064,0 37.3595143838509,36.73177841563766,0 37.35952560793368,36.73168208406844,0 37.35949457323745,36.73157063810893,0 37.35959075672778,36.73115583097226,0 37.35957352700203,36.73107155795708,0 37.35951227092276,36.73094554848801,0 37.35932702287231,36.73070586783874,0 37.35946010322365,36.73070200125374,0 37.35968312861538,36.73075295034415,0 37.36013492151869,36.73095007851593,0 37.36116547248818,36.73125513493952,0 37.36159683671172,36.73135419739816,0 37.3619816367286,36.73156039987362,0 37.36228025597595,36.73182478275048,0 37.36251535828671,36.73196769534412,0 37.36260698078402,36.73203424660587,0 37.36287149085181,36.73219709896141,0 37.36351251045771,36.7324431687036,0 37.36385427432685,36.73258144320391,0 37.36406402165447,36.73267195889524,0 37.36414306985066,36.7326934330076,0 37.36454109836137,36.73284795427129,0 37.36459918163791,36.7328684097152,0 37.36467757646966,36.73285061421011,0 37.36469671071885,36.73284476501508,0 37.36478327839153,36.73284466242957,0 37.3648643525606,36.73288115133935,0 37.36498785091959,36.73292213996766,0 37.36519614235143,36.73302956321296,0 37.36525901909979,36.73306308442003,0 37.36529375949351,36.73290614830835,0 37.36539909275289,36.73265922893653,0 37.36532417270744,36.73262618297235,0 37.36527026736849,36.73260017363391,0 37.36524558436645,36.73257177461441,0 37.36524393209818,36.73255028371587,0 37.3652106549532,36.73246769865625,0 37.36515622638643,36.73232349918602,0 37.36514543781021,36.73222529141058,0 37.36515391061639,36.73218563813149,0 37.36518260531113,36.73210276017839,0 37.36523448446921,36.73196620020475,0 37.36526436255993,36.73183637117526,0 37.3652802611649,36.73171236472221,0 37.36528478603724,36.73163436480215,0 37.36532818443424,36.73153007316123,0 37.36537710606211,36.73148216889435,0 37.36539293546105,36.73146349412382,0 37.36545138835257,36.73145872544286,0 37.36551893235552,36.73124899876319,0 37.36556521623766,36.73106217200786,0 37.36563332034315,36.73088384942308,0 37.36568968034441,36.73077510908836,0 37.36570382986432,36.73069169150449,0 37.36575103254568,36.73050255464378,0 37.36577582729576,36.73043163137279,0 37.36582994771603,36.73029444169649,0 37.36591987482217,36.73006962297868,0 37.36604848636014,36.72966753989809,0 37.36611506343273,36.72947884724567,0 37.3661978749659,36.72927253465951,0 37.36624914313293,36.72914667308905,0 37.36635663568899,36.72891478635328,0 37.36650005653187,36.72866791878087,0 37.36655451371898,36.72858258482456,0 37.36662835389036,36.72849433230702,0 37.36673499318826,36.72837747856085,0 37.36681525026458,36.72831100449439,0 37.36699859568007,36.72815082010344,0 37.36710486868515,36.72807182785218,0 37.3671919461933,36.72800709620254,0 37.36726573852124,36.72795624012076,0 37.36738752484067,36.72785044155048,0 37.36744710207368,36.72781228229932,0 37.36751778418587,36.72777971707491,0 37.36765020125868,36.72771264214206,0 37.36772680845352,36.72765542445195,0 37.36779725190842,36.72760954608928,0 37.36785161072795,36.72758946221047,0 37.36788837956892,36.72758186721546,0 37.36793285984358,36.72758266785332,0 37.36810965859001,36.72760248408579,0 37.36818888276837,36.72760521710827,0 37.36822946253304,36.72759746646317,0 37.36831243603112,36.72755645176951,0 37.36847534069409,36.72744921518269,0 37.36866342010978,36.72734680139828,0 37.36880234072366,36.72727011368387,0 37.36894209095336,36.72720978113411,0 37.3691306150446,36.72712567083711,0 37.36923682925482,36.72708757062681,0 37.36937044486404,36.72705460456776,0 37.36941259909308,36.72704420253695,0 37.36948579001228,36.72701508173186,0 37.36956436461618,36.72698139998141,0 37.36962481488737,36.72694610845722,0 37.36966950066368,36.72691463768538,0 37.36970720592106,36.7268723211106,0 37.36972203695716,36.72681570143398,0 37.36972100213418,36.72675744424992,0 37.36971314850008,36.72669744182381,0 37.36970144712976,36.72664894323582,0 37.36965445935726,36.72658256486662,0 37.3695571635922,36.7264539424521,0 37.36946275434983,36.72629660631392,0 37.36934241835672,36.72611225399535,0 37.36928951714835,36.72599951240478,0 37.36907740140153,36.72556444257079,0 37.36893679152319,36.72528927912369,0 37.36890421767768,36.72523297686166,0 37.36887465324151,36.72519234527908,0 37.36883268409002,36.72512181085141,0 37.36880450355078,36.7250634135433,0 37.36879125053901,36.72498571884122,0 37.36879970470428,36.7248886559793,0 37.36881661523063,36.72479013166002,0 37.36884760941086,36.72472012397206,0 37.36894218358573,36.72455942586617,0 37.36901484727033,36.72444751030785,0 37.36912068733609,36.7242933358153,0 37.3692553471108,36.72410604943098,0 37.36933362909664,36.7240559838083,0 37.36939666104321,36.72403887022225,0 37.36948480342596,36.72403421210073,0 37.36958876762407,36.7240293754344,0 37.36970440038987,36.72404443292516,0 37.36979289401819,36.72405980268266,0 37.36983163157628,36.72407574510226,0 37.37000574621689,36.72432685124383,0 37.37036582106732,36.72471162399024,0 37.37096092766298,36.72485836459627,0 37.37120253918704,36.72489195815339,0 37.37162122083962,36.72500030698727,0 37.3716704430219,36.72500618396784,0 37.37235688278636,36.72517106435854,0 37.37269163539543,36.72525359982312,0 37.37299229290561,36.72532516006207,0 37.3733272087539,36.72541678703569,0 37.37354287383985,36.72547341412016,0 37.37373578451982,36.72552120648069,0 37.37400530751444,36.72558857683849,0 37.37420927428824,36.72562259888248,0 37.37450981971012,36.72568733650521,0 37.37488995815458,36.72578071186035,0 37.37550831511821,36.72592817189047,0 37.37651504703253,36.72615526076856,0 37.37760133805453,36.72640869846493,0 37.37886015166277,36.72670067992608,0 37.37915911838632,36.72678209791547,0 37.37953235746403,36.72686587812819,0 37.38023168271448,36.72701237656992,0 37.38033367026233,36.72702938041259,0 37.38073784734966,36.72709744949437,0 37.38172014257613,36.72723372836177,0 37.38192411222681,36.72726773706115,0 37.38206366582676,36.72728145585636,0 37.38247153460005,36.7273474974407,0 37.3832360490003,36.72768721828627,0 37.38492957859901,36.72773299504307,0 37.38564426543839,36.72774591136717,0 37.38583453539096,36.72777385561437,0 37.38659931308376,36.72785925963998,0 37.38687113876679,36.72789651304686,0 37.38727028724593,36.72794036222087,0 37.38767273841012,36.72798147920758,0 37.38786069486533,36.72800893177826,0 37.38794616201709,36.72801467121648,0 37.38815189026764,36.72803741801656,0 37.3884291449871,36.72806651851698,0 37.38868848486339,36.72809223585182,0 37.3889210549432,36.72811826506521,0 37.38904404257958,36.7281342450037,0 37.39070734018929,36.72831937972136,0 37.39155941975014,36.72844086361556,0 37.39152837764632,36.7285969582129,0 37.39151208639174,36.72873659658811,0 37.39151649876214,36.72892619561211,0 37.3915395632588,36.72910312044468,0 37.39152576559333,36.72929155199208,0 37.39150887500862,36.72949939942149,0 37.39149327879146,36.72958817995556,0 37.39146068677778,36.72971176483529,0 37.39140301050296,36.72980380901177,0 37.39134219795178,36.72986473702722,0 37.39117807425503,36.73006184608379,0 37.39112047222353,36.7301580376766,0 37.39101459230785,36.73043752593292,0 37.39097123566486,36.73060830900312,0 37.39092641806902,36.73069812122261,0 37.39085653139809,36.73079695397779,0 37.39075931185142,36.73098497280424,0 37.39069393988605,36.73107918078667,0 37.39066444806151,36.73116050794592,0 37.39059308384945,36.7313698604128,0 37.39058524680258,36.73144378198194,0 37.39049627155839,36.73159617416253,0 37.39044490399198,36.73179981089913,0 37.3904231099049,36.73186282167104,0 37.3903985953262,36.73202923052473,0 37.39038098598942,36.73207004105456,0 37.39032161947413,36.7321796370203,0 37.39027103593337,36.73223559914709,0 37.39014195171409,36.73251674350173,0 37.38983225533649,36.73327344158018,0 37.38968573411886,36.73373198353038,0 37.38962951554712,36.73385722780083,0 37.38959003914579,36.73395736078989,0 37.38953382701245,36.73408260674052,0 37.38952455545358,36.73414085594636,0 37.38951577089155,36.73415221620304,0 37.38946404999013,36.73421908852652,0 37.38936550812486,36.73441403085017,0 37.38929511412403,36.73454823828916,0 37.38923443175649,36.73466414377648,0 37.38921500353063,36.73470074765248,0 37.38911060116727,36.73492886804075,0 37.38903999676711,36.7350656133277,0 37.38902871647381,36.73508746022874,0 37.38896707272596,36.73518161652439,0 37.38887563177534,36.73528044740878,0 37.38877286089932,36.73537713801711,0 37.38867454104802,36.73540784340907,0 37.38865925601797,36.73542166363405,0 37.38863812056502,36.7354878110322,0 37.38845161348969,36.73598289593993,0 37.3883567263575,36.73624775202515,0 37.38828082330905,36.73643031922737,0 37.38824050312967,36.73654418634093,0 37.3881439394489,36.73681871741986,0 37.388089450099,36.73696962059614,0 37.38804872608875,36.73709031147055,0 37.38800030706737,36.73737019526175,0 37.38797510942912,36.73746844914709,0 37.38795466225678,36.73758805107014,0 37.38793994970752,36.73763369488948,0 37.38785086312342,36.73792618824999,0 37.38778399160675,36.73820412103481,0 37.38771734820766,36.73853889812276,0 37.38764572787817,36.73877734828716,0 37.38761353372846,36.73887207588675,0 37.3875780908286,36.73899703902499,0 37.38756878388452,36.73921238226453,0 37.38755893124101,36.73939741526117,0 37.38753977650067,36.73958861896456,0 37.38714175418482,36.74082844253427,0 37.38697250653982,36.7413539646689,0 37.38684949774035,36.74173589936023,0 37.38669275873907,36.74220479590446,0 37.38582232350748,36.74206507697316,0 37.38580692281549,36.74248772795131,0 37.38576933731103,36.74263188072273,0 37.3857299380732,36.74292335938348,0 37.38580928804273,36.74293305674342,0 37.3859983868907,36.74295616271969,0 37.38585987746497,36.74344640241309,0 37.38569497622429,36.74395850771131,0 37.38560362624523,36.74434041113545,0 37.3854569009675,36.74487026763889,0 37.38529561675925,36.7453356254077,0 37.38511706171712,36.74583351531772,0 37.38507402948367,36.74617174434007,0 37.3849776263334,36.74676928113986,0 37.38492786913356,36.74698183846287,0 37.38487268347264,36.74714056562246,0 37.38462744539428,36.74715778973914,0 37.38452999831048,36.7476978515854,0 37.38449511672155,36.74799286686339,0 37.38444231985459,36.74828450262519,0 37.38437734259918,36.74889244962331,0 37.38437900914195,36.74912578740474,0 37.38438159061629,36.74912339032172,0 37.38816611584564,36.75226114526934,0 37.38934389577195,36.7532311804237,0 37.39010279876309,36.75388199675405,0 37.39084673651888,36.75449658264959,0 37.39239641150929,36.75577672575217,0 37.39320213080638,36.75643114724341,0 37.39440069022547,36.7574309855624,0 37.39551011655453,36.75833095100236,0 37.39624342514936,36.75893310028592,0 37.39690504044679,36.7594615561401,0 37.39728793584254,36.75980655387834,0 37.39845529443686,36.75928501309271,0 37.39871430541086,36.76056069441442,0 37.39893356097853,36.76198825880407,0 37.39907588381245,36.76291859184043,0 37.39935959135488,36.76362807591366,0 37.39945565989638,36.76382234380446,0 37.39960379659686,36.76411970165253,0 37.39975479749775,36.76433989285317,0 37.39979109236742,36.7646062136207,0 37.39989806557568,36.76488709061082,0 37.40000523735441,36.76506279562844,0 37.40012676755271,36.76514823824326,0 37.4003210811025,36.7652778742146,0 37.40046254424163,36.76535986331021,0 37.40065698036277,36.76549593070754,0 37.40071835944791,36.76557242898998,0 37.40084570505542,36.76575755120692,0 37.40096852269836,36.76591376534705,0 37.40111150742668,36.76607939556683,0 37.40117012171429,36.76622349702008,0 37.40121767193657,36.76641920703135,0 37.40126385955246,36.76675972490992,0 37.40128159568057,36.76707484238796,0 37.40128733308877,36.76739009578741,0 37.40126228631068,36.7681839228792,0 37.40121846030787,36.7685777901842,0 37.40115761808634,36.76897245257899,0 37.40147936622238,36.76900580667972,0 37.4021972694345,36.76911639705433,0 37.40260124121504,36.76911807137363,0 37.4031368647202,36.76910209886172,0 37.40361902752118,36.76914266612881,0 37.40412597342785,36.76914392025206,0 37.40489200728557,36.76920727209864,0 37.40504257406069,36.76923927910067,0 37.4047171853894,36.76932516903477,0 37.40432472981691,36.76935152165649,0 37.40395608385631,36.76936794002509,0 37.40351092176518,36.76946489402354,0 37.40315894142644,36.76957281214135,0 37.40288435849033,36.76964844762337,0 37.40251310751676,36.76968660912674,0 37.40193145239906,36.7697007066091,0 37.4016140933357,36.76973340236309,0 37.40085269500355,36.76992497105586,0 37.4005475025728,36.76996717623823,0 37.4002755653144,36.77002346708296,0 37.40016764979127,36.77002715219994,0 37.40008098819761,36.77004505956624,0 37.39999593009854,36.77010507884473,0 37.39985005734426,36.7702251454789,0 37.39978771135096,36.77030802702971,0 37.39898191299122,36.77088556059277,0 37.39835304040861,36.77081780123387,0 37.39629102047858,36.77060012543733,0 37.39556215308014,36.77049125358661,0 37.39555081893011,36.77051017146203,0 37.39483670415349,36.7707410739833,0 37.39443814703623,36.77087100422084,0 37.39337730234879,36.77088773911286,0 37.39246571885889,36.7708671478278,0 37.39188550924943,36.77087033440302,0 37.3916890641884,36.7708982080968,0 37.3916192730711,36.77091311690674,0 37.39145111605915,36.77095228809412,0 37.39122739552685,36.7710209620705,0 37.39101968008967,36.77106698370189,0 37.39086950200407,36.77113412118256,0 37.39072378456481,36.77122859617483,0 37.3905592863269,36.77133385255271,0 37.3903013092628,36.7714355069207,0 37.38973826716672,36.77164523714192,0 37.38955660369481,36.7717162476884,0 37.38945904640249,36.77174978155215,0 37.3894199681728,36.77176785158225,0 37.38917365536795,36.77182885285137,0 37.38906687052884,36.77185652205993,0 37.38885773079464,36.77194175007101,0 37.38859717330202,36.77204215863016,0 37.38850741028248,36.77208313163234,0 37.38838639436761,36.7721714406497,0 37.38827738731339,36.77227839609932,0 37.38813915376051,36.77238334802227,0 37.38796543148082,36.77246287383495,0 37.38780854740912,36.77249369627645,0 37.38751768929146,36.772639183713,0 37.38699232309954,36.77288838669182,0 37.38677982805419,36.77301706418442,0 37.38659567563944,36.7731462236458,0 37.38624825967945,36.77344259253788,0 37.38587544935015,36.77370684224107,0 37.38557448822245,36.77388140035472,0 37.38504798623936,36.7741690194572,0 37.38476924392646,36.77432431205994,0 37.38458834137177,36.77440572947466,0 37.3840945875534,36.77467294204392,0 37.38348591101202,36.77504218073299,0 37.38326469032737,36.77519742429619,0 37.38316518055669,36.77527030440909,0 37.38296218154041,36.77546553999197,0 37.38282641918396,36.77563370117458,0 37.38274097557876,36.77572248837992,0 37.3826205892309,36.77561693420363,0 37.38261315332952,36.77578736974432,0 37.38277058216522,36.7761726955567,0 37.38288947235723,36.77636137000401,0 37.38299115151176,36.77656573154035,0 37.38301831791574,36.77662145232491,0 37.383136518178,36.77686390956693,0 37.38317635155937,36.77700219769744,0 37.38321486333633,36.7770258004315,0 37.38336047630538,36.7773375828061,0 37.38346903691705,36.77753529345079,0 37.3836348331491,36.77780179403307,0 37.38375654889026,36.77808194798494,0 37.38383819221384,36.77834003659819,0 37.38395559338117,36.77858397541048,0 37.38402588238936,36.77869719146441,0 37.38415437794426,36.77897996917287,0 37.38415495647869,36.7789812455224,0 37.38433663844001,36.77942467052443,0 37.3846181161082,36.78006949102192,0 37.38466927489364,36.78014045970007,0 37.38475262416818,36.78029857525702,0 37.38484764197909,36.78061845746101,0 37.38487241583764,36.7807307936672,0 37.38495926481439,36.78088886830506,0 37.38508479747047,36.78103872902243,0 37.38515793382892,36.78110914958994,0 37.38524751691036,36.78121818096348,0 37.38527481716039,36.78125824943089,0 37.38529060468203,36.78128750073879,0 37.3852980760307,36.78132595301824,0 37.38535300470405,36.78146046388545,0 37.3854587271867,36.78169434086229,0 37.38561131148121,36.78200369436823,0 37.38564057690658,36.7820737444888,0 37.38580034427654,36.782392871414,0 37.38606882743773,36.78291768206634,0 37.38623523385086,36.78324448891433,0 37.38629129007034,36.78335958674562,0 37.38642578571734,36.78361143108455,0 37.38652360703448,36.78379506699148,0 37.38655114782545,36.78386654798814,0 37.38656818182066,36.78389727849731,0 37.38658371073268,36.78392529820193,0 37.38655799596898,36.78395515931082,0 37.3864965034161,36.78396643637823,0 37.38637948704713,36.78395618425995,0 37.38619991448005,36.78393684341886,0 37.38606423582632,36.7838647773063,0 37.38595063974089,36.78383046317754,0 37.38575522587398,36.78372167620605,0 37.38553494508929,36.78370898618727,0 37.38543525260251,36.7837129623739,0 37.3852933095364,36.7837033527517,0 37.38514008044884,36.7836502352268,0 37.38499298960534,36.78364631489548,0 37.3848562221607,36.78363242040299,0 37.38468765103296,36.7836020033299,0 37.38459120633981,36.78359186314393,0 37.38439734817482,36.78361523659544,0 37.38434870696929,36.78363551392599,0 37.3840732413025,36.78359789199126,0 37.38392921675554,36.78357000302998,0 37.38374076586933,36.78350462309945,0 37.38358660284296,36.78339941987692,0 37.38346660255522,36.7833445025851,0 37.38331733059654,36.78331667391359,0 37.38316624351466,36.78331106419301,0 37.38322595797494,36.78338987932214,0 37.38323127825603,36.78354476754945,0 37.38328305758805,36.78360532614708,0 37.38336223856566,36.7836390628072,0 37.38352610265364,36.78387161642122,0 37.38353212224403,36.78392455639578,0 37.38350448809865,36.78398305441836,0 37.38343545545164,36.78405572799813,0 37.38333954418098,36.78411341811304,0 37.3833235943894,36.78417782436788,0 37.38345123128123,36.78429866856639,0 37.38345783662275,36.78434904817987,0 37.38350325974687,36.78444332364143,0 37.38352443483294,36.78456387616642,0 37.38353164218561,36.78475339819799,0 37.38377830602034,36.78493860622716,0 37.38385019402453,36.78502492559086,0 37.3838542425018,36.78514414554883,0 37.38388517002915,36.78517283881718,0 37.38407002885459,36.78519821264182,0 37.38412372247094,36.78521581671165,0 37.38420279289502,36.78524173754936,0 37.3843320273019,36.78528644590946,0 37.38446629559106,36.78542351879778,0 37.38453627145855,36.78555590492795,0 37.3846592744242,36.78581815503873,0 37.38472788149326,36.78587444254023,0 37.38486362173509,36.78590548327264,0 37.38499402717212,36.78601541434058,0 37.38501356170573,36.78616197884414,0 37.38505944582604,36.78627018196618,0 37.38501884529366,36.78645550308844,0 37.38493334210491,36.7865869783537,0 37.38488275078349,36.78678057197717,0 37.38486433766361,36.78688408517915,0 37.38494729365787,36.78698641616847,0 37.3849730472286,36.78710300453047,0 37.38491305822119,36.78714991922923,0 37.3848447154655,36.78727270139451,0 37.38477493251429,36.78733875461715,0 37.38439082345004,36.78754506471416,0 37.38425451718437,36.78762947486464,0 37.38415917414977,36.78771927027989,0 37.38410394414434,36.7878193049408,0 37.38410920084161,36.78790028506702,0 37.38405192932338,36.78809820176712,0 37.38385750263716,36.78902097347442,0 37.38386824684058,36.78908965362816,0 37.38383141530441,36.78915583285392,0 37.3838009171663,36.78925710954845,0 37.38379507188825,36.78946054396233,0 37.38374305511874,36.7896339343186,0 37.38369541924965,36.7898393867215,0 37.38364582610421,36.79014731004528,0 37.38357190718332,36.79037141693932,0 37.38340962107673,36.79065006807976,0 37.3833225596178,36.79088350027234,0 37.38311808484415,36.79135377738584,0 37.38308788950955,36.7914718673528,0 37.38297216209635,36.79148544570916,0 37.38296033976658,36.79156815442295,0 37.38305738953397,36.79157314205616,0 37.38294889877115,36.79177776826657,0 37.38283269109693,36.7920818813405,0 37.3827718880624,36.79218962277447,0 37.38264918240482,36.79234395579719,0 37.38254308607887,36.79257608234019,0 37.38246468088762,36.79284958066427,0 37.38239037084843,36.79322829791466,0 37.38236827738881,36.79331554464452,0 37.38232227007892,36.79345108931293,0 37.38227382769406,36.7935766967747,0 37.38219281258736,36.7937706427661,0 37.38205454444499,36.79397612782127,0 37.38193988563516,36.79417861722547,0 37.38190138392439,36.79429323707797,0 37.38183579823885,36.79440545229409,0 37.38179186014391,36.79459352850131,0 37.38179709148474,36.79469676822003,0 37.38183910891276,36.79477783121789,0 37.38186006657779,36.79481564396848,0 37.3818608966154,36.79486184680398,0 37.38175309029697,36.79506969506023,0 37.38167917521725,36.79528258632309,0 37.38164955560459,36.79552323930441,0 37.3816306264045,36.79573956977145,0 37.38159322194445,36.79591534107011,0 37.38155537625933,36.79604809378243,0 37.38149901048446,36.79633478063504,0 37.38142106212599,36.79674938903575,0 37.38138772232082,36.79733966285981,0 37.38124226457168,36.79808618332432,0 37.38102667160933,36.79895715135864,0 37.38096142422625,36.79913528569767,0 37.38094062136641,36.79924765789446,0 37.38091512123467,36.79938047332858,0 37.3809005617147,36.79955801719561,0 37.38089562963101,36.79970690256436,0 37.38089954588273,36.79992500745566,0 37.38088950947756,36.8000719157435,0 37.3808733027689,36.80015773140483,0 37.3808497117535,36.80025586710757,0 37.38083006111869,36.80031137578688,0 37.38081562283588,36.80033394325253,0 37.38074292040451,36.80061477604184,0 37.38068786756824,36.80096355837541,0 37.38064275951604,36.80124931652952,0 37.38059816673361,36.80158963013081,0 37.38060490021525,36.80196468650749,0 37.38063572045546,36.80255149363661,0 37.38066211341492,36.8026330807247,0 37.3807122484987,36.80274258920922,0 37.38068909334424,36.80342992641965,0 37.38066477347425,36.80405203474332,0 37.38068041577431,36.8040611626398,0 37.38240800499671,36.80417724289303,0 37.38370626612967,36.8042775402146,0 37.38377694463487,36.80405253784665,0 37.38403780867664,36.80406743246591,0 37.38423785579235,36.80408946430617,0 37.38437381039653,36.80410373621621,0 37.38451725686984,36.80411603036296,0 37.38480067274403,36.80413780053921,0 37.38490854777768,36.80415056072727,0 37.3850395041651,36.80416365386345,0 37.38519266072005,36.80417667926348,0 37.38535305253222,36.80418928138143,0 37.3859574033855,36.80422732674253,0 37.38658069442118,36.80426816844342,0 37.38722851083171,36.80431904302986,0 37.38748360600849,36.8043453738632,0 37.38762266585957,36.80435569891692,0 37.38795412863387,36.80437590250766,0 37.38830154638603,36.80440312718773,0 37.38874965700955,36.80442766835512,0 37.38891261208126,36.80444924608877,0 37.38905691158507,36.80445968846607,0 37.38933781633232,36.80448572281631,0 37.38956427511432,36.80450386535701,0 37.389822911415,36.80452629874316,0 37.39021990372667,36.80455342491606,0 37.39038549537302,36.80456486917827,0 37.39087885203305,36.80460323215306,0 37.39100246499191,36.80461178768638,0 37.39142119831706,36.80464797582822,0 37.39154911263073,36.80466004135459,0 37.39174148583741,36.80467589353636,0 37.39197143312424,36.80469381404533,0 37.39215444832441,36.80471116269972,0 37.39232317544028,36.80471256784551,0 37.39268660271815,36.80472997635747,0 37.39329344063748,36.80477501212229,0 37.39366802473116,36.80481471368837,0 37.39391348590149,36.80483367400816,0 37.39437260887896,36.80488543470896,0 37.39477870275879,36.8049303442772,0 37.394932336847,36.80495532085487,0 37.39513626696261,36.80498777680257,0 37.39526357154092,36.80502113695282,0 37.39561041657458,36.80509986095684,0 37.39597962282016,36.80518554772912,0 37.39632274835856,36.80528304223522,0 37.39660786770801,36.80535476805459,0 37.39683393648486,36.80540746861519,0 37.39706819728318,36.80542728380431,0 37.3972787699462,36.80548454461282,0 37.39752069013691,36.80551566339717,0 37.3977550864288,36.80557988767902,0 37.39794605690849,36.80562316838688,0 37.3990405186958,36.80586307444553,0 37.39937680552364,36.80594035821618,0 37.39985742025303,36.80606851738725,0 37.40058376817441,36.80619485261838,0 37.40113890944063,36.80629987313625,0 37.40135997864694,36.80633763431719,0 37.40173275240796,36.80641158002081,0 37.40221809614751,36.80648907169871,0 37.40293603331018,36.80660552260616,0 37.404065655257,36.80680213563369,0 37.40443217436543,36.80686362049124,0 37.4047150496323,36.80692501294855,0 37.40431682308525,36.80789424734157,0 37.40425014713597,36.8079166127746,0 37.40418145450801,36.80797568490462,0 37.40409804653235,36.80811045367793,0 37.40401439735115,36.80823227557256,0 37.40393213439335,36.80828287588684,0 37.40381995926095,36.80832487301966,0 37.40425547759615,36.80971661294701,0 37.4042334908501,36.80976807658924,0 37.40406578034242,36.80992981952584,0 37.40390488703075,36.81004641920966,0 37.40371473703379,36.8102350503645,0 37.40367267905813,36.81030313886846,0 37.40363938111365,36.81043256907476,0 37.40359795633417,36.8105354696441,0 37.40353308588654,36.81060997064334,0 37.40343233960375,36.81067260676461,0 37.403255674151,36.81076276437921,0 37.40341824036596,36.81168894329871,0 37.40372158136098,36.81344426540009,0 37.40382212599813,36.81403296529062,0 37.40508449477407,36.81412617232614,0 37.40569753798814,36.81421724314966,0 37.40650942154881,36.81700777523493,0 37.40654275453539,36.81705674849709,0 37.40663412206224,36.81736224401681,0 37.40699523576523,36.81856965297141,0 37.40707341363226,36.818831045412,0 37.40747450613812,36.82020633544849,0 37.40853160780303,36.82365425330333,0 37.4084905941307,36.82373604653021,0 37.40855640455639,36.82396341708257,0 37.40882600935083,36.8248341258974,0 37.4091813507068,36.82478136321571,0 37.40963897661347,36.82635381691989,0 37.40967858649664,36.82653783700232,0 37.40956431264847,36.82656346937746,0 37.40954149348013,36.82663656489319,0 37.40963313097409,36.82669373721858,0 37.40991061025539,36.82667588241748,0 37.41003865426866,36.82674233396048,0 37.41003963414501,36.82679572465637,0 37.40992967294994,36.8277146263646,0 37.40982409149751,36.8292015110504,0 37.40974659437116,36.82958597731271,0 37.40913097110867,36.829607838729,0 37.40914083758699,36.82981648883143,0 37.40912455142769,36.83095290514834,0 37.40912414144502,36.83176400159127,0 37.40911147209707,36.83246258920983,0 37.40909735878846,36.8333598674658,0 37.40911309104304,36.83407860406482,0 37.40913398730005,36.83466209600196,0 37.40917612901192,36.83529244007398,0 37.40920320424838,36.83579597871392,0 37.40926961456086,36.83622122000364,0 37.40941744056659,36.83677862668002,0 37.40952060879781,36.83726282598319,0 37.40965723883473,36.83776506519745,0 37.4098335174543,36.8384839424339,0 37.40997944748405,36.83907619000243,0 37.41008804565135,36.83943947990459,0 37.4101190771538,36.83960296757672,0 37.41024206381102,36.83991693545153,0 37.4102684919464,36.84010710129612,0 37.41024111403621,36.84028152479589,0 37.41017937405267,36.84038876434299,0 37.41011388868929,36.84043050562006,0 37.41006147402152,36.84057357473226,0 37.40951754470391,36.84058791540383,0 37.4093306873381,36.84060955363424,0 37.40928912666408,36.84064888436372,0 37.40886152728568,36.8410472093838,0 37.40820169530296,36.84162791902664,0 37.40767240117452,36.84208084677554,0 37.40739131791004,36.8422346813996,0 37.40714974803906,36.84223754145908,0 37.40705951873702,36.8422580285845,0 37.40704335895833,36.84236502969637,0 37.40748663580705,36.84350421115704,0 37.407579118035,36.84391548816964,0 37.40738953165355,36.8439532373003,0 37.40705381588768,36.84398998055422,0 37.40699332098772,36.84402620081902,0 37.40695075702606,36.84411409186284,0 37.40694147540588,36.84434906576674,0 37.40663148491677,36.84430630647901,0 37.40660520744024,36.84435577399551,0 37.40664677768696,36.84458468223774,0 37.40668569692902,36.84466888052756,0 37.40669039591143,36.84473982960692,0 37.4066157042631,36.84474344547071,0 37.40655695400675,36.8446895203418,0 37.40646843003837,36.84467964380389,0 37.40636012278065,36.8447027735083,0 37.40625591168335,36.84476408711724,0 37.40624352287665,36.84482977634725,0 37.4062407756742,36.84495816223932,0 37.40628121541608,36.84518708396988,0 37.40577470475041,36.84523676656854,0 37.40432024627429,36.84547607981014,0 37.40298255238948,36.84565937311122,0 37.40163159700313,36.84586101579122,0 37.40069642275961,36.84600676383335,0 37.39980752126115,36.84612863734267,0 37.3991896319511,36.84620513339446,0 37.39789692099962,36.84638515141866,0 37.39708655046545,36.84647708406465,0 37.39657906774751,36.84653578534376,0 37.39616636880625,36.8466197406598,0 37.3960535098522,36.84661791991125,0 37.39605694111763,36.84667270547664,0 37.39627141718849,36.84740610404086,0 37.39632016050855,36.84767876688721,0 37.39654709480908,36.84882699840752,0 37.39678717722612,36.84885729723938,0 37.39704186462842,36.84983132070071,0 37.39758098520665,36.8517148569042,0 37.39777845487548,36.85237492070912,0 37.39772434910254,36.85265707268587,0 37.39769775367614,36.85317694570918,0 37.39753517773598,36.85316022424792,0 37.39726761918721,36.85317786227028,0 37.39717025118604,36.85320591527069,0 37.39713102033139,36.85324398179289,0 37.39735742625302,36.85454524019543,0 37.3980405490555,36.85457334847362,0 37.39802839484302,36.85474298392577,0 37.39802825384085,36.85486721579326,0 37.39802143794689,36.85498891139147,0 37.39801145758081,36.85518506916335,0 37.39800722769192,36.85532488825697,0 37.39799271235088,36.85576796853228,0 37.39799419999632,36.85584963826648,0 37.39798342610856,36.85600223882208,0 37.39797726683684,36.85616023451158,0 37.39796778218553,36.85638361549017,0 37.39796312243417,36.85649983988049,0 37.39796002849397,36.85657793055215,0 37.39794827636038,36.85682161132289,0 37.39793961854695,36.85702834236236,0 37.39789231753193,36.85790382050943,0 37.39788634171958,36.85805614111903,0 37.39787231131348,36.85824198460617,0 37.39787152033402,36.85834334154418,0 37.39785748674728,36.85856496307949,0 37.39784940135126,36.85883415919987,0 37.39783930109922,36.85903928168239,0 37.39783709196275,36.85928980604321,0 37.3978320969795,36.85938788581756,0 37.39782966401667,36.85950227109106,0 37.39782339467987,36.85959219533033,0 37.3978228540938,36.85972773610042,0 37.39805218523008,36.85973838810721,0 37.39828432721422,36.85974760820329,0 37.39876726297044,36.85975706590916,0 37.39896927597107,36.85976309643809,0 37.39915972132734,36.8597693529157,0 37.39932168813423,36.85976737744501,0 37.39949344400657,36.85977131254989,0 37.39989429248291,36.85979677586711,0 37.4000791220445,36.85980079399351,0 37.40028599771001,36.8598048872521,0 37.40014971711157,36.86092012328212,0 37.39999383658739,36.86215666993975,0 37.39996464702023,36.86229561882906,0 37.39982905593498,36.86344908199784,0 37.40085783480279,36.86345262624287,0 37.40125993578202,36.86346700177462,0 37.40126711523122,36.86371545458134,0 37.40123322998312,36.86547896350899,0 37.4012164002641,36.86615581851768,0 37.40086908824775,36.86618913899021,0 37.40080115036993,36.86711174946102,0 37.40070781658538,36.86810000876331,0 37.4005465384312,36.87001087788917,0 37.40025109924019,36.87012769068443,0 37.39987375677491,36.87030911793094,0 37.39958655899257,36.87053845846117,0 37.3994839220088,36.87063857292793,0 37.39932838068527,36.87076755748912,0 37.39931701566177,36.8709007025973,0 37.39929361227814,36.8710044322041,0 37.39925983040779,36.87116924744024,0 37.39916272100435,36.87139207755737,0 37.39903106586518,36.87161162011888,0 37.39893874892336,36.8717672059172,0 37.39885357646779,36.8718882901468,0 37.39882788619001,36.87186642373017,0 37.39878392021694,36.87192879852338,0 37.39868563441931,36.87292782366259,0 37.39848751407586,36.87285966468465,0 37.3983331731553,36.87280273776541,0 37.39805722755694,36.87270619971833,0 37.39794822419731,36.87266685669271,0 37.39762263296145,36.87561611843429,0 37.39777802080415,36.87555814772143,0 37.39882289799679,36.87532931363288,0 37.39905006623616,36.87544556907933,0 37.40004262310916,36.8746839404778,0 37.40050413445201,36.87438145176157,0 37.40032953368865,36.87401686243781,0 37.4001214627926,36.87376325007673,0 37.39958756164857,36.87336542984436,0 37.40005511819432,36.87350539960555,0 37.40078089067055,36.87359980619442,0 37.40143516367904,36.87363842577721,0 37.40143528954551,36.87259341126985,0 37.40142683469055,36.87185016120689,0 37.40209560341061,36.87182648962824,0 37.40257342971318,36.8718208523879,0 37.40262859869983,36.87177935229376,0 37.40332448095892,36.87174254477591,0 37.40349304433568,36.87317435208904,0 37.40463178707441,36.8731649871824,0 37.40497715348843,36.87314456493177,0 37.40556053962162,36.87307231067309,0 37.40677874030543,36.87295986130862,0 37.4079612033029,36.87283965424683,0 37.40891536335717,36.87274665051554,0 37.41089013721113,36.87258025731773,0 37.41228686519054,36.87277608507238,0 37.41219375220212,36.87290981890454,0 37.41203537627295,36.87299306533669,0 37.41168085118501,36.87313431272455,0 37.41127274557704,36.87355026905312,0 37.41089839559224,36.87377311389383,0 37.41068179086273,36.87387846186584,0 37.41057508378707,36.87397782497232,0 37.41037585058078,36.8741134460263,0 37.41012674231651,36.87446214542986,0 37.41001047836934,36.87447793069806,0 37.4099243503436,36.87466983291355,0 37.40957886616153,36.87489722368813,0 37.40923857212778,36.87491926611484,0 37.40945208585867,36.87531650196072,0 37.41013285437028,36.87503831581485,0 37.41047966188007,36.87488293741963,0 37.41100653601328,36.87476863843109,0 37.41150605660712,36.87462945139568,0 37.41242062390133,36.87463299471121,0 37.41262194775933,36.8743676916364,0 37.41295493894193,36.87394956048878,0 37.4132020962829,36.87354178388976,0 37.41377286139243,36.87336628115779,0 37.41452776165267,36.87330668468243,0 37.41498058605679,36.87318881843946,0 37.41525803292119,36.87305054265881,0 37.41532614885983,36.87294850130064,0 37.41557819566153,36.87295112490789,0 37.41600406135677,36.87288981245914,0 37.41634376290819,36.87271142654249,0 37.41673789499545,36.87244803144331,0 37.41683119689014,36.87219384658381,0 37.41652989387934,36.87179814278496,0 37.415914085732,36.87142868111092,0 37.41592289126164,36.87114738454876,0 37.41653011825222,36.87067336822784,0 37.41717011032877,36.87045765835078,0 37.41802160043616,36.87032377884715,0 37.4180064946048,36.86988529730058,0 37.41801643575024,36.86966584775545,0 37.41860250921722,36.86956325030126,0 37.41900506983217,36.86937848224438,0 37.41935260767615,36.86886818489997,0 37.41972342533889,36.8684813334491,0 37.42013799433393,36.86818956567063,0 37.42079026433333,36.86826050556084,0 37.42098613364551,36.86824174144265,0 37.42102277267575,36.8682382326157,0 37.42112564619045,36.86822837596874,0 37.42128503654943,36.86814211400226,0 37.42153854132105,36.86784664169939,0 37.4216595026078,36.86757524960338,0 37.42198088451131,36.86754328691564,0 37.42222758281505,36.86763594044468,0 37.4226400443711,36.86760851005074,0 37.42354810207168,36.86750765736097,0 37.42389089272377,36.867497928008,0 37.42403209533356,36.86831731914838,0 37.42416996086633,36.86895678672973,0 37.42433633609804,36.8701328232285,0 37.42343212093508,36.86967520877207,0 37.42359971938907,36.87062471611456,0 37.42378206221355,36.87153249658382,0 37.42427658258076,36.87142685037156,0 37.42480197114835,36.87131252095034,0 37.42588523227868,36.87116241483103,0 37.42586670753989,36.87100058810619,0 37.42722870290871,36.87082219529663,0 37.42862148294923,36.87063095026005,0 37.42955038668875,36.87052421629621,0 37.43043050685427,36.8702975631688,0 37.43079158541769,36.87024751255013,0 37.43108374707706,36.87204730087831,0 37.43126858514921,36.87308384527054,0 37.43263414663299,36.87281809055364,0 37.43405972294597,36.87244356338788,0 37.43378864974205,36.87011583234771,0 37.43364413716446,36.86902479063552,0 37.43461227119097,36.86935798179127,0 37.43496978443252,36.87215834527311,0 37.43568935392754,36.87499990040738,0 37.43238988145871,36.87587633052009,0 37.43216391454017,36.8759276680598,0 37.43210625125507,36.87608028614674,0 37.4322949031284,36.87631371231964,0 37.43247195063529,36.87657368521545,0 37.43251945343836,36.87693351035371,0 37.43277327440379,36.87742190134101,0 37.43292280356995,36.87766400467137,0 37.43338829264916,36.87832458005365,0 37.4336251972394,36.87863479431891,0 37.43388111128474,36.8789921039097,0 37.43421094203844,36.87942496873178,0 37.43433667158866,36.8796054716767,0 37.43436889283732,36.87987446995408,0 37.43437934616077,36.88019105622131,0 37.43439842240103,36.88024179127295,0 37.4344847073577,36.88025166994662,0 37.43458032517321,36.88027599997467,0 37.43466061184636,36.88044976734598,0 37.43473545003339,36.88081654143578,0 37.43469937448517,36.88106816362357,0 37.43475619376154,36.88119853097977,0 37.43501191534339,36.88154491800979,0 37.43518823524458,36.88176485207015,0 37.43560229819209,36.88233867075749,0 37.43603847391367,36.88288309784573,0 37.43622886825047,36.8831283409985,0 37.43656302008492,36.88330632174412,0 37.43685748897153,36.88354302699002,0 37.43701865637468,36.88367941141887,0 37.43726086412117,36.8839806264245,0 37.43735271940181,36.88420015159502,0 37.43709810804929,36.88425225965714,0 37.43646927538671,36.88428437727755,0 37.43579513456445,36.88434155227011,0 37.43554999843654,36.88435897398013,0 37.43522367948501,36.88438216211019,0 37.43471177582661,36.88443902172116,0 37.43360328955953,36.88433784641601,0 37.43262215117683,36.88433593142353,0 37.43251675862346,36.88438336327926,0 37.43249132501546,36.88448522935978,0 37.43241377606873,36.88454106171019,0 37.43229207352045,36.8846111506442,0 37.43225333299029,36.88473239225396,0 37.43232753700932,36.88486325213141,0 37.43247404636015,36.88502343340379,0 37.43228951640265,36.8850229117901,0 37.43187206232761,36.88499225955043,0 37.43189712115949,36.88523625122922,0 37.43200096289597,36.88549027319285,0 37.43200219313363,36.88555613557141,0 37.43186130344672,36.88551391427566,0 37.43159829931351,36.88551982813854,0 37.43118391651111,36.88565382682604,0 37.43047096008799,36.88608512134235,0 37.4292712082957,36.88679949838148,0 37.42735839132009,36.88794239445205,0 37.4277887583933,36.88903242979496,0 37.42800617057461,36.8896968204831,0 37.42841682587419,36.89082826301159,0 37.42853745091028,36.89124952437106,0 37.42906100422356,36.8912871471175,0 37.42951250383048,36.89130916572597,0 37.42959791751638,36.89130813794497,0 37.42968052936736,36.8913400833034,0 37.42986869774611,36.89135154306302,0 37.4300530894361,36.89134383463844,0 37.43014451832593,36.89129881655103,0 37.43035236613653,36.89126612293927,0 37.43042365218675,36.89124056049617,0 37.4305428726784,36.89121991164254,0 37.4306798439269,36.89123473109278,0 37.4308133456985,36.89124684946535,0 37.43097713570116,36.89123389691068,0 37.43077183060296,36.89176887406433,0 37.4306339701885,36.89207246956531,0 37.43033689282339,36.89226818548145,0 37.42993916140929,36.89256392883905,0 37.4299405949945,36.89264076855853,0 37.43054873734444,36.89256067722253,0 37.43129397169278,36.89246252905102,0 37.4316591922338,36.89243891506133,0 37.43217610274701,36.89235165966296,0 37.43257740460044,36.89224890744485,0 37.43303147953751,36.89216808965992,0 37.43307312760272,36.89215412244572,0 37.43328270144539,36.89282817861979,0 37.43347319007319,36.89337792033646,0 37.43356284279029,36.89368988500461,0 37.43366895859727,36.89407387118638,0 37.433711183043,36.89422666999806,0 37.43387446224959,36.89466565804508,0 37.43405500815521,36.89468367600203,0 37.43464472500749,36.89461933399826,0 37.43481742879085,36.89444221274133,0 37.43487151976056,36.89442136219814,0 37.43525636717949,36.89438305488238,0 37.43576760590726,36.89438024533142,0 37.43600457746301,36.89450192714906,0 37.43606894015826,36.89458193627292,0 37.4363768543083,36.89446376815162,0 37.43652592704282,36.8943677154945,0 37.43669525588032,36.89423439122724,0 37.43686933979374,36.89413130325815,0 37.43691930441518,36.89421805268658,0 37.43695597853305,36.89428173098599,0 37.43699857347536,36.89431824222311,0 37.43710681709951,36.89427990639827,0 37.43718135286594,36.89423187964647,0 37.43725633033301,36.8942074109429,0 37.43738621833324,36.8942058394635,0 37.43761242232625,36.89411293201074,0 37.43771778874502,36.89402769639381,0 37.4376949620919,36.89397720384826,0 37.43766020222959,36.89393857255423,0 37.43770071627382,36.89389512530262,0 37.43777816081156,36.89387661638821,0 37.43784437016183,36.89390705698681,0 37.43794846694025,36.89401318944904,0 37.43803444914063,36.89406096407262,0 37.43813384372296,36.89404609243708,0 37.43823743738286,36.89399602475488,0 37.43836533907512,36.89394566087446,0 37.43843306200429,36.89392726923787,0 37.43847942562867,36.89393647129192,0 37.43865042710539,36.89411013344572,0 37.4387091614958,36.8941309006408,0 37.43876977770458,36.89412235651069,0 37.43883271547012,36.89410792761258,0 37.43889649392381,36.89413839705914,0 37.43897460036143,36.89415502447265,0 37.43905941035049,36.89414032872011,0 37.43913431553761,36.89411599126098,0 37.43920719463668,36.89411315497457,0 37.43929155499627,36.89420390527825,0 37.43934051968952,36.89435170976768,0 37.43932718389071,36.89441825837118,0 37.43925242514662,36.89445040600786,0 37.43917751967614,36.89447474354638,0 37.4391665397054,36.8945373603812,0 37.43926168524866,36.89468460543688,0 37.43932969232908,36.89481069893873,0 37.43941343032614,36.89486826316499,0 37.43946480208887,36.89488521417173,0 37.43956687430967,36.8950128499705,0 37.43961930738222,36.89508641163638,0 37.4397223813748,36.89513788289818,0 37.43992425133076,36.89527211890445,0 37.4401406214744,36.89517921051291,0 37.44038141974081,36.89506147983859,0 37.44057193822442,36.89496620628088,0 37.44065108315925,36.89496139017024,0 37.44071153006411,36.89498379887262,0 37.4407867369008,36.89515259354243,0 37.44122363148675,36.89514729587253,0 37.441478014798,36.89514035314023,0 37.44163365086146,36.89511725280929,0 37.44179794419987,36.89504390555642,0 37.44214514930374,36.89499340949759,0 37.44238673078397,36.89494419309868,0 37.44243244862248,36.89494942434498,0 37.44246596546059,36.89498372819728,0 37.44256465411857,36.89508474133299,0 37.44262309605406,36.89525566835264,0 37.44276701046534,36.89550269526256,0 37.44287211530316,36.89572898159394,0 37.44287516204092,36.89573266939665,0 37.44306131426994,36.8959581026891,0 37.4432210181472,36.89615094100921,0 37.44342055026223,36.89636202193046,0 37.44355841178331,36.89652866407503,0 37.44385108233881,36.89696693926813,0 37.44403553527849,36.89761993334461,0 37.44414573270021,36.89790713735662,0 37.44425950271068,36.89818528043067,0 37.44439407763346,36.89857437936145,0 37.44455808046919,36.898737698387,0 37.44466263439519,36.89882759906202,0 37.44472891138293,36.89897609337571,0 37.44493731925468,36.89920223312223,0 37.44524765921129,36.89985411892595,0 37.4455627142194,36.90041228212625,0 37.44592665152717,36.90115717798109,0 37.44631062134371,36.90193305248923,0 37.44664336554357,36.90274077145483,0 37.44703501542435,36.90392243409907,0 37.44717076948061,36.90424860959934,0 37.44694449388479,36.90441006383887,0 37.44684303852155,36.90471457622072,0 37.44678602142132,36.90508352493907,0 37.44667626420717,36.90548308913721,0 37.44648242152003,36.90594790880463,0 37.4462349486858,36.90667886543375,0 37.44616629680784,36.90699657231104,0 37.44591970679152,36.90777462077321,0 37.44566753705048,36.90825727553798,0 37.44548757657584,36.90889320580661,0 37.44541461284537,36.9092441688834,0 37.44524822674665,36.90961154085526,0 37.44504365002786,36.91016804984736,0 37.44483440342393,36.91097310450009,0 37.44459186057441,36.9118091693668,0 37.44446317768142,36.91217118370301,0 37.44438857222667,36.91248153382545,0 37.44431165363694,36.91289392675662,0 37.44422659208328,36.91309898873421,0 37.44412042324555,36.91330770771032,0 37.44394497215564,36.91366008876643,0 37.44385971654668,36.91385495154026,0 37.44369157708581,36.91414603557936,0 37.44364383959022,36.91475870052641,0 37.44362375175706,36.91526561420431,0 37.44357088223313,36.91583073538383,0 37.44352603126416,36.91637195423268,0 37.44349362959061,36.91667498986214,0 37.44348599052591,36.9169437202298,0 37.44346525638327,36.91764106740302,0 37.44343811573464,36.91799844768749,0 37.44263531656899,36.91784529265117,0 37.44017969086176,36.9173997529192,0 37.43833346948013,36.91703591038075,0 37.43688550120397,36.91676908142417,0 37.43510840313285,36.9164255728618,0 37.43529119018498,36.91664194332861,0 37.43601377665527,36.91720493410959,0 37.43638185505326,36.91740657073658,0 37.43684023927452,36.91756722761044,0 37.43720079273627,36.9178088406271,0 37.43781816542459,36.91849940289151,0 37.4382133038838,36.9191154559094,0 37.43841868266539,36.91947928536,0 37.43864422217044,36.91979199170806,0 37.43912804171389,36.92037637594872,0 37.43940334651811,36.92069933676121,0 37.43933379751892,36.92159340939685,0 37.43930531867577,36.92169980032591,0 37.43858821063875,36.921655462122,0 37.43837538376692,36.92141331888021,0 37.43817771753053,36.92116691185819,0 37.43803145071558,36.92095251330336,0 37.43788049198763,36.92075856312242,0 37.43746699524462,36.92038017044409,0 37.43731233689347,36.92025968077021,0 37.4372204610956,36.92023632103379,0 37.4366708118678,36.92018178856579,0 37.43657232835633,36.92007693396207,0 37.43657018613887,36.91996275622326,0 37.43540418238454,36.91981777970043,0 37.43525332788126,36.92071283491747,0 37.43509082651768,36.92179972691102,0 37.43398020714031,36.92162959587288,0 37.43376857502178,36.922806811358,0 37.43364337128533,36.92350579839385,0 37.43342946629217,36.92355148666373,0 37.43308818226188,36.92363186900137,0 37.43278812640713,36.92370843725424,0 37.43243395583605,36.92376244550474,0 37.43219828860259,36.92374870720947,0 37.43187134769978,36.92371285876626,0 37.43162618306303,36.92363291552727,0 37.43138508584425,36.92354960882111,0 37.43074875540417,36.92331189748705,0 37.43041989676873,36.92317327490056,0 37.4299787489202,36.92299289707206,0 37.42975731124713,36.9228562949188,0 37.4294898338474,36.92268708912869,0 37.42938062090098,36.92258892608098,0 37.42923307309428,36.92242822345494,0 37.42911905359004,36.92229364308911,0 37.42899696030999,36.92216910876443,0 37.42883426009664,36.92208153775281,0 37.42863113389334,36.92204087312314,0 37.4284364532928,36.92201005558077,0 37.42831960580391,36.92194514252409,0 37.42815048777444,36.9217349600432,0 37.42806899467735,36.9216359902839,0 37.42795559610847,36.92156629784589,0 37.42788058555457,36.92149851345405,0 37.42788044273709,36.92133272106474,0 37.42785481691617,36.92122408012287,0 37.42776800842899,36.9211564356874,0 37.42768824507428,36.92115028912696,0 37.4275519618453,36.92111876810459,0 37.4274270797297,36.92106579366622,0 37.4273277230728,36.92095803691765,0 37.42722704474791,36.9207792418493,0 37.42710277040437,36.92060073021472,0 37.42686746647123,36.92095409220958,0 37.42645777132866,36.9216056078021,0 37.42616053189232,36.92211839917313,0 37.42479434374066,36.92162319973658,0 37.42313518842343,36.92102353183152,0 37.42284865999969,36.92140291387269,0 37.42261675430063,36.92132214606448,0 37.42210829322739,36.92195780435815,0 37.42173375059185,36.92240089605548,0 37.42106284304449,36.9232950948376,0 37.42114574631734,36.923356761316,0 37.42119118629637,36.92345838019529,0 37.42117172919983,36.92358727273049,0 37.42102498482416,36.92392237216617,0 37.42111060372136,36.92403030217483,0 37.42406131217835,36.92530104149411,0 37.42410375724675,36.92540186435527,0 37.42389753187921,36.92594718993642,0 37.42357326062815,36.92693182911789,0 37.42330871001534,36.927734802506,0 37.42278847531643,36.92909092837837,0 37.42248422094202,36.92994142107359,0 37.42213354618473,36.93096256426014,0 37.4220448834074,36.93128571722519,0 37.42202174003671,36.93149589660356,0 37.42216461143992,36.93239170286117,0 37.42164562611198,36.93236172495779,0 37.42130261643357,36.93234049599433,0 37.42093155873022,36.93226531729386,0 37.42085943154839,36.93275112815725,0 37.42111754673479,36.93281318297689,0 37.42081225486724,36.93360939927177,0 37.42052646272145,36.93448499874657,0 37.42043160180335,36.93471775008361,0 37.42030733896102,36.93506666221588,0 37.42018657660434,36.93536124621605,0 37.42003002250711,36.93567073379418,0 37.41951952009784,36.93658520777515,0 37.41954036799061,36.93673695790243,0 37.41916781184365,36.9365821727838,0 37.41894110427685,36.93651249982739,0 37.41867356012676,36.93642883860364,0 37.41832448367424,36.93632443795143,0 37.4179765478904,36.93628154392642,0 37.41790315685247,36.93621365841523,0 37.41792200705325,36.93601438656675,0 37.41792030139165,36.93592233403605,0 37.41791965833279,36.93588774995514,0 37.41773795959148,36.93581391875954,0 37.41740879226033,36.93581060940811,0 37.4171636556164,36.9357194403233,0 37.41699150936506,36.93567444538448,0 37.41690923836407,36.93561390395215,0 37.41625244770609,36.9356904970732,0 37.41545606246001,36.93577598931341,0 37.41550428080964,36.93594550818236,0 37.41502704124343,36.9359801455255,0 37.41447882106706,36.93607714956477,0 37.41441056990462,36.93579929834501,0 37.41436304662792,36.93542348689621,0 37.41384975248001,36.93545854889867,0 37.41355051255633,36.93545489233354,0 37.41337481707228,36.93542250533585,0 37.41328543887388,36.93541296052518,0 37.41304131108909,36.93543177762607,0 37.41292560849352,36.93542784915633,0 37.41286561584927,36.93539938986906,0 37.41282475744739,36.93533357386289,0 37.41281032141594,36.93526744529386,0 37.41276902032088,36.93517776483186,0 37.41270489448159,36.93510427142253,0 37.41263421042518,36.93503350497681,0 37.41256712154801,36.93497860945754,0 37.41253073959034,36.93497638963027,0 37.4124786760633,36.93501944313088,0 37.41242291731547,36.9350413216447,0 37.41231411393808,36.93505322424981,0 37.41222143490707,36.93504371788885,0 37.41216785432798,36.93500457343126,0 37.41214370602631,36.93494916702238,0 37.41212941740842,36.93489099077271,0 37.4120793829905,36.93486506525088,0 37.41210612433949,36.93506100106578,0 37.41223210497604,36.93597976767485,0 37.41228913790562,36.9363848562576,0 37.41153396500714,36.93646013360406,0 37.41143052289571,36.93586730022491,0 37.41097844990999,36.93589653864722,0 37.41102574197435,36.93613201034754,0 37.41031686132119,36.93620938246409,0 37.41037759075768,36.93717401279947,0 37.40991890435294,36.93720332580167,0 37.4090797762388,36.93720532629906,0 37.40907195041186,36.93713911702943,0 37.40903517692126,36.93711568547327,0 37.40895546418021,36.93709276158317,0 37.40889221674203,36.93706699150113,0 37.40885830766707,36.93701965619918,0 37.40884343530836,36.93692966260765,0 37.40882530811561,36.93684236021746,0 37.40877852834713,36.93681374211085,0 37.4087150393669,36.93677471364774,0 37.40864159058257,36.93673315250798,0 37.40859742908145,36.93666737421563,0 37.40857639123203,36.93660132162194,0 37.40852227451616,36.93653301059608,0 37.40845888124746,36.93649928423412,0 37.40835541366994,36.93644216701364,0 37.40826943603901,36.93643788148077,0 37.4081825824073,36.93638587045841,0 37.40815030243739,36.93606800545381,0 37.40806130295411,36.93536095961321,0 37.40799913810699,36.93485515092799,0 37.40779148755592,36.93488148069617,0 37.40774081475676,36.93410237452351,0 37.40738769136725,36.93412247199671,0 37.40702461270146,36.93414003198099,0 37.40670806526319,36.93417295342051,0 37.40631253945826,36.9342227212807,0 37.4061313651461,36.9342513871847,0 37.40614084673865,36.93440774720365,0 37.40597919671603,36.93442026794231,0 37.40577149781407,36.93444394215413,0 37.40567600584097,36.93446098447991,0 37.4055217397507,36.93451585145796,0 37.40537111788843,36.93458923965007,0 37.40521758384521,36.93468387744372,0 37.40514628106629,36.93475897932252,0 37.4051434642998,36.93478553316659,0 37.40522764568418,36.93487205637324,0 37.40531552039072,36.93497975113967,0 37.40540762419305,36.93513778602105,0 37.40547675122878,36.93530404693676,0 37.40549443592369,36.93536748721627,0 37.40540500990749,36.9353552862375,0 37.40538018461887,36.93526275734686,0 37.40529240909707,36.93516036484489,0 37.40520181481443,36.93508452614189,0 37.40509208727116,36.93504604283586,0 37.40494942545369,36.93501325425964,0 37.40485679585073,36.93500639234401,0 37.4048232309439,36.93497761811332,0 37.40474366538708,36.93496264558767,0 37.40460503746301,36.93496958874856,0 37.40446689612524,36.9350030465087,0 37.40418770091929,36.93509121312258,0 37.4041225152635,36.93513972154567,0 37.40412387747962,36.93521396360453,0 37.40415303818308,36.93572281556983,0 37.40380039464901,36.93576941548046,0 37.40381574723308,36.9358859246142,0 37.40277033983031,36.9359884448173,0 37.40287182701561,36.93701889881184,0 37.40100432373088,36.93715232627482,0 37.4007798062536,36.93752095877652,0 37.4006241251088,36.9374989253815,0 37.40041535060929,36.93746425856769,0 37.40020594327493,36.93739512055002,0 37.40009946773989,36.93735394351366,0 37.39980710889135,36.93726677674239,0 37.39953373602234,36.93721572348304,0 37.39915174878343,36.93709730632305,0 37.39877765842952,36.93697560350077,0 37.39851264963611,36.93694679816797,0 37.39840858874968,36.93701985630106,0 37.3982567247189,36.9370886892239,0 37.39815497495267,36.93717928074008,0 37.39802264121631,36.93722872779985,0 37.39777002097153,36.93733386428072,0 37.39761116578254,36.93745545571967,0 37.39750921072116,36.93753487469484,0 37.39743014268633,36.93766989449931,0 37.39737949899048,36.93772795730744,0 37.39714974565014,36.93777854974887,0 37.396997995489,36.93785376434189,0 37.3967585825799,36.9380289811762,0 37.39663121618132,36.93813264191785,0 37.39658694279351,36.93821297828848,0 37.39666245965952,36.93831904260842,0 37.39665356560305,36.93837661406272,0 37.39651365773262,36.93844690075832,0 37.39630816528061,36.93851955328916,0 37.39618682657733,36.9386421216981,0 37.39599092572821,36.9388137006707,0 37.39562645828712,36.93883700342757,0 37.39503042526657,36.93872238416925,0 37.39461693286844,36.93863972351385,0 37.39424787874228,36.93857637824881,0 37.39411510270524,36.93854563747082,0 37.39397262826495,36.93861344829971,0 37.39345424253885,36.9389779119632,0 37.39295740093672,36.93936826998103,0 37.39244691972895,36.9397464815943,0 37.39204631726264,36.94005572400458,0 37.39166773599885,36.94041700382419,0 37.3913422352854,36.94074689979631,0 37.39072887064481,36.94136933182888,0 37.39029980697251,36.94180041287909,0 37.38999561992291,36.94214389886572,0 37.38986536747326,36.94226134653784,0 37.38985044677385,36.94227479856462,0 37.38886529224534,36.94216663422246,0 37.38826358841797,36.94209511612819,0 37.38768579985099,36.94202968208008,0 37.38739158043915,36.9419949043202,0 37.38720313029581,36.94210276467927,0 37.38657309401793,36.94217171140289,0 37.38600490787064,36.9421895407838,0 37.38557261667288,36.9422001829047,0 37.38526985278516,36.94223730886858,0 37.38518737258574,36.94225104027331,0 37.38313518177878,36.94261492854125,0 37.38268403997061,36.94274056217085,0 37.3823714679157,36.94281419068368,0 37.38050197180462,36.94305949242546,0 37.3802908413211,36.94309594493201,0 37.37996012264683,36.94313058378632,0 37.37962879790188,36.94313163160933,0 37.37927471386057,36.94320259245675,0 37.37785810179926,36.94338734808976,0 37.37766368000857,36.94343719571514,0 37.37734008576353,36.94348014212019,0 37.37694537511776,36.94364149519434,0 37.37676771878645,36.94365395111819,0 37.37651871071272,36.94366083671088,0 37.37633612775361,36.94362095850074,0 37.37581782459316,36.94361496521201,0 37.37558279035883,36.94356769431541,0 37.37525256751813,36.94349153054242,0 37.37497807662206,36.94346671287258,0 37.37478108709217,36.94345699577883,0 37.37427490169243,36.94334664906227,0 37.37348126593719,36.94322765266955,0 37.37272818089864,36.94304687866418,0 37.37255314424427,36.94296530733028,0 37.37205235672975,36.9429153650485,0 37.37146013039209,36.94279959956013,0 37.3707496026251,36.94266847929327,0 37.37049841061536,36.94259892959298,0 37.3697199693758,36.94255217987475,0 37.36942008856683,36.94247761579233,0 37.36895650857827,36.94228502525225,0 37.36847339309415,36.94207778038398,0 37.36835650209064,36.94183716232793,0 37.36808348953859,36.94119312571814,0 37.36787014404512,36.94063585762324,0 37.36765270128942,36.94005239856756,0 37.36767556509304,36.93990928939387,0 37.36765739693961,36.93961189547203,0 37.36761249206683,36.93915123654338,0 37.36753933577459,36.938683053228,0 37.36743283539587,36.93799055205458,0 37.36735212472948,36.93730462311583,0 37.36736352408885,36.93713250515919,0 37.36743686371275,36.9370023444675,0 37.3674352184209,36.93691027375977,0 37.36751503875924,36.9367330141551,0 37.36753282361143,36.93638486963075,0 37.36754125288101,36.93618136546587,0 37.36751294603221,36.93561021038517,0 37.36748922555566,36.93529568508688,0 37.36761577918473,36.93495037133324,0 37.36760343188955,36.93459697117288,0 37.3672183490003,36.93465467720706,0 37.36688668890882,36.93466333544811,0 37.36669410385654,36.93468976782265,0 37.365846042923,36.93483512661396,0 37.36531680179359,36.93492838444862,0 37.36470337024373,36.93503713733075,0 37.36380162109521,36.93521700034727,0 37.36286384170899,36.9350679415562,0 37.36240447551454,36.93501993698932,0 37.36126463518826,36.93470367621416,0 37.36006457576683,36.93439293617111,0 37.35878386115515,36.93429620012035,0 37.35793097637618,36.93417034660684,0 37.35481640988243,36.93421878849367,0 37.35432152537842,36.93414276114998,0 37.34951321895608,36.93340397805854,0 37.34986970940194,36.93483721736153,0 37.34943175500447,36.93569847935876,0 37.35013739968829,36.93618869330217,0 37.34950432975459,36.93718600420048,0 37.347215519944,36.93864322266617,0 37.34676084012194,36.94069933642411,0 37.34668906225383,36.94184386040444,0 37.34674231294822,36.94486855254129,0 37.34703558765283,36.94586136046715,0 37.34775678119516,36.94766097751896,0 37.34779903298095,36.95005859609136,0 37.34809884502229,36.95142026492295,0 37.34878004170169,36.95184417671916,0 37.3506071380017,36.95190408652371,0 37.34906486827933,36.95279555684231,0 37.34998856173861,36.95387412755084,0 37.35052858892411,36.9540965567517,0 37.35091094146794,36.95429963605724,0 37.35200349855854,36.95464476043969,0 37.35300888119481,36.95492186626676,0 37.35423919482241,36.95554140723383,0 37.35574538005702,36.9562895178971,0 37.35837837410011,36.95754537935341,0 37.35943156267674,36.95773000092763,0 37.36133443719644,36.95806354813292,0 37.36454574878099,36.95842816213737,0 37.36774411044343,36.95850428386574,0 37.37007923626606,36.95751761831145,0 37.37289690323399,36.95641868941783,0 37.37401323368204,36.95618095213138,0 37.37405955828555,36.95609880734155,0 37.37422450673464,36.95596496239312,0 37.37447058842295,36.95585198800608,0 37.37470620485973,36.95580591222836,0 37.37532669355862,36.95558838932958,0 37.37558065032228,36.95549631872483,0 37.37567675265974,36.95550087625062,0 37.37580051736526,36.95550674760061,0 37.37588950598801,36.95552139767882,0 37.37623246132859,36.95548588005586,0 37.37646027530281,36.95543358413838,0 37.37658071204727,36.95537919723812,0 37.37665621978192,36.95534872516549,0 37.37752065109949,36.95558235901441,0 37.37859837658716,36.95589889575924,0 37.37861520007323,36.95590604009152,0 37.37874502784987,36.95594103088276,0 37.37885452704408,36.95595417912087,0 37.37888601310125,36.95595795812586,0 37.37894595539288,36.95595401829409,0 37.37908099572192,36.95597497882173,0 37.37923801545293,36.95604903663165,0 37.37950302920801,36.95614400628907,0 37.37962200148726,36.95618299841296,0 37.38000598685777,36.95639896761195,0 37.38006613037744,36.95643179172833,0 37.38006622629165,36.95643188071503,0 37.38006604161807,36.95643197476526,0 37.37996971073848,36.95662660023802,0 37.37982954531945,36.95709133524122,0 37.38054582104289,36.95720108310841,0 37.38153625001532,36.956048914257,0 37.38193868162873,36.95562537019866,0 37.38224846715219,36.9552328207449,0 37.38249289434341,36.95509160044887,0 37.38281955906483,36.95485966808387,0 37.3832531772407,36.95461526756919,0 37.38355014429334,36.95480254162553,0 37.38373955020479,36.95496862785297,0 37.38423902242307,36.9552732145581,0 37.38446462046483,36.9553790411821,0 37.38465844843563,36.95553518838952,0 37.38439834565219,36.95759851584529,0 37.38440099459344,36.95810188217496,0 37.38441713641662,36.95863622840891,0 37.38440978554893,36.9596586778918,0 37.38435320946847,36.9601056463499,0 37.38429522370827,36.96047478891288,0 37.38407476772727,36.96115720374714,0 37.38400253317071,36.96145385621015,0 37.3839496019556,36.96174509375495,0 37.38392646423026,36.96189586356659,0 37.38390820812432,36.96231643757071,0 37.38393220838755,36.96257045116139,0 37.38392979833261,36.96315172015554,0 37.38397441835102,36.96347295949399,0 37.38398259048201,36.96392436437051,0 37.38396518223936,36.96439163694948,0 37.38391037058071,36.96457910303553,0 37.38385266173672,36.96496380966628,0 37.38377555591017,36.96534874234548,0 37.38377776390414,36.96547071573744,0 37.38399050359912,36.96620018187296,0 37.38391160457103,36.96694305248254,0 37.38390364324861,36.96700965273759,0 37.38396826238613,36.96706423430276,0 37.38434154068772,36.96696128951569,0 37.38468869713786,36.96684306070817,0 37.38502138289398,36.96664722600035,0 37.38502142516214,36.96664720388289,0 37.38540724456844,36.9665233158542,0 37.38588992832866,36.9663931528336,0 37.38588997075975,36.96639313972407,0 37.38705975930983,36.96599547654272,0 37.38738335613633,36.96671823485708,0 37.38748146793471,36.96677936267587,0 37.38783722157499,36.96737454587787,0 37.38832860695064,36.96819658292762,0 37.38854751432873,36.96814220356895,0 37.38859092653332,36.96839594191723,0 37.38857949509754,36.96847911481692,0 37.38857948442742,36.9684791455762,0 37.38851759075389,36.96850573401447,0 37.38839336422185,36.96855909613411,0 37.38834300687564,36.96863241126069,0 37.38807899747376,36.96869776938157,0 37.38804123904632,36.96873153395163,0 37.38800262366735,36.96876609421297,0 37.38851754626307,36.96934131978049,0 37.38871295728899,36.96941688512831,0 37.38879827214168,36.96948330627641,0 37.38879824822865,36.9694833498048,0 37.38872561569544,36.96966500940805,0 37.38912931429063,36.97069522927699,0 37.39044808273721,36.97146013001001,0 37.39169583040599,36.97218380535536,0 37.39226186737586,36.97251209770152,0 37.39414351163785,36.97329324283421,0 37.39557518216233,36.97367799024455,0 37.39590058799132,36.97397092679243,0 37.39736365113917,36.97512452895301,0 37.39756623130973,36.97633938867435,0 37.39779723299809,36.97772476638421,0 37.39758317877935,36.97937321385587,0 37.39746446023051,36.98028741113016,0 37.39839866581845,36.98200255380907,0 37.39843576536719,36.98268783597417,0 37.39854060861673,36.98263063715462,0 37.39872297685294,36.98315432137009,0 37.39889765062328,36.98365584458067,0 37.39891622435788,36.98375929047927,0 37.39894219880644,36.9839037892628,0 37.39888549593698,36.98408072934007,0 37.39888546066472,36.98408076579617,0 37.39862759104984,36.98445648761206,0 37.39870609994404,36.98465191776197,0 37.39870611615929,36.98465194460118,0 37.39901522962825,36.98509907315858,0 37.3995679072619,36.98495909458278,0 37.39965806794699,36.98505067143935,0 37.3997346832781,36.98525609916928,0 37.3997508301502,36.98529940589285,0 37.40057833893594,36.98633769841737,0 37.40089652900901,36.98797672110175,0 37.40131419400107,36.98969756167989,0 37.40149561900797,36.99038588958555,0 37.40983391293796,36.98645232358479,0 37.41100564219063,36.98531770393309,0 37.41142854087308,36.98517993022053,0 37.41309257254265,36.98281397689452,0 37.41404811309555,36.98145533790113,0 37.41623518474161,36.97941966325111,0 37.41837575415292,36.97862056668268,0 37.4203501447602,36.97806807121866,0 37.42341128438827,36.97792629467274,0 37.42421721041621,36.97785841705992,0 37.42637891400164,36.97767628871284,0 37.42794259703768,36.97720130805143,0 37.42794262428703,36.97720132394177,0 37.43063965157524,36.97638201696436,0 37.4316770443281,36.97535700937082,0 37.43254074990536,36.97574587959909,0 37.43256652611516,36.9757235442945,0 37.43270496603617,36.97579377655031,0 37.43270506457422,36.97579358164437,0 37.43290398304742,36.97589414322037,0 37.43315146887637,36.97602126003648,0 37.43377781162213,36.97633803184947,0 37.43406934906041,36.97616171940766,0 37.43474948948675,36.9766757233762,0 37.4372960630516,36.97509627204175,0 37.43744224926005,36.97482032814041,0 37.43777339772021,36.97452177842969,0 37.43796289484738,36.97435311118483,0 37.43839712259071,36.97402750077506,0 37.43865578755319,36.97364828667775,0 37.43902029998757,36.97341011470627,0 37.43915194838856,36.97332344742152,0 37.43968393003336,36.97294898660125,0 37.4402500205895,36.97275912508475,0 37.44102952248922,36.97243512335876,0 37.4414023788091,36.9721218223077,0 37.44155333121109,36.97209962740899,0 37.44175057088554,36.97170111688018,0 37.44167221009598,36.97162425220268,0 37.44186520969298,36.97149468952071,0 37.44225597193508,36.97099412105409,0 37.44238564978184,36.97089793970542,0 37.44239641929544,36.97065653265814,0 37.44242654493563,36.97061655112406,0 37.44242152956381,36.9703908539122,0 37.44267689290969,36.97023549764958,0 37.44310478394124,36.9701021725831,0 37.44404407908365,36.96968547902001,0 37.44482439537583,36.96916358249072,0 37.44495392485598,36.96907806178888,0 37.44507759169483,36.96922809681477,0 37.44704748251748,36.97151814705882,0 37.44704752160627,36.97151813577025,0 37.45043862408135,36.97530088517559,0 37.45035435551479,36.97533503399315,0 37.45065030592923,36.97587078471961,0 37.45017671335997,36.97621554600444,0 37.45016175114367,36.97623818185311,0 37.45004897747769,36.97639961955826,0 37.44986771351243,36.97654803087552,0 37.44934438926572,36.97689400538824,0 37.448728095068,36.97729234171312,0 37.44847156698888,36.97705892594844,0 37.44830769053426,36.97720490986406,0 37.44811384276354,36.97734782997455,0 37.44793695497656,36.97748368623862,0 37.44770006237993,36.97760999181707,0 37.44763980063286,36.97758672758657,0 37.44737740439669,36.97772019841074,0 37.44709132419426,36.97795680358084,0 37.44674964292737,36.97819065653914,0 37.44665481457979,36.9781472449606,0 37.44625830574532,36.97841947540728,0 37.44600715484821,36.97824426765066,0 37.44545840850173,36.97860062615713,0 37.44506163590798,36.97885914255222,0 37.44477923194744,36.97906484341775,0 37.44444698789889,36.97934657151874,0 37.44429623827109,36.97950953094771,0 37.44421798010578,36.97943848919574,0 37.44389272622243,36.9798641150206,0 37.44383408310956,36.97992653644325,0 37.44356694452589,36.97980979687956,0 37.44327793317821,36.98011842076365,0 37.4434923188109,36.98038321424352,0 37.44309488064477,36.9806074507684,0 37.44301027895926,36.9806530466538,0 37.44297318901132,36.9807254897073,0 37.44287053030949,36.98094614154602,0 37.44274212977258,36.98126418052853,0 37.44218480364249,36.98332406749453,0 37.44250813993872,36.98344523934473,0 37.4421118510362,36.9838327118259,0 37.44232583518031,36.98399200796823,0 37.44247409591608,36.98407115255667,0 37.44265695659657,36.98403949607038,0 37.44271323384445,36.98410504131959,0 37.44264208944352,36.98422364761534,0 37.44275255772812,36.98424438131161,0 37.44278739790826,36.98431484348981,0 37.44217799182157,36.98450997230084,0 37.4418571939964,36.98462274901416,0 37.44166925105025,36.98483152975222,0 37.44164953876576,36.98502700258852,0 37.44164336868833,36.98519603041364,0 37.44173035627512,36.98534139976441,0 37.44198040066192,36.98544724509763,0 37.44207937006984,36.9854835875562,0 37.44215012362572,36.98551276379388,0 37.4420545556174,36.98565659549427,0 37.44209851069036,36.9857536799345,0 37.44253813307409,36.98573707512525,0 37.44261396397522,36.98583894011588,0 37.44270824624905,36.98588277770587,0 37.44270329252501,36.98611524853194,0 37.44258055356153,36.98604926592785,0 37.44242086531783,36.98600622312215,0 37.4423663632718,36.98608935264203,0 37.4423217674708,36.98620235260677,0 37.44250070937779,36.98627514878842,0 37.44250269111045,36.98638008456457,0 37.44241010687728,36.98642619332358,0 37.44223300451534,36.9864508363573,0 37.442199878103,36.98667615132407,0 37.44210842319275,36.98678222241817,0 37.44199727754496,36.98682491091768,0 37.44232633086902,36.98721320297119,0 37.44275119905011,36.98756419910431,0 37.44287605978508,36.98770204866122,0 37.4431140808232,36.98769915664175,0 37.44321086724482,36.98771346445672,0 37.44329011291018,36.98782089708862,0 37.44337364312682,36.98781472034912,0 37.44350805340333,36.98777695361864,0 37.44366176415909,36.98773895377977,0 37.44378613677657,36.98785099811842,0 37.44381684460269,36.98811387285657,0 37.44409805178395,36.98835305254092,0 37.4433713159443,36.98871288616779,0 37.44253608592048,36.98912048807767,0 37.44229435695211,36.98926795236734,0 37.44302062811546,36.99024501417085,0 37.44261104611545,36.99036354868459,0 37.4422598494843,36.9905071824801,0 37.44206197904753,36.99059217288982,0 37.44197766393161,36.99055706523971,0 37.44161993544984,36.99069561375995,0 37.44146592548629,36.99071812997302,0 37.44109932740594,36.99072774280845,0 37.44081119356778,36.9908035034023,0 37.44051604169117,36.99084837915584,0 37.44025354206963,36.99091866631584,0 37.44004312346132,36.98999727183559,0 37.43862692733897,36.99030865871649,0 37.43842827335617,36.99035235954967,0 37.43823760857043,36.99047854933581,0 37.43802608934318,36.99052240540177,0 37.43678835344251,36.9907438591895,0 37.43626929630169,36.99085853619925,0 37.43558384540247,36.99102167774087,0 37.43564737200244,36.99132028803746,0 37.43531419570447,36.99139658018296,0 37.43443104736809,36.99165501564967,0 37.4340597539839,36.99175757426397,0 37.4339289756689,36.99184247843333,0 37.43359594228325,36.99197554359366,0 37.43347881894469,36.99210231331585,0 37.4333197823439,36.9922000938086,0 37.43314229517947,36.99229440997595,0 37.43296356256506,36.99232237648796,0 37.43279073907483,36.99242032273835,0 37.43260810225043,36.99248520407881,0 37.43235861037541,36.99266150120568,0 37.43220627972371,36.99275320129708,0 37.43230379867639,36.99305497388586,0 37.43246367319623,36.993406007659,0 37.43255040533031,36.99369922540431,0 37.43259265984314,36.99398876325724,0 37.43265220199289,36.99425532219915,0 37.43256036690804,36.9945710255904,0 37.43256349233781,36.99500345754051,0 37.43192584331506,36.99541265669971,0 37.43209893026826,36.99590593878099,0 37.43271602373965,36.9957213406035,0 37.43341231614198,36.99603896490034,0 37.43485514263579,36.99626806238089,0 37.43504798392686,36.99620737627995,0 37.43737612284717,36.99547470497561,0 37.43788667711715,36.99602633015114,0 37.43829034525886,36.99623420899152,0 37.43898592233035,36.99623216162311,0 37.43914956578196,36.99642345345534,0 37.43893668629134,36.99716046635437,0 37.43896749159324,36.99721469006509,0 37.43973967897333,36.99702670258248,0 37.43976595533559,36.99703003827821,0 37.4399200195307,36.99709701840327,0 37.44347866362572,36.99960139022566,0 37.44339179275576,36.9995069495369,0 37.44414300483216,36.99943407172035,0 37.44660669533697,36.99912783448951,0 37.44739451574246,36.9983780549939,0 37.44977951018227,36.99719592488189,0 37.4507825685347,36.99678159115761,0 37.45244643797783,36.99684836270359,0 37.45321209054678,36.99669156412047,0 37.45371185618901,36.99661173062292,0 37.45392093085727,36.99662257273833,0 37.45441336304727,36.99659643756461,0 37.45497598942194,36.99630808612732,0 37.45544698765625,36.99603425910008,0 37.45578753401959,36.99592956462605,0 37.4561882094971,36.99591124749281,0 37.45647181646564,36.99588766412811,0 37.45741170857149,36.99566838884702,0 37.45737561108253,36.99552810283902,0 37.45793332125615,36.99542073527301,0 37.45809944408914,36.995807373966,0 37.45863203056391,36.99657148491865,0 37.45915326109441,36.99630372754277,0 37.45933317853613,36.99610047661798,0 37.4595522977513,36.99576271571189,0 37.45980841346623,36.99561213653083,0 37.46008958604526,36.99546125033582,0 37.46058805167919,36.99531438928954,0 37.46101211240259,36.99520865115385,0 37.46134064376717,36.99513845924581,0 37.46148732966148,36.99512564812292,0 37.46207057724195,36.99507499810566,0 37.46209564280238,36.99507468930713,0 37.46251995655896,36.99498234418666,0 37.46286138633447,36.99492452656896,0 37.46304925172559,36.99513665539035,0 37.46321334310353,36.99541608898546,0 37.46345363777841,36.99574819404616,0 37.4635434580781,36.99607545269171,0 37.46363482029486,36.99648310657686,0 37.46370729391423,36.99677707255216,0 37.46388771232471,36.99703619877805,0 37.46389837652497,36.99715669144251,0 37.4641190196733,36.99733490676706,0 37.46438387021006,36.99763990202189,0 37.46431987360893,36.99778812064631,0 37.46451610352605,36.99800014283331,0 37.46485754705974,36.99837790620861,0 37.46497834530528,36.99857745536015,0 37.46534729700533,36.99908220165728,0 37.46562300891672,36.99945863892366,0 37.46606300707907,36.99959763989425,0 37.46720033160945,36.9998793339575,0 37.46749313900315,36.99994449226256,0 37.46786051906543,37.00009354943047,0 37.46812839265462,36.99977952412651,0 37.46845248244579,36.99954012803697,0 37.4686738063781,36.99884064037852,0 37.46878819742899,36.99848143567523,0 37.46905188203498,36.99774690024118,0 37.46960796042627,36.99736339549082,0 37.46994242805049,36.99766369035989,0 37.47020636013334,36.99795857992556,0 37.47038999779818,36.9981477547048,0 37.4706245531467,36.99833943730666,0 37.47082390301002,36.99853155576056,0 37.47109994027663,36.99884512410517,0 37.47141407262477,36.99910486583646,0 37.47162649315842,36.99936586803683,0 37.47207835839723,36.99986870330968,0 37.47257405073677,37.00041179559913,0 37.47281519600982,37.00074148449333,0 37.47318977952637,37.00109148820381,0 37.47332087955528,37.00119343233229,0 37.47369286301942,37.00140851139315,0 37.47380109725925,37.00154212253135,0 37.47385216214038,37.0017549062166,0 37.47385910405598,37.00191174702838,0 37.47390498650099,37.0020586869517,0 37.4740100361978,37.00222999918873,0 37.47411845400588,37.00237302496588,0 37.4742830356731,37.0025875373433,0 37.47436497750425,37.00277796899416,0 37.47441550169574,37.00296251277265,0 37.47447739690705,37.00312808616064,0 37.47450732867539,37.00325953039349,0 37.47453142064266,37.00324671976848,0 37.47476264100777,37.00312375595856,0 37.47497944256356,37.00307774323279,0 37.4752244185684,37.00304975664135,0 37.47538737221629,37.0030122872959,0 37.47561905155541,37.00297396316362,0 37.47580818694999,37.00293616767767,0 37.47602171672991,37.002890191943,0 37.47613432136403,37.00287303823961,0 37.47632014506627,37.0029179876139,0 37.47646741999911,37.00296416054432,0 37.47661138583751,37.00297677802523,0 37.47679611210665,37.00300689905298,0 37.47710747085153,37.00308227393638,0 37.47760916274071,37.00324533121793,0 37.47771348400374,37.0032980668984,0 37.47797468502159,37.00333443814159,0 37.47833648507291,37.00346321440961,0 37.4783359781853,37.003465116425,0 37.47818571749075,37.00402703083135,0 37.47847428143849,37.00408467324334,0 37.47851751020573,37.00399768386026,0 37.47877408413386,37.00402690657977,0 37.47892724215922,37.00405021324983,0 37.4793459552363,37.0041026310592,0 37.47966083373106,37.00412752460949,0 37.47968591301033,37.00379941432416,0 37.48005460368584,37.00382003184644,0 37.48035152010339,37.00384514759843,0 37.48028875707629,37.0043142135053,0 37.48028580321777,37.00439349673964,0 37.48074493168473,37.00444540542189,0 37.48100564878141,37.00445656244167,0 37.48118000189938,37.00441476224351,0 37.48127815956337,37.00438111911386,0 37.4814337823334,37.00429992825782,0 37.48161718535853,37.00426161843502,0 37.48184521141831,37.00420834235564,0 37.48187012563468,37.00410356773572,0 37.48194955233777,37.0040305320675,0 37.48204805872702,37.00401489309871,0 37.48213814396959,37.00402817854735,0 37.48219419504273,37.00413914454636,0 37.48240425918387,37.00408609174643,0 37.48281470639698,37.00394408231055,0 37.48278370008485,37.00388906197988,0 37.48278275885822,37.00388739428065,0 37.48269376229494,37.00372946392989,0 37.48255505389847,37.00375641045994,0 37.4824672910399,37.00363143023041,0 37.48248399088869,37.00356638399053,0 37.48273509723688,37.0035452357897,0 37.48285703350546,37.00357973585991,0 37.48306870486992,37.00360951037296,0 37.48318201071665,37.00366212711104,0 37.48332148845359,37.0036747925164,0 37.48357722289057,37.00366079086231,0 37.48386213889398,37.00376169201797,0 37.48425749154481,37.00376755611877,0 37.48455714029973,37.00393311071497,0 37.48502658229138,37.00405331537956,0 37.48518067537074,37.00409842982081,0 37.48560477137882,37.00422258744289,0 37.48654913105266,37.00451334675552,0 37.48690400640119,37.00474664684551,0 37.48702636726278,37.00480274858632,0 37.48720415575715,37.00493740367202,0 37.48744425706901,37.00510587752241,0 37.48755382543721,37.00519230173761,0 37.48762490690455,37.00525757719487,0 37.48768185886321,37.00524922816966,0 37.4877770016848,37.00516532922446,0 37.48787603625326,37.00503684511914,0 37.48811613522501,37.00482006926855,0 37.48836929635185,37.0046222158311,0 37.48863400187621,37.00436568646318,0 37.48870660166853,37.00426953039476,0 37.48875701452769,37.00419298262638,0 37.48907810824188,37.00373781377935,0 37.48910257790497,37.0037581900163,0 37.48927597168106,37.00384200342808,0 37.48952553715365,37.00396083370444,0 37.48972882509467,37.0040626965949,0 37.48985918936211,37.00412774455037,0 37.49011307873521,37.00424388656763,0 37.49022968742661,37.00430323233644,0 37.49009950459661,37.00449611452996,0 37.49035980218176,37.00463451304465,0 37.49066664837004,37.00489510329101,0 37.49093146085558,37.0051137208162,0 37.49099233050718,37.0052156642564,0 37.49108916657636,37.0053502115027,0 37.49112299494186,37.00542416010592,0 37.49124524279828,37.0055784584972,0 37.49135534703691,37.0057140190763,0 37.4914410525586,37.00580620408465,0 37.49157542055438,37.005978057969,0 37.49168872235313,37.00612656318911,0 37.4918333700009,37.00629710543242,0 37.49205949377529,37.0065693312468,0 37.492207224259,37.006746917877,0 37.49234729642886,37.00690925305234,0 37.49246791400923,37.00705530486267,0 37.49259430434088,37.0071953824052,0 37.49263197206354,37.00723976920712,0 37.49309699624158,37.00723274040628,0 37.49319545229683,37.00714886396027,0 37.49321446285281,37.00712897401306,0 37.49335989716973,37.00697679640096,0 37.49363415358584,37.00669945799022,0 37.49398216834754,37.00635508066146,0 37.49412474208528,37.00641939708079,0 37.49446526325814,37.00659455324039,0 37.49459622438258,37.00666727926823,0 37.49486097671949,37.00680679190211,0 37.49492915757821,37.00683072478874,0 37.49506928836043,37.00684548721203,0 37.49525198389346,37.00685381160645,0 37.49562633962307,37.0068774283892,0 37.49574145320476,37.00689250532697,0 37.49575300388586,37.00695610880167,0 37.4957981569742,37.00708185927493,0 37.49583894241211,37.00721002539383,0 37.49589971376741,37.00738161983077,0 37.49590376907705,37.00743823414248,0 37.49592362159903,37.00748747197446,0 37.49595018589057,37.00755334406895,0 37.49623603319674,37.00771737942089,0 37.49644727720531,37.00783040889702,0 37.49657852228674,37.00791729635905,0 37.49672724112648,37.00799451723223,0 37.49696152601117,37.00808128484959,0 37.4972551868681,37.00819327492064,0 37.4974421715816,37.00827001204559,0 37.4976646328265,37.00834889418385,0 37.49773863194336,37.00836583414991,0 37.49790977219073,37.00839397259485,0 37.49804689407378,37.0084052285325,0 37.49826661406168,37.00842488566416,0 37.49849983594655,37.00845735883085,0 37.49870051873112,37.00848197677779,0 37.4988606896426,37.00839259499919,0 37.49891904698942,37.00836588576009,0 37.49904927343402,37.00840083732294,0 37.4993601831973,37.00849135515422,0 37.49923875369161,37.00867941528037,0 37.49912947754444,37.00881183664752,0 37.49886108775952,37.00916230670733,0 37.49863030961826,37.00947924543772,0 37.49839684642072,37.00979456700423,0 37.49820764604367,37.010025035746,0 37.4979585801067,37.01035542708536,0 37.49772756548043,37.01066079827724,0 37.49729164123525,37.01123650358346,0 37.49705859599425,37.01154355152978,0 37.49672482654389,37.01196921698681,0 37.49648376129525,37.01228793375182,0 37.49626094509369,37.01259154628487,0 37.49593727488105,37.01300716583847,0 37.49589903414844,37.01305392485341,0 37.49577551409144,37.01316621609931,0 37.49561320210569,37.0132971782606,0 37.4955359057892,37.01334938670692,0 37.49531631865397,37.01350255547326,0 37.49513150176525,37.01364206271475,0 37.49504091518406,37.01375228759743,0 37.49501655780345,37.01387655159536,0 37.4950164725328,37.01397737041455,0 37.49494999576461,37.0140558881684,0 37.49483635456649,37.01414656885426,0 37.49455485279309,37.01429555714294,0 37.49442649662478,37.01437154735734,0 37.49447759827492,37.01445519542941,0 37.49434950066443,37.01454440530888,0 37.49423295661708,37.01459214992337,0 37.49410810509085,37.0146366941828,0 37.49396117017209,37.01471126541732,0 37.49381127930029,37.01484537179725,0 37.49376105944661,37.01491211544764,0 37.49381300409323,37.01503872524815,0 37.49395988459274,37.01538230486449,0 37.49408306291082,37.01567329252256,0 37.49440317249859,37.016442758149,0 37.49459483583279,37.01688361543175,0 37.49466372328232,37.0170123251282,0 37.49466508507994,37.01708172420708,0 37.49474222122316,37.01718950435138,0 37.49481056532672,37.01729045394403,0 37.49492836175047,37.0174116060288,0 37.49500243260921,37.01751016959568,0 37.49511495896243,37.01765684098283,0 37.49519300304098,37.0178108862514,0 37.49524399474244,37.01790974048603,0 37.49531717675099,37.01811012561256,0 37.49539049518101,37.01831745022547,0 37.49543194373053,37.01851823520393,0 37.49548245706542,37.0187397296872,0 37.49556942940576,37.01890754645265,0 37.4955973443913,37.01900669138397,0 37.49570630684036,37.01911869716383,0 37.49578942488795,37.01908988430387,0 37.49590552915428,37.0189773549865,0 37.4960163625918,37.01889034510272,0 37.49619606880425,37.01878395481195,0 37.49628107511614,37.01870421162477,0 37.49636246831598,37.0185874920903,0 37.49651016684465,37.01846762247176,0 37.49663794416347,37.01836188827747,0 37.49681751435369,37.01824855751241,0 37.49702318258953,37.01814183846069,0 37.49712942438944,37.01811504666949,0 37.49719795405534,37.01822524750408,0 37.49729835656574,37.01834198914464,0 37.49738365243567,37.01842421144467,0 37.49750813225567,37.01859155340366,0 37.49737161083505,37.01869277317148,0 37.4972397689292,37.01873840005903,0 37.4970877768468,37.01878659480429,0 37.49697617316325,37.01883427979305,0 37.49684857713393,37.01894926887393,0 37.49674337793687,37.0190292671928,0 37.49666157642567,37.01912516655131,0 37.4965987192075,37.01930412741148,0 37.49655735154426,37.01940183222892,0 37.49643488821216,37.01948436178661,0 37.49630074715115,37.01956009542857,0 37.49644042412343,37.01976658423072,0 37.49651025314927,37.0197957840908,0 37.49670263099421,37.02004094163594,0 37.49702860040767,37.02047646561121,0 37.49700724478007,37.02056466305743,0 37.49722227387478,37.02093448282143,0 37.49738982649924,37.02123780073252,0 37.49755514468546,37.02116084343525,0 37.49795725765849,37.02095897226816,0 37.4982925899227,37.0207650987748,0 37.49867643360997,37.02054198702103,0 37.49896708092228,37.02034509731491,0 37.49923555969144,37.02015564452162,0 37.49946841838438,37.01997021824094,0 37.49982597960719,37.0197724807841,0 37.5003744703851,37.0195299416708,0 37.50158363642429,37.01926255062654,0 37.50234505134608,37.01909809607472,0 37.50327441259701,37.01904757489459,0 37.5040192380612,37.02005543457302,0 37.50422492794675,37.020682581551,0 37.50429010182497,37.02092396921134,0 37.50400391036133,37.02248997321973,0 37.50385762639083,37.02324061557595,0 37.50371718278654,37.02396263301368,0 37.50372316253591,37.02397229515348,0 37.50364584655299,37.02433008615731,0 37.50359560489718,37.0247866305478,0 37.50353357546165,37.02527523562742,0 37.50347904475328,37.02572278109584,0 37.50343458622923,37.02605503943766,0 37.50329391422499,37.02622951517712,0 37.50306578571533,37.02653887812112,0 37.50276914196397,37.02692789668051,0 37.50250244931971,37.02726897901728,0 37.50214415203541,37.02772879112551,0 37.50189023337403,37.02804408793956,0 37.50186464411827,37.02815381036262,0 37.50182492224469,37.02847181386174,0 37.50181707693245,37.02858712665407,0 37.50180488342745,37.02875338252603,0 37.5018303589649,37.02881991005268,0 37.50188320612939,37.02885636553449,0 37.50200917403775,37.02880606495883,0 37.5021444522501,37.02873619935315,0 37.50215860532934,37.02886789657126,0 37.50218402797432,37.02905073015588,0 37.50223920255432,37.02925272951902,0 37.50225399711182,37.0294085904047,0 37.50229733910976,37.02958807239843,0 37.50246070572854,37.02973596829328,0 37.50294344473667,37.03021355663942,0 37.50343299028994,37.03068586155034,0 37.50389845267662,37.03113459877051,0 37.50437284580006,37.03158344607873,0 37.50485362354929,37.03204847691375,0 37.50535215255637,37.03251909726201,0 37.50552499265249,37.03269663188164,0 37.5055450623526,37.03281140492901,0 37.50559428040295,37.03291938578203,0 37.50567368668283,37.03308142676151,0 37.50573887375772,37.03317171663085,0 37.50597785115147,37.0330494730547,0 37.50619979681147,37.03294222329886,0 37.50652349517991,37.0328246242555,0 37.50674750592989,37.03278271235953,0 37.50698249811124,37.03274988309163,0 37.50700447421122,37.03282441862149,0 37.50715617769207,37.03308315983311,0 37.50722801159321,37.03320568026496,0 37.50736401388227,37.0334981618512,0 37.50756936736624,37.03395345217616,0 37.50759649472161,37.03398119492678,0 37.50760656573436,37.03399149681138,0 37.50772605533302,37.03393037229797,0 37.50779972621645,37.03392950985257,0 37.50787324437108,37.03387943898865,0 37.5079847080107,37.03388620857829,0 37.50811991343828,37.03393443356254,0 37.50819818650228,37.03392647202219,0 37.50828991860777,37.03391509934976,0 37.50838383747499,37.03402006355399,0 37.50850672466105,37.03424169981406,0 37.50862898123872,37.03421013315027,0 37.50921713965926,37.03403680498403,0 37.50955051293332,37.03393810713791,0 37.50981130249103,37.0343556194377,0 37.50999776357165,37.03469346561299,0 37.51008355924856,37.0348716904393,0 37.51012861799573,37.0350216669497,0 37.50993730354324,37.03510336228956,0 37.50984660816737,37.03514966706188,0 37.50983810557494,37.03515400632752,0 37.50982816633434,37.03520577399016,0 37.50990505134843,37.03544024944016,0 37.50999768233108,37.0356114010239,0 37.51013016455672,37.03579915864429,0 37.51019673912973,37.03587604317676,0 37.51028731846976,37.03592370388248,0 37.51035708356032,37.03600868003929,0 37.51055722423884,37.03621786441963,0 37.51094118136131,37.03650092932799,0 37.5114339915417,37.03692493009171,0 37.51157669613927,37.03704660870253,0 37.51167704077109,37.03716596358981,0 37.51173090671973,37.03726505458275,0 37.51176015700754,37.03736741449286,0 37.51177134581305,37.03748028486118,0 37.51175793897656,37.03753827042952,0 37.51180607370278,37.03753082209496,0 37.51264071179586,37.03713779516073,0 37.51353615178225,37.03671689391547,0 37.51386965174797,37.03655466431717,0 37.51406232553255,37.03663223127317,0 37.51421720492315,37.03670216782813,0 37.51445152732727,37.03687598681982,0 37.51454483247954,37.03701314616863,0 37.51463252327771,37.03709476444317,0 37.51471352101072,37.03717630052728,0 37.51473965499654,37.03726699019628,0 37.51475199945769,37.03732082526804,0 37.51471235447262,37.03740800667615,0 37.51468404311438,37.03748638304797,0 37.51470276916593,37.03755640310403,0 37.51478620714944,37.03762723304548,0 37.51501697615295,37.03775448264054,0 37.51515554109059,37.03786000092643,0 37.51522294195879,37.0379521005129,0 37.51524612935206,37.03802217520987,0 37.51525101221632,37.03811528414707,0 37.51522972728513,37.03823400908951,0 37.51509207250027,37.03842553545995,0 37.51488518932629,37.03867613704975,0 37.5147192910533,37.03882794405656,0 37.51460265857285,37.03897142016684,0 37.51455196079628,37.03905309522854,0 37.51452195780883,37.03916097531759,0 37.51451753142325,37.03927364827951,0 37.51456864881986,37.03939954318311,0 37.51464352695857,37.03950873757572,0 37.5147738312847,37.03969467319786,0 37.51487781039446,37.0398570172819,0 37.51492109959641,37.03998370754451,0 37.51493630397889,37.04011988888342,0 37.51495736607937,37.04018457040072,0 37.5150665054677,37.04031119085194,0 37.51510032927907,37.04040823865484,0 37.51513889609748,37.04049103168445,0 37.51523740042323,37.04059068064794,0 37.5153555376887,37.04071383600335,0 37.51537604084316,37.04080713818201,0 37.51531585922834,37.04091732486425,0 37.51516034735239,37.04110862709035,0 37.5151679498785,37.04117671682466,0 37.51544453390242,37.04141637501635,0 37.51547602367958,37.04151876293187,0 37.51546933330773,37.04186223325561,0 37.51547854322984,37.04207707168881,0 37.51552830863081,37.04238725177004,0 37.51557775636832,37.0425990136719,0 37.51561834834879,37.04280708652134,0 37.51561486481763,37.04298597726928,0 37.51559757305597,37.04318616901644,0 37.51554356306069,37.04332327235351,0 37.51543114745695,37.04359384645972,0 37.51526077598463,37.04386011526645,0 37.51487759014471,37.0441648746929,0 37.51376979435522,37.04499735794186,0 37.51326667534768,37.04538470644807,0 37.51314448666422,37.0454690642447,0 37.5130315752778,37.04553564240366,0 37.51298358913346,37.0455388186936,0 37.5129620003484,37.04555201603583,0 37.51278405848452,37.04555202945661,0 37.51268454319115,37.04555203538656,0 37.51239295128885,37.04554552554688,0 37.51244416986656,37.04578057290936,0 37.51253768335298,37.04625055607514,0 37.51260379263629,37.04652336669216,0 37.51263876480079,37.04667589954727,0 37.5127232893125,37.04692031033709,0 37.51275222847514,37.04703877082383,0 37.51293153918487,37.04700165347593,0 37.51322306619718,37.04693373572233,0 37.51338863633411,37.04691433882444,0 37.51354569831597,37.0468733634723,0 37.51374781298806,37.04681148127259,0 37.51386058891679,37.0467520562061,0 37.51396955848261,37.04723117865362,0 37.51401670429738,37.04756100889427,0 37.51408156380206,37.04789822093106,0 37.51412902451786,37.04809743263067,0 37.51416145579736,37.04826603678539,0 37.51418600473565,37.04838086426822,0 37.51416033884897,37.04855232015778,0 37.51412476919847,37.04877375232267,0 37.51402712507858,37.04897293676186,0 37.51402255139936,37.04898159957636,0 37.51396356554477,37.04905392875641,0 37.51392095660067,37.04914761673179,0 37.51388131446532,37.04941668196173,0 37.5138339727856,37.04965420274401,0 37.51374222931875,37.05007028571632,0 37.51368946255072,37.05031575389703,0 37.5136898765039,37.0503771112878,0 37.51366200100485,37.05051697596713,0 37.51369098176801,37.05054049852102,0 37.51369193183159,37.05068113238458,0 37.51370830631672,37.05094861947909,0 37.51367899756284,37.05122130261817,0 37.5135044326243,37.05131525797923,0 37.51361426728499,37.05195695613986,0 37.51373238939915,37.05229686530779,0 37.51378605458442,37.05249751687086,0 37.51381554661688,37.05283054546262,0 37.51387063455626,37.0532042764983,0 37.51439431999658,37.05310796466084,0 37.51460229722778,37.05308461156126,0 37.51488835831594,37.05305550541928,0 37.51522718729251,37.0530270597572,0 37.51524133505663,37.05302556898412,0 37.51543709115352,37.05299581316438,0 37.51568494830241,37.05294370448428,0 37.51588106188229,37.05289554881256,0 37.51601025404696,37.05377825607837,0 37.51658170188477,37.05376470321847,0 37.5177189481017,37.05373291513164,0 37.51872127817213,37.05370173193485,0 37.51970957257941,37.0536542626857,0 37.52071791011893,37.05360933570395,0 37.52150632684825,37.05356656557912,0 37.52151485815669,37.05368192655791,0 37.52145799755393,37.05390052798031,0 37.52142135233422,37.05404140145455,0 37.52140678253449,37.05405272273454,0 37.52133890847388,37.054140272742,0 37.52103632395836,37.05499400975542,0 37.52089185195019,37.05543795023151,0 37.52079827150928,37.05577534327349,0 37.52051004543959,37.05575133150927,0 37.52020517943065,37.05625621662445,0 37.51980289931102,37.05696744614296,0 37.51977685203956,37.05721551145053,0 37.5197452136829,37.05764214453666,0 37.51973576464192,37.0577018117804,0 37.51964600557494,37.05826868739075,0 37.51946371376243,37.05923785831087,0 37.51935568095682,37.05988130463616,0 37.51963195522113,37.05997492376623,0 37.51973507679261,37.06007573636628,0 37.51997386006381,37.06035092779325,0 37.52017990664226,37.060562759356,0 37.52028339388273,37.0606448641096,0 37.52041999336635,37.06071632170305,0 37.52165515492027,37.06128125241342,0 37.52216030105037,37.06150531701783,0 37.52134386768719,37.06211611469276,0 37.52052586192278,37.06269796299961,0 37.52001836219465,37.06303189014462,0 37.52001029798068,37.06303071500216,0 37.52001101721274,37.06302754512782,0 37.51890779795512,37.06255441483423,0 37.51796732273606,37.06211903731199,0 37.51746879175491,37.06210089583261,0 37.51663727852527,37.06206667563961,0 37.51623565410479,37.06230493739307,0 37.51587093580164,37.06250112577251,0 37.51583757396396,37.06247008435365,0 37.51557393289864,37.06249060309325,0 37.51531884578735,37.06250782426699,0 37.51498572945721,37.06249854718514,0 37.51473176988947,37.0624579382279,0 37.51458930406599,37.06236087990393,0 37.51376299666795,37.06260227751424,0 37.51158532183995,37.06149466862986,0 37.51135641006076,37.0613676006349,0 37.51108044778059,37.06114976983012,0 37.51031882014151,37.06166760608003,0 37.50915076006024,37.06245083562631,0 37.50836970623117,37.06298372702148,0 37.50822547251789,37.06308569159231,0 37.50703625692464,37.06310474815781,0 37.50665269445164,37.06220332965809,0 37.50642423638619,37.06162030817504,0 37.50609022487853,37.06079096867907,0 37.50575183944741,37.05996837702911,0 37.50565255079725,37.05972724131363,0 37.50450584236789,37.06017893975005,0 37.50320733019012,37.06068485364983,0 37.50277365355392,37.0608239875705,0 37.50213119946851,37.06110849701403,0 37.50185901687259,37.06123946079892,0 37.50144380228512,37.06141114845026,0 37.50088870794574,37.0615708576597,0 37.50069433546924,37.06163134810852,0 37.5003180532521,37.06176609606647,0 37.50012364083063,37.06150503798989,0 37.49971636774998,37.06105754685617,0 37.49948571373846,37.06080453586105,0 37.49969671673824,37.06065408970193,0 37.49990785474198,37.06049683900553,0 37.49973388075317,37.06017055147128,0 37.49841698067967,37.05899190774346,0 37.49851505329438,37.05890062749893,0 37.49817100408765,37.05854480746557,0 37.49839805132057,37.05834685003232,0 37.4984795650173,37.05836582933902,0 37.49858991781144,37.05826439020566,0 37.49875853672006,37.05813410926435,0 37.49890885043952,37.05829537689377,0 37.49903016717943,37.0584339094784,0 37.49914675931377,37.05833239007373,0 37.49920748634607,37.05824658359079,0 37.49957290708569,37.05779046248509,0 37.49877924603876,37.05712538921696,0 37.49739232597626,37.05636037327317,0 37.50091588948996,37.05533932150811,0 37.50064745362708,37.05471454166652,0 37.49584483303719,37.05556445282728,0 37.49494004419802,37.05592831469986,0 37.49344117385671,37.05603177131596,0 37.49097555584075,37.05524168014901,0 37.49024342104914,37.0548603653001,0 37.48993199417526,37.05454942868596,0 37.48951353957057,37.05381799001405,0 37.48941171612343,37.05360686207824,0 37.48925725531923,37.0533208793783,0 37.48808971845064,37.05246744516728,0 37.48730022252416,37.05212639911475,0 37.48771677463194,37.0511834908363,0 37.48670426777671,37.0511781482122,0 37.48595569030932,37.05047824968328,0 37.48569351772835,37.050493555741,0 37.48447824036129,37.05047270120966,0 37.48440877933348,37.05066461575866,0 37.48382208859025,37.05068066644608,0 37.48234163393778,37.05076016182066,0 37.48193520933401,37.05075755126401,0 37.48160708165733,37.05084093942811,0 37.48072871440675,37.05087335153465,0 37.48053939218326,37.0508713792514,0 37.48055453555494,37.04998268283983,0 37.47840191309283,37.05000024603983,0 37.47841155960108,37.04940592346838,0 37.47721590457989,37.04942080381922,0 37.47718024266594,37.04935552868152,0 37.47696683806866,37.0489649301117,0 37.47692349835744,37.04874642955399,0 37.47682580539146,37.04850335449908,0 37.47668342944414,37.0480869333037,0 37.47654677916336,37.04769942464561,0 37.4765129851957,37.04755492699156,0 37.47652575302247,37.04741398980025,0 37.47671602931482,37.04737021692004,0 37.476696687044,37.04717171320862,0 37.47682983526942,37.04711208749207,0 37.47684236182842,37.0469587321852,0 37.47706177941456,37.04681936463896,0 37.47706833615042,37.04662467763418,0 37.47738798775237,37.04632672099372,0 37.47756071201401,37.04591051850323,0 37.47752796025961,37.04581983432082,0 37.47736871550998,37.04585912968033,0 37.47724521207195,37.04588960319361,0 37.47699099018914,37.0455656662632,0 37.47672997116712,37.04542399679332,0 37.47596666587352,37.0452181867035,0 37.47583178822541,37.04492174618388,0 37.4747959025779,37.04482293729533,0 37.47443507568383,37.04480115712417,0 37.47436183013004,37.04485073467129,0 37.47431701596793,37.04484898873091,0 37.47404205521883,37.04480895907698,0 37.47404074368219,37.0448352384214,0 37.47402154354972,37.04487778944672,0 37.47279037994605,37.04531329165484,0 37.47229200237902,37.0455208288367,0 37.47185876820593,37.04570858793679,0 37.47164563410967,37.04579439944177,0 37.47137681931863,37.04591883577098,0 37.47113129264555,37.0460240149671,0 37.47107229545421,37.0457022910747,0 37.47098428057446,37.04566730409424,0 37.4706882304307,37.04560115883104,0 37.47063504996398,37.04557093392013,0 37.47063147932295,37.04551264067214,0 37.47050560807324,37.04551861240358,0 37.47050063681289,37.04557799182925,0 37.46990699695734,37.04577898925842,0 37.46956996394812,37.04590327124634,0 37.46942403008296,37.0459472384092,0 37.46926858775731,37.04600553994513,0 37.46912832884767,37.04605826078377,0 37.46899939092623,37.04609564420104,0 37.4688481055633,37.04614752098288,0 37.46865377753492,37.04621904958501,0 37.46840709772953,37.0463034812691,0 37.46813617920733,37.04639948747975,0 37.46798645282036,37.0464371261979,0 37.46790947107483,37.04650475059097,0 37.46783825546165,37.04655416478096,0 37.46773072141848,37.04662314650271,0 37.46758605701419,37.04670141185307,0 37.46742535601403,37.04680438784774,0 37.4672874555639,37.04688452972253,0 37.46715024166987,37.04696858677363,0 37.46694471643916,37.04709417555647,0 37.46664892558508,37.04726451162205,0 37.46650509651637,37.04735453141337,0 37.46632652021454,37.04745037212062,0 37.46606375760715,37.04752568331379,0 37.46579128847544,37.04760503499937,0 37.46549546165503,37.04769412246409,0 37.46546643915111,37.04768222030719,0 37.46533058681803,37.04768281563176,0 37.46532287339239,37.04772618384018,0 37.46526456933095,37.04773555812072,0 37.4650118440555,37.04776464186596,0 37.46495898885674,37.04773165515616,0 37.46492959737333,37.04743950874623,0 37.4648563492689,37.04711992536362,0 37.46482013459368,37.04698142042619,0 37.464895092538,37.0469536000805,0 37.46500630257465,37.04692085131649,0 37.46499546087523,37.04679323781505,0 37.46494074772129,37.0464196389031,0 37.46491832015638,37.0464232171224,0 37.46476939713256,37.04641817440599,0 37.46474740011632,37.04631349646662,0 37.46474080376106,37.04623427604256,0 37.46473416936522,37.04621910774306,0 37.46471834494258,37.0460556141761,0 37.4647089984354,37.04603132886955,0 37.46469350510194,37.04588511677417,0 37.46466882794012,37.04569640646248,0 37.46465340552337,37.04548181433918,0 37.46464297755073,37.04544312647347,0 37.4646372621083,37.04531380889593,0 37.46462733133544,37.04530099323924,0 37.46461203343371,37.04509286869531,0 37.46443027731129,37.04510602014168,0 37.46436334692339,37.04507916517129,0 37.46415775749686,37.04509788754103,0 37.46413191989168,37.04511924647203,0 37.46415664508283,37.04535524140469,0 37.4641828269021,37.0454568819305,0 37.46410009269019,37.0454595213143,0 37.46405559593738,37.04546459531153,0 37.46404517816732,37.04544386047242,0 37.46401735190898,37.04543156566537,0 37.46392413457103,37.04544424073929,0 37.46390708340189,37.04541030619804,0 37.46387925717715,37.04539801135778,0 37.46352149886782,37.04544665748318,0 37.46319720205724,37.04546895556832,0 37.46318799501466,37.04542462129359,0 37.46315891378931,37.0451630934306,0 37.46308398465744,37.04515183800273,0 37.46305083412482,37.04514006544021,0 37.46302499285303,37.04499494747106,0 37.46288054801175,37.04501014111586,0 37.46278626154331,37.04502337538132,0 37.46259165589139,37.04504052790903,0 37.46228853528625,37.04507041906218,0 37.46181999188051,37.04511240504473,0 37.46184401786315,37.04532755472897,0 37.4617598784211,37.04535801988828,0 37.46146988554528,37.04540460299025,0 37.46134313360073,37.04542201126965,0 37.46095853306552,37.04554219855939,0 37.46093303378043,37.04553798601723,0 37.46083683318178,37.04558218246336,0 37.46057678874974,37.04563940291531,0 37.46048223454967,37.04565069430858,0 37.46031013513964,37.04568151159607,0 37.46009451967846,37.04573154370041,0 37.45995436541754,37.04576099508313,0 37.4599307703412,37.04582826271258,0 37.45980438600277,37.04584038950834,0 37.45962269911595,37.04592614480312,0 37.45959772588575,37.04593068136597,0 37.45958338458202,37.04593931546824,0 37.45935108063669,37.04602856193583,0 37.45916591279681,37.04607492193078,0 37.45913866378594,37.04607443271409,0 37.45912612649915,37.04607960457319,0 37.45893334105031,37.04613102419214,0 37.45892298869516,37.04612297589362,0 37.45876392711293,37.04616035561796,0 37.45858604461021,37.04619115504136,0 37.45859433652221,37.04630104379513,0 37.45856056423718,37.04630740293035,0 37.45848697668252,37.04633632327678,0 37.45842370333965,37.04635068463396,0 37.45833885766087,37.04640012020075,0 37.45826918284038,37.04641201216488,0 37.45808845130681,37.04643206276951,0 37.45802710053093,37.04644727965439,0 37.45795059972875,37.04642064411134,0 37.45782125637022,37.04642305551031,0 37.45780189170011,37.04643070237812,0 37.45778333376774,37.04642681470592,0 37.45757660799983,37.04646392536973,0 37.45751608300634,37.04646713870424,0 37.457391193113,37.0464876040053,0 37.45735280005796,37.04650132753791,0 37.45729194472985,37.04608487499614,0 37.4569861605581,37.04607502086458,0 37.45697420962825,37.04604190202723,0 37.45699210164988,37.04579370056402,0 37.45700353178646,37.04516013915983,0 37.45690053697982,37.04506609153975,0 37.45639852381915,37.04479006547149,0 37.45595920520564,37.04460004707855,0 37.45613027468264,37.0448880703587,0 37.45596579108985,37.04530457590484,0 37.4564280400653,37.04538940082647,0 37.45601009270643,37.04692378846367,0 37.45599455690088,37.04725237192107,0 37.4550599523648,37.04769073779828,0 37.45332189795678,37.04802464200886,0 37.45284365073967,37.04824977665421,0 37.45183732617379,37.04847832601359,0 37.45106167233747,37.04864922692059,0 37.45059004944345,37.04877790558407,0 37.45073749006465,37.04850144576433,0 37.45083787124721,37.04825210468128,0 37.45100292663869,37.04802537844449,0 37.45110397578431,37.04750450684868,0 37.45140172103875,37.04719189295561,0 37.45187106622362,37.04668992245416,0 37.45161976776299,37.04637466197042,0 37.45093701141855,37.04671071004186,0 37.45062195618973,37.04646124759088,0 37.45052729302719,37.04627169690973,0 37.45069546419587,37.04615662936822,0 37.45058284777929,37.04579542528124,0 37.45066473702096,37.04562255174078,0 37.45050343080679,37.04548090472822,0 37.45006974959773,37.04507182742059,0 37.44994051717362,37.04522644395828,0 37.44991637240473,37.04534681387668,0 37.44978704609046,37.04547431593106,0 37.44971072785262,37.04556593208335,0 37.44918826289459,37.04589436269081,0 37.44939841798152,37.04632375124209,0 37.44878277778517,37.04665651437995,0 37.44835583006157,37.04694423811674,0 37.44766018570473,37.04727559819788,0 37.44745606465846,37.04744427152362,0 37.44729903646054,37.04744143842966,0 37.44698869321433,37.04731939876829,0 37.44665125639451,37.04779832308883,0 37.44653282409116,37.04795645416809,0 37.44664658866377,37.0483325406812,0 37.44649283520145,37.04834628546201,0 37.44570206502241,37.04819211323624,0 37.44469122937106,37.04799076046496,0 37.44461076092431,37.0479633302921,0 37.44462345374701,37.04623927305248,0 37.44227512742727,37.04622712409788,0 37.44104998473621,37.04624930309029,0 37.44024941005559,37.04690042936264,0 37.44018728390252,37.04695626248618,0 37.4398886844414,37.04711505440522,0 37.43970004119338,37.04717827674578,0 37.43936897577645,37.04720991543807,0 37.43902743550971,37.04730789452304,0 37.43864085032884,37.04750025414801,0 37.43843889493569,37.04765440414809,0 37.43836152452716,37.04748331057637,0 37.43846993940594,37.04723176840859,0 37.43869461927643,37.04714459222804,0 37.43884426566569,37.04704754808034,0 37.43891741045287,37.04695734682083,0 37.43894043653529,37.04683351743385,0 37.43892079461623,37.04666202844211,0 37.43879671702314,37.04655844665876,0 37.43861882715509,37.0464773431324,0 37.43715203506232,37.04645577856628,0 37.43679068978869,37.04665900145202,0 37.4363177794931,37.04682310772407,0 37.43530204141327,37.04680494796214,0 37.43423309987362,37.04680102334193,0 37.43371424837557,37.0467305640332,0 37.43296564221257,37.04655966983582,0 37.43129558320531,37.04652351967751,0 37.43122502855645,37.04652136435642,0 37.43126380266768,37.0457403866337,0 37.43119776333666,37.04454997163004,0 37.43087731293279,37.04329597858465,0 37.42800412563191,37.0432214955913,0 37.42661740887356,37.04326265020869,0 37.42647200547032,37.04360014957845,0 37.42625455386978,37.04385728913938,0 37.42617744264299,37.04414837559365,0 37.42620153725791,37.0444178826695,0 37.4262326581927,37.04447852410759,0 37.42621857756695,37.04448686365539,0 37.42625664331012,37.04476678945506,0 37.42626689009026,37.04484213026728,0 37.42629232683218,37.0450291960285,0 37.42648393155145,37.04510574380932,0 37.42647931953343,37.04512429226006,0 37.42636320461399,37.04559112710256,0 37.42631395729476,37.04572288298042,0 37.42642162727422,37.04647222424127,0 37.42627504259837,37.04679794430356,0 37.42589550346898,37.04731824572831,0 37.426041132283,37.0477410056583,0 37.42558871807713,37.04805264249289,0 37.42553822608683,37.04880697728251,0 37.42509510807503,37.04891011415041,0 37.42407818719185,37.04902876759539,0 37.4240595631296,37.04911194066302,0 37.42408826102633,37.04921926808237,0 37.42443066963015,37.04946181388773,0 37.42460988284223,37.04959379678796,0 37.42485377248941,37.04977402219938,0 37.42501646687779,37.04989442505066,0 37.42503744779194,37.04999762915277,0 37.42452648072751,37.05070809286961,0 37.42446923102277,37.05094866922666,0 37.42441605098589,37.0509600423493,0 37.42440122630619,37.05097038542938,0 37.42439524384487,37.0509644926659,0 37.4240663686804,37.05103482343105,0 37.42404289322125,37.05106034581887,0 37.42403425501964,37.05129623520403,0 37.42397454772642,37.05140215249147,0 37.4238709745094,37.0515858785014,0 37.42322316597559,37.05179541176661,0 37.42292134598079,37.05200601363938,0 37.42253070317356,37.05232537448315,0 37.42232414806687,37.05241560508572,0 37.42191597033641,37.05265782173909,0 37.42185186019152,37.05380755320414,0 37.42057078492819,37.05397750348251,0 37.42017887068093,37.05402935487522,0 37.42015252537238,37.0540969189771,0 37.42023236398815,37.05461216618291,0 37.42030925342671,37.05492451512911,0 37.42010940929971,37.05530970040258,0 37.41995506877495,37.05554825646563,0 37.41984795052945,37.05576105516116,0 37.41982087074933,37.05584511262021,0 37.41982485412311,37.0560588662189,0 37.41976979108111,37.05617151571759,0 37.41957128028827,37.05625534012125,0 37.4193378462256,37.05633958211105,0 37.41923406131131,37.0564915230377,0 37.41916671527637,37.05659421004238,0 37.41906409147592,37.05712527301335,0 37.41869677376457,37.05728594694547,0 37.41848624735206,37.05765871535946,0 37.41840495038103,37.05796743764968,0 37.41823043881057,37.05823419063096,0 37.41769555749556,37.05832832974886,0 37.41747117924929,37.05832669573407,0 37.41698970501162,37.05833171905936,0 37.4167321628362,37.05854265752857,0 37.41663531487147,37.05873943706919,0 37.41651409398667,37.05878255960488,0 37.41651108646011,37.05878550934924,0 37.41649839800937,37.05878814223325,0 37.41640595104903,37.0588210280612,0 37.41611226732596,37.0589685160837,0 37.41611330620989,37.05928833251664,0 37.4161153648758,37.05933400471985,0 37.41609762954842,37.05933499853883,0 37.41602806809554,37.05945965852131,0 37.41589292082907,37.05947645917674,0 37.4158970874336,37.05937358131222,0 37.4158312800438,37.0593975585661,0 37.41575898771276,37.05933997201932,0 37.41541300139495,37.05946603072542,0 37.41445102380199,37.05993097799139,0 37.41419504625934,37.06008497453843,0 37.4138455404356,37.06018963684535,0 37.41363402521311,37.06025297358573,0 37.41357600792497,37.06032999487571,0 37.41355843207208,37.06034874597739,0 37.41347948979519,37.06043295518955,0 37.41342050777274,37.06048217320865,0 37.41330403921498,37.06053203568506,0 37.41311724431385,37.06056007589002,0 37.41248656732756,37.06065474014326,0 37.41236496530843,37.06067299007247,0 37.41206997517201,37.06073904436148,0 37.41190899190282,37.06087001076155,0 37.41176802449932,37.06109004106631,0 37.41163699512078,37.06125597686005,0 37.41147699620995,37.0613199697268,0 37.41121696712067,37.06135100303375,0 37.41089704375723,37.06135300545342,0 37.41025902147128,37.06121496264533,0 37.40992896279882,37.06111002550898,0 37.4098277409247,37.06104996902581,0 37.40960198088161,37.06091601517488,0 37.40946701090624,37.06081903022551,0 37.40902800598502,37.06057002449759,0 37.4088300237624,37.06055597550973,0 37.40876697478792,37.06051919064128,0 37.40826798101131,37.060228044908,0 37.40804004493142,37.06018902679565,0 37.40763795835058,37.06019100376547,0 37.40733176646586,37.06022172135242,0 37.40720899511528,37.06023403418658,0 37.40686796592215,37.06031801465898,0 37.40670503873467,37.06029904129912,0 37.40653398934607,37.06029701540577,0 37.40643998496824,37.06033399530227,0 37.40641102397646,37.06041301028541,0 37.40645003222347,37.06060197718597,0 37.40644197550515,37.0606980461503,0 37.40637100250892,37.06076197113372,0 37.40623692269484,37.06081863534876,0 37.40615797084125,37.06085199924542,0 37.40612969177344,37.06087382242146,0 37.40605299931357,37.06093299828816,0 37.40586597656542,37.06113104094845,0 37.40571298203535,37.06122801869433,0 37.40554297874288,37.06128797937981,0 37.40525104057932,37.06136398167939,0 37.40393202783424,37.06154298764515,0 37.40386799586727,37.06155600096636,0 37.40380303646579,37.06159903478175,0 37.40379168660421,37.06160993154455,0 37.40357603263949,37.06181701135718,0 37.4035089561634,37.06185096998399,0 37.40339304681573,37.06185702585043,0 37.40311498166691,37.06188600054367,0 37.40310593281742,37.06188834026831,0 37.40296803656113,37.06192396620705,0 37.40258550337176,37.06209254620899,0 37.40240299617037,37.06217297321169,0 37.4019269721866,37.06239101042168,0 37.40146900219416,37.06254700859278,0 37.40143936008005,37.06256237759939,0 37.40136298891802,37.06260196977315,0 37.40122396739452,37.06271301425667,0 37.40106502600214,37.06280996892297,0 37.40092203315667,37.0628210302208,0 37.40069596135658,37.06281802136293,0 37.40067638413013,37.06282021584509,0 37.40045495540431,37.06284501867601,0 37.40017499178231,37.06299800975008,0 37.39959066046239,37.06323991419204,0 37.39890202518338,37.06352499027497,0 37.39808603879496,37.06391301523578,0 37.39795098192256,37.06401301520074,0 37.39784697567234,37.06412202303893,0 37.39742003698728,37.06473696722508,0 37.39718098813871,37.06504303269613,0 37.39718102444295,37.06504501176223,0 37.39718000378605,37.06504502378623,0 37.39714402735503,37.06509095884476,0 37.39711998159647,37.06512503586192,0 37.3971156813401,37.0651295852052,0 37.39707383528813,37.06508035744596,0 37.39682260597384,37.06512302541012,0 37.39651189857093,37.06551053322141,0 37.39649828752399,37.06572613124943,0 37.39648579862747,37.06582130481571,0 37.39645191765016,37.06587057751814,0 37.3964338779758,37.06588990190695,0 37.39635186654181,37.06594247671278,0 37.39626815592199,37.06597964637279,0 37.3961245018225,37.06601455735063,0 37.39605268153075,37.06602815191646,0 37.39596736009301,37.06604983414251,0 37.39595370333292,37.06606169885996,0 37.39590223677508,37.0660938846304,0 37.39583662655627,37.06614192322692,0 37.39574501279818,37.06620493607367,0 37.39566639269417,37.06624935250162,0 37.39559456349077,37.06629377005656,0 37.39542555269412,37.06633163651973,0 37.39536720159058,37.0663495321368,0 37.39528605740232,37.06634456725154,0 37.3952365510816,37.0663463660226,0 37.3951760381083,37.06633322054871,0 37.39504151134025,37.06635690092271,0 37.39425445004564,37.06649543341655,0 37.39407897997394,37.06659798271539,0 37.39348352856672,37.06694598333025,0 37.39327479523337,37.06739911071593,0 37.39304880654835,37.06751073669105,0 37.39236887898679,37.06789352045831,0 37.39151022253834,37.06828632995175,0 37.39018911624194,37.06871317979623,0 37.38972142844241,37.06884222413387,0 37.38966199480745,37.06886296238972,0 37.3893019867439,37.06894197761906,0 37.38914344432497,37.06894116512242,0 37.389144266603,37.06894482165504,0 37.38846363936019,37.06890218840354,0 37.38825592395577,37.06889065728452,0 37.38797862150073,37.06885576102388,0 37.38751554336729,37.06883675726444,0 37.38692596856279,37.06871789031527,0 37.38617427204466,37.06873845747054,0 37.3856512968396,37.06868499581052,0 37.38544787568292,37.06860748257117,0 37.38503206183047,37.0684515723111,0 37.38471575002704,37.06839805159961,0 37.38442798390643,37.06844193813185,0 37.38421100261166,37.06830102274119,0 37.38415000547121,37.06826703897504,0 37.38409903106395,37.06825898249542,0 37.38403803924687,37.06826104669607,0 37.3839800441434,37.06828001738762,0 37.38390200299954,37.06823199389473,0 37.3836850185386,37.06809700613638,0 37.38348797452449,37.06801297204342,0 37.38323902837762,37.06793098548445,0 37.38278188804424,37.06783675684972,0 37.38272842228852,37.06782875134918,0 37.38258211281568,37.06780043578236,0 37.38238031110392,37.06773168669092,0 37.38222740030118,37.0676734191097,0 37.38197102401654,37.06745068478603,0 37.38184542910887,37.06733144308865,0 37.38183062233328,37.06732331379748,0 37.38182501816281,37.06732564600957,0 37.38161859987149,37.06726701625979,0 37.38103271453132,37.06711173496516,0 37.38055459288086,37.06699333839418,0 37.37887970804275,37.06616892214497,0 37.37886995591795,37.06603604067308,0 37.37872397669808,37.06552397656062,0 37.37861403822368,37.06510197174443,0 37.37858901686241,37.06501601972567,0 37.37857286250674,37.06500253031256,0 37.37857260864652,37.06500161153985,0 37.37834656964012,37.06480312640291,0 37.37798119904837,37.06466701511891,0 37.37663704941478,37.06405556241511,0 37.37496052640873,37.06384348377222,0 37.37378741386896,37.06394008721057,0 37.37319091379548,37.06398612017275,0 37.37276085839585,37.06402561961548,0 37.37234336608398,37.06412480762911,0 37.3720835794552,37.064210664022,0 37.37123122532589,37.06456113087734,0 37.37084080838712,37.06472904432572,0 37.37044749391488,37.06473589093507,0 37.37002019672624,37.06460964723635,0 37.3695084754327,37.06441993724398,0 37.36901648510678,37.06420928503655,0 37.36873332930643,37.0641135925512,0 37.3684434403371,37.06396274386415,0 37.36827845991755,37.06389100123727,0 37.36806312216544,37.06389348533699,0 37.36775377308263,37.06382305577617,0 37.36768418445492,37.0638687605986,0 37.36760487093014,37.06385982183795,0 37.36728625407464,37.06375715916013,0 37.36718191090643,37.06370584081844,0 37.36704277474778,37.06366789424563,0 37.3668243282934,37.06361320550798,0 37.36675338318349,37.06356077747941,0 37.36673949470022,37.06348940698309,0 37.36658927716868,37.06331429649197,0 37.36654616547213,37.06324626392458,0 37.36645573686144,37.06319940944734,0 37.36636807029406,37.0632027332197,0 37.36608561574437,37.06316029349571,0 37.36599516796084,37.06316250295188,0 37.36566253678798,37.0633341541802,0 37.36558740412033,37.0633151792138,0 37.36524457502153,37.06325630276922,0 37.36485214732284,37.06311435787581,0 37.36427467445752,37.06284435454085,0 37.36390244120568,37.06265259020298,0 37.3636422128241,37.06264257018604,0 37.36320507396489,37.06260666283995,0 37.36278514447898,37.0625746917406,0 37.36224994730657,37.06252198119239,0 37.36205323884687,37.06253570833109,0 37.36199401427931,37.06252900023469,0 37.36198255799798,37.06254064120012,0 37.36188852347128,37.0625472045083,0 37.36174814227421,37.06288712302299,0 37.36031973531598,37.06266186761061,0 37.35973992389607,37.06251662166684,0 37.35907599209496,37.06264620746222,0 37.35826559157319,37.06261406474088,0 37.35742805441733,37.06234669945243,0 37.35597627426981,37.06203426437391,0 37.35589427152994,37.06189484627493,0 37.35563297512419,37.06171002260135,0 37.3552216881856,37.06154953646912,0 37.35516569446884,37.06148794575499,0 37.35498587971536,37.06142249697937,0 37.35470476456293,37.0614502380215,0 37.35439374383847,37.06151757122142,0 37.35411550557217,37.06170718384511,0 37.35395889426793,37.06185125104419,0 37.35393833481299,37.06207226493458,0 37.35361664002767,37.06222802892272,0 37.35310354262447,37.06229275890779,0 37.35247441101783,37.06237352689664,0 37.35198370616234,37.06232024633769,0 37.35145519627734,37.06226540690827,0 37.35124092275991,37.06209850103273,0 37.35121816091024,37.06208076910964,0 37.35113180574542,37.06184931734401,0 37.3510445707611,37.06181214996762,0 37.35092338515889,37.06181353034814,0 37.35077672610399,37.06184295254064,0 37.3505616184076,37.06191825645242,0 37.35028763545871,37.06209136659677,0 37.35019187623207,37.06218517365624,0 37.35008339595675,37.06229143676087,0 37.3498337223564,37.06237060078912,0 37.34954856476934,37.06240160034572,0 37.34942201562464,37.0624731239148,0 37.34938569732163,37.06249365293439,0 37.34912039143404,37.06263356781214,0 37.3489801471484,37.06266957234729,0 37.34879206042221,37.06266916342468,0 37.34846910459091,37.06260970236923,0 37.34825598448329,37.06260026263027,0 37.34790069478426,37.06259835610376,0 37.3476778246703,37.06256564147127,0 37.34759361836274,37.06255053516311,0 37.34734279720445,37.06251836453085,0 37.34718745740422,37.06247769179593,0 37.34694876055507,37.06239934129795,0 37.34657146133789,37.06228395328051,0 37.34613503932873,37.06207451431929,0 37.34584604900527,37.06199220753987,0 37.34541487488907,37.0619169875232,0 37.34531452437601,37.06189948224137,0 37.34456816949134,37.06173677103317,0 37.34414175531194,37.06178110795655,0 37.34378810475446,37.06175878256267,0 37.34360341498756,37.0617674594827,0 37.34298246851877,37.06154851479962,0 37.3429792804876,37.06154738950299,0 37.34241423305928,37.06141095266047,0 37.34125854491597,37.06118138324315,0 37.34023582439744,37.06120812443293,0 37.33916510564845,37.06136793660587,0 37.3378965700744,37.06174249621864,0 37.33645027438954,37.06205924757355,0 37.33583026414178,37.06219503098293,0 37.33460220765178,37.06249749132978,0 37.33451171429846,37.06251977870805,0 37.33450024326945,37.06252260538706,0 37.33140391460736,37.05747873184096,0 37.33136497772697,37.05741704630983,0 37.33108071760358,37.05692728883128,0 37.32597360705221,37.04803319234293,0 37.3236769659313,37.04403291046017,0 37.32292192299555,37.04271764951115,0 37.32263204258735,37.04190315898209,0 37.32253653476429,37.04173661258387,0 37.32242744705471,37.04154639298764,0 37.32211093108723,37.04099445207111,0 37.32189248113229,37.04061351850618,0 37.32152110185461,37.03996588995066,0 37.3214583311593,37.03985642990381,0 37.32132910690392,37.03963107606223,0 37.32110653319513,37.0392429346001,0 37.32100845137168,37.03906690264304,0 37.31996495703545,37.03717092648046,0 37.31949642296677,37.03655139858802,0 37.31788543608815,37.03496540247092,0 37.31777126547036,37.03484977260965,0 37.31776918186912,37.03485094724548,0 37.31702965085694,37.0340709349025,0 37.3154280114056,37.03238154599205,0 37.31403077279498,37.03048068905336,0 37.31135861075407,37.02705711309894,0 37.31114226195977,37.02677990812185,0 37.31079172641492,37.02680346572497,0 37.31034246478631,37.02686129787804,0 37.30995893490342,37.03076554756045,0 37.30991295936706,37.03097903378995,0 37.30993285606291,37.0309771021878,0 37.30993363763762,37.03102260369443,0 37.30992086104327,37.03116386942918,0 37.30991136000073,37.03138251397562,0 37.3099040430215,37.03153399366546,0 37.3098977965983,37.03153712427105,0 37.30983996106157,37.03197662787626,0 37.30984906922469,37.03284529048887,0 37.30978537644901,37.03352591722241,0 37.30978654426182,37.03356982776566,0 37.30983847100425,37.03551976952784,0 37.30896126927604,37.03752193228195,0 37.30778126117859,37.04057011308463,0 37.30746925892569,37.04259111697511,0 37.30750114511245,37.04518123909525,0 37.30746499540722,37.0457546919589,0 37.30698208914017,37.04806898596709,0 37.30673792964907,37.0492601244916,0 37.30660441854157,37.04974974351268,0 37.30604637423429,37.051600828555,0 37.30562098977641,37.0536162263702,0 37.30553628906004,37.05401265678933,0 37.30545972452107,37.05420307096821,0 37.30406276343381,37.0567478340748,0 37.30392736742055,37.05868361530344,0 37.30386115945939,37.06068361871849,0 37.30409848135861,37.06113212299762,0 37.3044202977349,37.06176374742705,0 37.30487609705383,37.06260293894228,0 37.30444967503572,37.0625968256052,0 37.30468770555829,37.06283348102819,0 37.30448135354042,37.0633524339865,0 37.30429958823184,37.0638586948868,0 37.30417190740778,37.06422012559426,0 37.304161332352,37.06429696812921,0 37.30413880822724,37.06480682239426,0 37.30412993312257,37.0651092964891,0 37.30412283445815,37.06533822698028,0 37.30406969898833,37.06587265485856,0 37.30403159201259,37.06604038742243,0 37.3040189497835,37.06628874148787,0 37.30399836074081,37.06713719194929,0 37.30397795091316,37.06796308810374,0 37.30398987265382,37.0681644295407,0 37.30414171604882,37.06844980473086,0 37.30422127030999,37.068610931061,0 37.30444219018607,37.0693711988153,0 37.30459914592142,37.06970527421095,0 37.30479364773267,37.07022256247576,0 37.3050422708,37.07054508867125,0 37.30580055151466,37.07099003781456,0 37.30589821121995,37.07102635428065,0 37.30628420271378,37.0713201564642,0 37.30653771642313,37.07159946728574,0 37.30680146597863,37.07217365346816,0 37.30703821866017,37.07272741246342,0 37.30717795130474,37.07314456653604,0 37.30723344112093,37.0737174419511,0 37.30714601217652,37.07387121453981,0 37.30721508818991,37.07427274892581,0 37.30703493017674,37.07476947184617,0 37.30672548957104,37.0752351837547,0 37.30667475996353,37.07543738613488,0 37.30714102251943,37.07576805188108,0 37.30750227884504,37.07602761373695,0 37.3076943755365,37.07637652400307,0 37.30772588645407,37.07652862674959,0 37.30759880895211,37.07699286939923,0 37.30756259545184,37.07706462837045,0 37.30755845979876,37.07709882209691,0 37.30723638541863,37.07815861129937,0 37.30685563100437,37.07847986826351,0 37.30688994862331,37.0786055389845,0 37.30676739619391,37.07882294890929,0 37.30691074998455,37.07891975896293,0 37.30691799191357,37.07918439284104,0 37.30688562724973,37.07932323230146,0 37.3066988075853,37.07983867865951,0 37.30662803154824,37.08009173830531,0 37.30673014384254,37.08036694975556,0 37.30682726034718,37.08067221963873,0 37.30689401746566,37.08067634937066,0 37.30689162879217,37.0808319775462,0 37.30636945043338,37.0818973028474,0 37.30618993987758,37.08227562663869,0 37.30599350134263,37.08272270128933,0 37.30577988121637,37.08333529836583,0 37.30561413844982,37.0844378723867,0 37.30557692560799,37.0847794900334,0 37.30554252158409,37.08511440838965,0 37.30548513584982,37.08546003229689,0 37.30536821772914,37.08602633513708,0 37.30541532181404,37.08603852075131,0 37.30530543807013,37.08632002941656,0 37.30511149040986,37.08644109507678,0 37.30502684478399,37.08658771737376,0 37.30477777411156,37.08692436710127,0 37.30446318126913,37.08751311566951,0 37.30416022273186,37.08790162227555,0 37.3037431176779,37.08855997091331,0 37.30364989106356,37.08879020970089,0 37.30361772134572,37.08898031316043,0 37.30354480744325,37.08947729349742,0 37.30342891530213,37.08978283404205,0 37.30347604599388,37.08987741337168,0 37.30366457955804,37.09008054355501,0 37.30367702806655,37.09009395779584,0 37.30373899024107,37.09026098679395,0 37.30393102081565,37.09062799780599,0 37.30397103288295,37.09081896986162,0 37.304008967023,37.09136502891617,0 37.30409903238191,37.0920349684603,0 37.30419500340525,37.0927570200373,0 37.30424701328978,37.09295497878368,0 37.30436804336846,37.09323896113937,0 37.30459895833673,37.09362203591334,0 37.3049309718722,37.09409501698258,0 37.30514198415401,37.09459402104243,0 37.305277035698,37.09521903554516,0 37.30533499283649,37.0958120056574,0 37.30531398997783,37.09645901409925,0 37.30526696684343,37.09681703009541,0 37.30527498594719,37.09713298585227,0 37.30532200275583,37.09745599148739,0 37.3052590248652,37.09759799005729,0 37.30525997296423,37.09775604622092,0 37.30534901120392,37.09824602981783,0 37.30535303929843,37.09831303271721,0 37.30514999700613,37.09871196793942,0 37.30490402168981,37.09935604541363,0 37.30487984128866,37.09941395681361,0 37.30487127458565,37.09944556638047,0 37.30454939946473,37.10021585475959,0 37.30449442639992,37.10064407199936,0 37.30446611298516,37.10104604698801,0 37.30433475629846,37.10193956780519,0 37.30381336337193,37.10254887727125,0 37.30371707605759,37.10261471640973,0 37.30357061620947,37.10270002909188,0 37.30346918701056,37.10273484087496,0 37.30329422259805,37.10283055693107,0 37.30283847051768,37.10320118844217,0 37.30241698655439,37.10340556897812,0 37.30175470437553,37.10381603411916,0 37.30151704969094,37.103956224623,0 37.30119852669262,37.10408396739306,0 37.30106914353627,37.10410908190615,0 37.30044497365249,37.10437442409905,0 37.30036540966857,37.10439223385423,0 37.30006785710074,37.10450992266581,0 37.30004056113786,37.10452729598613,0 37.29954495137768,37.10484271508079,0 37.29800049354313,37.10552671982529,0 37.29742601633765,37.10617201908102,0 37.2966673522732,37.10668845055815,0 37.29593181313366,37.10733384625632,0 37.29457501099604,37.10790593117558,0 37.29381641807786,37.1085329022301,0 37.29035004825975,37.11013058088952,0 37.28956889841358,37.10952910700767,0 37.28847496676748,37.10950892572381,0 37.28708044449402,37.10981446361275,0 37.28720966165351,37.10905433299562,0 37.28880657858187,37.10811734188144,0 37.28874273523515,37.10806082220148,0 37.28861108123687,37.1078132177532,0 37.28850860705364,37.10784652439862,0 37.2880180068081,37.10800598657011,0 37.2867923944906,37.10814908992244,0 37.28672572912236,37.10815687466365,0 37.28591566967656,37.10768606150388,0 37.284826111527,37.10763056421142,0 37.28417224850706,37.107075800638,0 37.28377221124067,37.10774112222607,0 37.28374572192338,37.10778517983392,0 37.28302060136622,37.10727973114579,0 37.28237766785864,37.10759167454108,0 37.28189490675035,37.10743543647156,0 37.28120138401372,37.10879169857373,0 37.27974992037419,37.10892395842373,0 37.27851675193962,37.10818970237877,0 37.27883845929026,37.10654735779277,0 37.27801386691328,37.10643929928695,0 37.27723280587622,37.10624594006451,0 37.27703464501103,37.10608832659834,0 37.27554499246011,37.10582576883684,0 37.27544262675636,37.10560459402007,0 37.27479881757429,37.10557024880373,0 37.27475712718699,37.10495549620112,0 37.27416561747462,37.10478588846917,0 37.2735573175627,37.1048159370906,0 37.27344365909037,37.10532405812012,0 37.272310724443,37.10534270542932,0 37.27218470743508,37.10555633188415,0 37.27131370763787,37.10548413135358,0 37.27128431573832,37.10559209324549,0 37.27058699642695,37.10548353888082,0 37.2705845593935,37.10522514040616,0 37.26985282831733,37.10509703464007,0 37.26966470193875,37.10505417941166,0 37.2695392198424,37.10523968601597,0 37.2691141393633,37.10512665678794,0 37.26938709181252,37.10476558846339,0 37.26899667696942,37.10468732413604,0 37.26876950648377,37.10487301823222,0 37.26811167864376,37.10482040791327,0 37.2672879791858,37.1054190949922,0 37.26712201007157,37.10537590877637,0 37.26735886035583,37.10506234810269,0 37.26740311276988,37.10500376557241,0 37.26722074315581,37.10502856811411,0 37.2664210327426,37.10513733304986,0 37.26632568295491,37.10505212616499,0 37.26612295659541,37.10501059074568,0 37.26581777071273,37.10513251024398,0 37.26556047000075,37.10542799036401,0 37.26538475187954,37.10586045311011,0 37.26494324575745,37.10589597720286,0 37.26467851092104,37.10629271590197,0 37.26463169281818,37.10654855858928,0 37.26429418387688,37.10715591513988,0 37.26423268501815,37.10754381965223,0 37.26426322995196,37.10779081820434,0 37.26392327637706,37.10781174229478,0 37.26398372292726,37.10824709092036,0 37.26394865051923,37.10837729796518,0 37.26357008363274,37.10868100431027,0 37.26273924314226,37.108820407031,0 37.26246521237421,37.1089024319891,0 37.26208713251918,37.10853794796439,0 37.26121953635591,37.10977803062787,0 37.26021703257913,37.11057742120249,0 37.26006852983949,37.11097778123833,0 37.25992952211398,37.11105503233915,0 37.25998120809242,37.11179104880934,0 37.26040147333077,37.11214815487137,0 37.26035344012172,37.11220957171287,0 37.26005078805301,37.1126293201892,0 37.25998065747739,37.11291865401767,0 37.26008953593806,37.1129985872485,0 37.25970822348718,37.11351242316974,0 37.2600061425343,37.11369603545754,0 37.25958454901529,37.11418263642288,0 37.25934975176234,37.11435938357292,0 37.25921544212868,37.11428602596002,0 37.25889418886914,37.11475858684653,0 37.25884864152675,37.11435875748506,0 37.25866821532829,37.11388301972079,0 37.25865335390083,37.1138438378125,0 37.25761647253638,37.11388916505933,0 37.25765653200439,37.11405966081757,0 37.25697790261772,37.11420272461791,0 37.25685957568675,37.11317693194237,0 37.25491911153143,37.11297952851503,0 37.25495003894978,37.1133742002825,0 37.2549448229634,37.11370573192549,0 37.25416888059785,37.1137809747347,0 37.25404740827269,37.11463550504791,0 37.25367474031402,37.11459844917159,0 37.25309377736065,37.11459287676609,0 37.252544458438,37.11459579702782,0 37.25274663365201,37.11600912811578,0 37.25330147470291,37.11592424884785,0 37.2538642076061,37.11584036472465,0 37.25405156617514,37.11582874210827,0 37.25412471847626,37.11630054201365,0 37.25403729562346,37.11633444365772,0 37.25416872565089,37.11710629066991,0 37.2547214282846,37.11704818539637,0 37.25524285134662,37.11700365354692,0 37.2557557487574,37.11700849650872,0 37.25626755812362,37.11698820893434,0 37.25667362685632,37.11698949296253,0 37.2567636497943,37.11793620850675,0 37.25686851263264,37.11855561341537,0 37.25658347795373,37.11877775600274,0 37.25587933403629,37.11897374344782,0 37.25548816333064,37.11907169155502,0 37.25490388265454,37.11903392728357,0 37.2548993435195,37.11903363295374,0 37.25422718508948,37.118726295848,0 37.25405645530168,37.11860060989738,0 37.25392510443869,37.1186123131913,0 37.25380288740201,37.11862320433494,0 37.25371334696918,37.11837196180766,0 37.25318151738171,37.1183522652373,0 37.25296188950616,37.11830421885244,0 37.25224341067508,37.11814160908801,0 37.25187045370885,37.11804031085595,0 37.25072604018321,37.11744853696568,0 37.25050258632953,37.11712653412891,0 37.24876528566215,37.11726818752604,0 37.24877471481077,37.11712316230821,0 37.24774019839914,37.11727603979645,0 37.24748237116401,37.11728136801234,0 37.24726723507061,37.11730193120908,0 37.24687274113444,37.11733483955989,0 37.24627994462406,37.11741950403397,0 37.24613979885191,37.11743404913541,0 37.2456968973866,37.11750144838363,0 37.24463911574851,37.1177007956048,0 37.24433614415997,37.1177405778235,0 37.24428202324039,37.11782480884105,0 37.24348202063914,37.11801621210135,0 37.2432378446556,37.11805798858003,0 37.24304581095687,37.11809399016475,0 37.24293538365409,37.11812913401383,0 37.24279536403857,37.11815151801112,0 37.24268184293052,37.11819715294113,0 37.24253984030705,37.11829799002166,0 37.24238813136439,37.11840415810135,0 37.24231433504578,37.11848336409744,0 37.24222850778445,37.11862544400037,0 37.24219113159052,37.11873564309978,0 37.2420048372409,37.11892322041649,0 37.24167572526966,37.11916196775736,0 37.24119026804591,37.11942326726753,0 37.24100230525026,37.11950889721873,0 37.24085003702319,37.11958108054123,0 37.24061163604823,37.11977704436744,0 37.2404510682976,37.11994082113484,0 37.24039354666578,37.12001724091776,0 37.24017221478097,37.12005877389204,0 37.24007797619286,37.12008590337441,0 37.23971119649843,37.12021784663258,0 37.23933454085633,37.12034466257513,0 37.23904784877205,37.12028481438931,0 37.23885932642251,37.12015992848779,0 37.23862437883283,37.12001625845928,0 37.23852269423069,37.11992900426272,0 37.23836899089615,37.11984871578766,0 37.23808519438392,37.11966059474613,0 37.2379614084295,37.11957035789673,0 37.23775271011551,37.11943765292511,0 37.23762517477514,37.11936351440553,0 37.2374111408749,37.11927261356654,0 37.23727803639837,37.11922582969713,0 37.23706742101795,37.11922160362617,0 37.23680728565583,37.11925482612122,0 37.23649275651916,37.11927255769181,0 37.23640071628969,37.11928475867408,0 37.23619030962266,37.11929337542185,0 37.23582557870792,37.11930681014864,0 37.23527273125266,37.11934308051138,0 37.23509877772828,37.11937379557475,0 37.23487420421111,37.11937452782066,0 37.23477828575226,37.11939479591661,0 37.23462815538493,37.11941081178952,0 37.23450393018329,37.11941692232949,0 37.23434475601183,37.11951076369058,0 37.23424558182002,37.11955255967806,0 37.23414277489659,37.11961164047707,0 37.23397569595501,37.11969177102993,0 37.23386345663387,37.11977290010531,0 37.2338212562243,37.11982664652,0 37.23368692291331,37.11987351124313,0 37.2335056576304,37.11992399968888,0 37.23334366341929,37.11995547433362,0 37.23322862635843,37.11998489250178,0 37.23304705534646,37.12001656860404,0 37.23288498446341,37.12004334016569,0 37.23267196608185,37.12006750399883,0 37.23254098841484,37.12007984018789,0 37.23240065222632,37.12011892711543,0 37.23232873107587,37.12015103165939,0 37.23232008638621,37.1202216757774,0 37.232293977208,37.12030190615834,0 37.23213866930402,37.12038348132629,0 37.23198885003282,37.12044148116608,0 37.2317521537592,37.12050273341264,0 37.23157086626313,37.12056299687354,0 37.2314325728368,37.12065200605709,0 37.23133104098529,37.12076009137339,0 37.2311151976282,37.12093747637789,0 37.23094014210548,37.12100740503344,0 37.23075932754788,37.12109685317461,0 37.23059040985897,37.12119824292236,0 37.23047548640407,37.12142433896344,0 37.23035249652192,37.12173048207626,0 37.23028364541145,37.12191111874895,0 37.23023379909952,37.12210904848762,0 37.23031779505222,37.12255207755163,0 37.2301671891793,37.12260562329261,0 37.23005775001597,37.12252878405035,0 37.22981878043773,37.1224706167987,0 37.22928027755307,37.12262348465738,0 37.22892539393275,37.12275712021582,0 37.22850504310797,37.12285677689677,0 37.22792242513201,37.12295811311507,0 37.22784684690356,37.12312714823349,0 37.22753755133085,37.1236215355267,0 37.22739681084778,37.12395764488716,0 37.22672014058824,37.12408730545922,0 37.22619746967924,37.12398504663664,0 37.22606234354289,37.12395861045846,0 37.22605932915468,37.12395121914172,0 37.22595223140797,37.12368874804869,0 37.22594512961634,37.12324844889261,0 37.22568188964743,37.12290331836744,0 37.22548339857286,37.12267144660414,0 37.2251900625354,37.122596503867,0 37.22475512067297,37.12246237496961,0 37.22447251680524,37.12243372683948,0 37.22417616723398,37.1224198487452,0 37.22384815876156,37.12306685860489,0 37.22343200667293,37.12349458914708,0 37.22314228412373,37.1240120469844,0 37.22300769598125,37.12406646536176,0 37.22287634863072,37.12413531402315,0 37.22268099321519,37.12434222278799,0 37.22241198178001,37.1246487196163,0 37.22187387496853,37.12525689192249,0 37.22156151770122,37.1254891095035,0 37.22110186033231,37.12629654206147,0 37.22105319716787,37.12630124566122,0 37.22096847711003,37.12626240736846,0 37.22086216995461,37.1262220632242,0 37.2208124190534,37.12621221765296,0 37.22065691570987,37.1261965522155,0 37.22057092866599,37.12621297644149,0 37.22051570675956,37.12626534215872,0 37.22041618160489,37.12637859274787,0 37.22023227518409,37.12660839224138,0 37.22017498140384,37.1266659581181,0 37.22009087107894,37.12666509758197,0 37.22001489590469,37.12663189900135,0 37.21998663629141,37.12661955233515,0 37.21989727601283,37.12656004147473,0 37.21982947091598,37.12650031052554,0 37.21981142022894,37.126450425512,0 37.2198103673426,37.12638482680534,0 37.21985248879303,37.12632223645205,0 37.21986652737453,37.12625648243542,0 37.21985287107908,37.12621173299361,0 37.21980068645355,37.12618464333774,0 37.21964786532519,37.12620175464561,0 37.21950794378574,37.12620174905697,0 37.21935771987819,37.1261669785003,0 37.2192570852613,37.12611354058296,0 37.21919568824747,37.12596164598245,0 37.21918870790833,37.12580919345672,0 37.21912771900408,37.12568271563472,0 37.21898830272563,37.12547351914478,0 37.2188737158631,37.12539843440393,0 37.21862234165385,37.12556080542729,0 37.21860648385046,37.12556635467775,0 37.21824801027501,37.12569175653923,0 37.21807860533592,37.12587507391054,0 37.21778136006817,37.12600523138765,0 37.21761584737974,37.12614856104904,0 37.21717545591838,37.12649279628729,0 37.21694096751911,37.12675802597987,0 37.21694688506672,37.12677375808428,0 37.21750063346541,37.1271665781677,0 37.21734709849127,37.12749136261603,0 37.21756654402343,37.12880020202235,0 37.2176279216222,37.12916625435604,0 37.21788858206204,37.13071424883777,0 37.21587655022888,37.13054242509655,0 37.21465463415023,37.13042784455739,0 37.21322783351079,37.13030270575356,0 37.21290673390787,37.13027555054612,0 37.21260991360722,37.12990537226363,0 37.21245980843937,37.12971765480773,0 37.21226971221186,37.12946440143048,0 37.21226559510954,37.12945892036233,0 37.21211339257887,37.12934665984113,0 37.2119126235071,37.12929842032684,0 37.21158837065606,37.12928055790535,0 37.21151943100082,37.12920714928961,0 37.21145436659285,37.12916943408352,0 37.21137616668459,37.12913714740557,0 37.2113230654492,37.12891667292131,0 37.21129716361023,37.12874356573428,0 37.21125769804978,37.12865265010719,0 37.21124871827335,37.12860774554763,0 37.21121876869963,37.12849158734048,0 37.21111680726045,37.12831661012798,0 37.21103753066641,37.12821683702354,0 37.21102475941592,37.12814152973208,0 37.21108464154123,37.12806151209896,0 37.21109229148374,37.12802305280851,0 37.21103419891893,37.12800776518573,0 37.21099367380778,37.12801512869252,0 37.21086444407445,37.128038614597,0 37.21085067614345,37.12800434575502,0 37.21086296820365,37.1279459880537,0 37.21091850355597,37.12790439423386,0 37.21104050045766,37.12788461953781,0 37.21111097251891,37.12784684286042,0 37.21115049891714,37.12781791308552,0 37.21117955288749,37.12775575662234,0 37.21119425280616,37.1276009592401,0 37.21119266468261,37.12750131319144,0 37.21129627484564,37.12727000188771,0 37.21132814190577,37.12711502724466,0 37.2113232676159,37.12680921911644,0 37.21087350054321,37.12551820640689,0 37.21061582050559,37.12469948651597,0 37.21057547095318,37.1243218697505,0 37.21056988870588,37.12397139125675,0 37.21125130076307,37.12379185298884,0 37.21161495892225,37.12374106598247,0 37.21192919600996,37.12354015258453,0 37.21267377935786,37.1230858951951,0 37.21290208378655,37.12277846352837,0 37.21290378135375,37.12277484572923,0 37.21279275967881,37.12252300914844,0 37.21297161192401,37.12219777478805,0 37.21293257823417,37.12215920558543,0 37.21278167948898,37.12207736300473,0 37.21231755996465,37.12189743261253,0 37.21127582534416,37.12165017185601,0 37.21127603655727,37.12164916327109,0 37.21143741327635,37.12088299295933,0 37.21141679618005,37.1205516107972,0 37.21139891660119,37.12039213655209,0 37.2113029984895,37.12014749269464,0 37.21098453199564,37.12005249415976,0 37.21070177956961,37.11995303942792,0 37.21059831311383,37.1198763138124,0 37.21053019287991,37.11989437731383,0 37.210389597298,37.11993166231557,0 37.21026240113774,37.1199698050635,0 37.20971063813602,37.11999181018633,0 37.20890095287595,37.11988892171578,0 37.20852528029791,37.11989181791571,0 37.20829726061277,37.11996307224422,0 37.20812954116646,37.12002253277526,0 37.20800542275619,37.12004429022761,0 37.20765180948748,37.12011775386364,0 37.2072318722316,37.12016174414353,0 37.20700867432218,37.12012268589024,0 37.20673590717038,37.12000922011543,0 37.20645345956185,37.12000646013509,0 37.20645022471623,37.11980277844543,0 37.20640563961553,37.11970607455338,0 37.20644510235049,37.11948002053461,0 37.20639735078345,37.11943035992734,0 37.20626876578325,37.11946614287957,0 37.20608178295571,37.11952132392928,0 37.20596428927053,37.11951625186079,0 37.20554998597882,37.11930421286078,0 37.20559054437611,37.11914709680643,0 37.20518368387759,37.11915749953242,0 37.20485874855132,37.11915139965362,0 37.20423121636782,37.11906688591777,0 37.20399539131529,37.11900346437869,0 37.20385382520232,37.11896102475347,0 37.20378967871724,37.11886451848692,0 37.20357795381064,37.1180988187492,0 37.20326840605212,37.11708651932508,0 37.20255527385495,37.11710098898121,0 37.2023785151389,37.11606506504938,0 37.20224584628646,37.11538316002784,0 37.20208915210543,37.11480424241586,0 37.20194415238262,37.11455912588025,0 37.20181912436692,37.11436004114071,0 37.2015182492488,37.1139932098794,0 37.20182017775814,37.11402097476266,0 37.20250157297942,37.11411167506308,0 37.20298398157417,37.11419411390871,0 37.20315195587853,37.11426946907715,0 37.20330199105886,37.11442719986991,0 37.20390439332329,37.11439026381306,0 37.20391970530043,37.11333184088311,0 37.20390719178305,37.11294667782018,0 37.20382024715296,37.11276185343396,0 37.20364596088946,37.11257158708977,0 37.20354071751463,37.11241491203346,0 37.20350310327007,37.11220268419115,0 37.20348065820617,37.11186685304763,0 37.20352758127829,37.11158518203284,0 37.20352302289643,37.11129717694008,0 37.2034504017351,37.11103729675359,0 37.20338818698728,37.11089390169421,0 37.20315234317171,37.11060138372481,0 37.20311808562531,37.11005991920191,0 37.20318711401946,37.1095516989148,0 37.20310332895198,37.10912732958499,0 37.20307362895345,37.10887387197249,0 37.20296426792313,37.10845662052223,0 37.20290454831792,37.10836266533205,0 37.20266437807751,37.10806113673193,0 37.202375811795,37.10773701093134,0 37.20227293434213,37.10730711845192,0 37.20219419725002,37.1071886391758,0 37.2020006073753,37.10709825738416,0 37.20165410489675,37.10705944400256,0 37.20152940295887,37.10707224983403,0 37.20109261056324,37.10709591235328,0 37.20094899985578,37.10712814934143,0 37.20083372216401,37.10712931431381,0 37.20068226585171,37.10727321263943,0 37.20047158932505,37.10731766839998,0 37.19999138526281,37.10733022267625,0 37.19997834079605,37.10701412659587,0 37.19998060527198,37.10678668107957,0 37.19999672613649,37.10669507962309,0 37.20000017994552,37.10635742649874,0 37.20000151971892,37.10607137588639,0 37.20000741578886,37.10588843961069,0 37.20000608426473,37.10580404808667,0 37.20015698765442,37.10553524079631,0 37.20018477417984,37.10544117677543,0 37.20015851297528,37.10526091043744,0 37.20012602658407,37.10505726276789,0 37.20014062702437,37.10486954948058,0 37.20015304059538,37.10472874879747,0 37.20021165941758,37.10436240392718,0 37.20024719762474,37.10423407159637,0 37.20025494956923,37.10413292477752,0 37.20023478220165,37.10403954620779,0 37.20015590768821,37.10392804609686,0 37.19996211082367,37.10378963357982,0 37.19986513884298,37.10371574808563,0 37.19973898082601,37.10365531263202,0 37.19969838291761,37.10366815470958,0 37.19951314353924,37.10372675580757,0 37.19930066880803,37.10391414260946,0 37.19917399803543,37.1041184255627,0 37.19886937140308,37.10448944369313,0 37.19838987398153,37.10481290192982,0 37.1978120805389,37.10516522148443,0 37.19765719650908,37.10531902843153,0 37.19724379209428,37.10571400169033,0 37.19682504340717,37.10568527238325,0 37.1966148910567,37.10562148639113,0 37.19644895642609,37.10553528171626,0 37.1963596964496,37.10552794360169,0 37.1962808508495,37.1055287391944,0 37.19626435619336,37.10557009811097,0 37.19623883134148,37.10569118681902,0 37.19616367292208,37.10570842104391,0 37.19592999804441,37.10567507849631,0 37.1956752811443,37.10561173855445,0 37.1951947803725,37.10558088175225,0 37.19506909406644,37.10478301548856,0 37.19417197070907,37.10485795866487,0 37.19405140632986,37.10460377911794,0 37.19385298733506,37.10441354621728,0 37.19379966898677,37.10429325188086,0 37.1938603195183,37.10400703993459,0 37.19279302923631,37.10394363256885,0 37.1930435263763,37.10330125600935,0 37.19285412487136,37.10324823778807,0 37.19269102505358,37.10312355480087,0 37.19273111122389,37.10283755202384,0 37.19274614226085,37.10270283810966,0 37.19267898633765,37.10257444355551,0 37.19255715498432,37.1024575831737,0 37.1923045432437,37.10230908424662,0 37.1921828839235,37.10220320779172,0 37.19193879519793,37.10194202904317,0 37.19182841187322,37.10189919988242,0 37.19162147214362,37.10225827940178,0 37.19079117814693,37.10156360029882,0 37.18983452164682,37.10103922881599,0 37.18970877980168,37.10097030615709,0 37.1894428812125,37.10172542122895,0 37.18916829971557,37.10170620522997,0 37.18909688900037,37.1024017001813,0 37.18840674906536,37.10233721624739,0 37.18757078899091,37.10237579807256,0 37.18753252349157,37.10233731792788,0 37.18715977238202,37.10196249444473,0 37.18645198376939,37.10120614310659,0 37.18560262983464,37.10104437389568,0 37.18547932161637,37.10039201939224,0 37.18443251911965,37.10053978502329,0 37.18399360857583,37.10075562242248,0 37.18377022797464,37.10094184360084,0 37.18357324566925,37.10106189525999,0 37.18339910378305,37.10110757236644,0 37.18335068460635,37.10108059271944,0 37.18330792797754,37.10097666578915,0 37.18320342344087,37.10087060697021,0 37.18299003685359,37.10081781222039,0 37.18263383213269,37.100840587988,0 37.18119058686281,37.10084947698574,0 37.18067712049481,37.10090127279491,0 37.18054865004191,37.10101789090438,0 37.18031844653002,37.10120692166793,0 37.18002551607151,37.10133066709604,0 37.17973490671308,37.10138298872004,0 37.17943435319827,37.10145737709038,0 37.17901886628532,37.10163726317194,0 37.17891611255298,37.10164377751181,0 37.17903779637466,37.10131028056831,0 37.17905376866634,37.10101353657583,0 37.17849907964973,37.10106024211111,0 37.17842398701437,37.10086051813649,0 37.17841779416338,37.10068207786997,0 37.17843097652628,37.10042655423396,0 37.17836201779037,37.10018008404968,0 37.17833080819481,37.0999359849529,0 37.1781577383193,37.09960816405889,0 37.17772738326644,37.09949160628104,0 37.17736360203971,37.09946775624828,0 37.17696249740585,37.09946899043877,0 37.17671188119775,37.0994467612984,0 37.17657449356929,37.09987378042124,0 37.17655065040714,37.10032713382756,0 37.17647725662399,37.1009018121778,0 37.17604111196464,37.10107639845578,0 37.17580636415055,37.1011940655944,0 37.1754531684518,37.10141176597732,0 37.1751109292664,37.10167329741481,0 37.17495930131837,37.10184506130064,0 37.17488888432676,37.10194736835032,0 37.17479101392961,37.10257982335392,0 37.17443919721375,37.10291883771375,0 37.17426821798634,37.10313445917252,0 37.17413638151643,37.10333618113865,0 37.17405028296189,37.10340459003142,0 37.17393118085004,37.10352061450244,0 37.17381575998289,37.1036928978038,0 37.17366340210904,37.10393845494625,0 37.1730583831853,37.10368254106236,0 37.17268969722893,37.10356183924906,0 37.17257874334528,37.10349416037653,0 37.17253995024008,37.1034285194723,0 37.17257878603765,37.10327407627661,0 37.17266815688573,37.10305586038182,0 37.17324207646299,37.10263202513764,0 37.17345884627067,37.10243455608762,0 37.17345964806233,37.10226398423403,0 37.17332103311699,37.1019981546895,0 37.1732826828647,37.10192460412382,0 37.17182487806129,37.10250431453358,0 37.1709720021203,37.10291056788573,0 37.17093330893386,37.10301309449633,0 37.17142721550023,37.10354893087709,0 37.17122599985335,37.10366651177964,0 37.17095207776769,37.103827913187,0 37.17016940443613,37.10430976719724,0 37.16966065007855,37.10463022009287,0 37.16925078311495,37.10485957071246,0 37.16882701931539,37.10513999670468,0 37.16859744235516,37.10532250779825,0 37.16799260077675,37.10514985974424,0 37.16720428657592,37.10489415917796,0 37.16680734080587,37.10477490841406,0 37.1663847657831,37.10463408225767,0 37.16602283035783,37.10451292565344,0 37.16562754977566,37.10437494764632,0 37.16536318436712,37.10428262808892,0 37.1650146371562,37.10414028725741,0 37.16471297752326,37.10399278328937,0 37.16431063528597,37.10378749047326,0 37.16366083215962,37.10352349680125,0 37.16302614037603,37.10328756389193,0 37.16286382611796,37.10323038093139,0 37.16281812828691,37.10331311528581,0 37.1628409008605,37.1034586564497,0 37.16293693500923,37.10359642587846,0 37.16318423016887,37.10383615873237,0 37.16330939892293,37.10395953570626,0 37.16337547634632,37.10405763143903,0 37.16338876255629,37.10415859681024,0 37.16345834891364,37.10429427365402,0 37.1634714195369,37.10438113482855,0 37.16337575561519,37.10445965820421,0 37.1632244001233,37.10454342761343,0 37.16315236001147,37.10463112382914,0 37.16316052968862,37.10478150965372,0 37.16322961521573,37.10488427923967,0 37.16374717647752,37.1051378168097,0 37.16377466953278,37.10520807842307,0 37.16377958341653,37.10533733669678,0 37.16372311613693,37.10548365541442,0 37.16376661392505,37.10564074934836,0 37.16394670385085,37.10589994611281,0 37.16428800825164,37.10634763225801,0 37.16429753357716,37.10636279290133,0 37.16430347749515,37.10641501863322,0 37.16422457210197,37.10660219729758,0 37.16423280065623,37.1068657679138,0 37.16434649391417,37.10717028740068,0 37.16433856582898,37.10747432175495,0 37.16448950807699,37.10774656760044,0 37.1646277043647,37.10787115939506,0 37.16465621837603,37.10795316536975,0 37.1644228435388,37.10818552284896,0 37.1642905749117,37.10831109163779,0 37.16428450180845,37.10846228930387,0 37.16437628223959,37.1087048889802,0 37.16432790616228,37.10896901541381,0 37.16443765539544,37.10915266355593,0 37.16445786015219,37.10923978964546,0 37.16439313845554,37.10939492231063,0 37.16425959149687,37.10984796836317,0 37.16425942280105,37.10997391924424,0 37.16441926707694,37.11020072054075,0 37.16442002193056,37.11020299629752,0 37.16442289419938,37.11020586935335,0 37.16462379917793,37.11049092850647,0 37.16459106306898,37.11068101274159,0 37.16436491094714,37.11083772923365,0 37.164083742206,37.11109910494695,0 37.16389680444345,37.11121513312141,0 37.16343765142503,37.1113556607141,0 37.16295320743033,37.11148804078266,0 37.16280044355258,37.11150801002859,0 37.16252258169715,37.11157454850059,0 37.16244503463118,37.11157698838831,0 37.16226529731397,37.11161569402523,0 37.16220273536066,37.11163813893369,0 37.16220179342272,37.11171371625424,0 37.16234772098666,37.11193227729331,0 37.16211620997035,37.11201347398271,0 37.16163334616379,37.11115167716224,0 37.16157691427047,37.11102628265986,0 37.16109481643032,37.11103771959273,0 37.16082643642462,37.11103866646749,0 37.16062583694783,37.11108429185551,0 37.16050766703551,37.11117277321318,0 37.1602993567218,37.11147988673444,0 37.16014898473906,37.11172392773017,0 37.16004091910496,37.11195478719312,0 37.16001215608711,37.1121593394681,0 37.16003587609107,37.11232081967034,0 37.1601199856145,37.11260937908013,0 37.16007838979343,37.11266936480604,0 37.16006880283787,37.11273754828696,0 37.16015206899396,37.11297079181105,0 37.16019140125736,37.11311084261717,0 37.1601768932962,37.11320460720835,0 37.16014041643364,37.11325177728369,0 37.16004555969155,37.1133037714096,0 37.15997139542587,37.11341494705496,0 37.15994270285538,37.11359458553209,0 37.15954233040232,37.11362052664451,0 37.15932062989091,37.11368343948148,0 37.15918632387398,37.11372155383614,0 37.15889063357334,37.11391324149877,0 37.15864706385184,37.11391562046744,0 37.15790212725663,37.11402044257385,0 37.15773799143086,37.11407868338061,0 37.15771752855303,37.11409640794833,0 37.15766818805015,37.11413915096585,0 37.15761443221209,37.11447951334051,0 37.15737273058547,37.11460459143974,0 37.15727940295916,37.11466843479896,0 37.15717140791775,37.11477680523006,0 37.15714007929978,37.11480824468234,0 37.15699333425882,37.11471842399838,0 37.15678785153219,37.11464176346993,0 37.15676244575071,37.11461385647035,0 37.15667996048344,37.11452324166171,0 37.15667809387911,37.11440054258922,0 37.15664714844516,37.11417428619545,0 37.15658122822236,37.11397354355211,0 37.15651593047761,37.11381370175846,0 37.15650965525118,37.11365957863747,0 37.15647727129954,37.11358138193097,0 37.15645900447768,37.11355702369161,0 37.15640399452042,37.11345500499919,0 37.15637804550624,37.11337802673483,0 37.15636299873666,37.11329796697118,0 37.15636155989218,37.11328813471636,0 37.15635851123725,37.11328030940642,0 37.15629747758999,37.11314245118115,0 37.15624161617511,37.11308635642281,0 37.15601654009912,37.11327105555349,0 37.15589973535025,37.11334141945192,0 37.15547497221894,37.11357211680475,0 37.15466491504952,37.11275243978331,0 37.15460653385132,37.11279918090159,0 37.15417739782664,37.11314276384267,0 37.15406223388548,37.11321370463796,0 37.15388399413685,37.1133064151015,0 37.15357483572551,37.11347656749486,0 37.15343096542007,37.11357106022563,0 37.15309603166923,37.11378377652183,0 37.15302248663369,37.11381199712813,0 37.15290687152909,37.11385332122934,0 37.15280980929831,37.11389869597422,0 37.15289922315803,37.11404592989749,0 37.15292930810377,37.11411334138442,0 37.15295223579253,37.11423160187037,0 37.15297354876621,37.11441758031383,0 37.15294393620331,37.11455539381978,0 37.15285491644932,37.11478264493489,0 37.15273088119488,37.11496580561824,0 37.15269717203385,37.1151819408591,0 37.15367788517605,37.11469635880702,0 37.15416133252001,37.11504287044645,0 37.15431883610243,37.11527799744704,0 37.15412481326414,37.11535541315763,0 37.15388139017265,37.11550180813494,0 37.15367759969638,37.11565835699908,0 37.15343420369295,37.11580650958104,0 37.1532409221677,37.11596343118578,0 37.15303805806102,37.11609599034126,0 37.15283453218974,37.11618502756903,0 37.15255953085805,37.1162479704104,0 37.15249327629216,37.1162525970251,0 37.15239246372183,37.11625963908516,0 37.15225822973589,37.1162308076475,0 37.15220106346525,37.11619755450219,0 37.15204309530543,37.11610565991387,0 37.15192488907356,37.11602167619796,0 37.1518571218452,37.11597353120389,0 37.15151932042658,37.11604186889809,0 37.15137954794614,37.11607014611882,0 37.15139048031295,37.11566516171553,0 37.1513863585464,37.11566103905904,0 37.15133632879322,37.11561101946825,0 37.15102805461118,37.11553884493864,0 37.15000373861832,37.11528313427436,0 37.15000355620538,37.11528364511738,0 37.14978671319159,37.1158953779018,0 37.14969699495655,37.11599383156072,0 37.14956659276019,37.11596041968618,0 37.14953502278777,37.11595403668213,0 37.14952566293071,37.11594993231643,0 37.14942405790095,37.11592389967039,0 37.1493021399184,37.11585250494532,0 37.14929628786636,37.11584935046213,0 37.14911940012251,37.11575405112143,0 37.14884214920496,37.11568415969317,0 37.14864324470679,37.11565843854131,0 37.14849864361032,37.11608493123381,0 37.14846636838095,37.1162338519286,0 37.14776405968465,37.1160229215605,0 37.14713089605072,37.11581822872075,0 37.14700056175645,37.11576073642517,0 37.14698927266117,37.11558458904892,0 37.146938199312,37.11505976603812,0 37.14694919125279,37.11435808406129,0 37.14695494107717,37.11388109571415,0 37.14705556308766,37.11339973492791,0 37.14724368218442,37.11299701493516,0 37.14724386455296,37.11291559559702,0 37.14724424343376,37.11274817601708,0 37.14698960715309,37.11246033083768,0 37.14670389529141,37.11240088501583,0 37.14618446875532,37.11258216476469,0 37.14579068935572,37.11279678731235,0 37.14532147894072,37.11316074725556,0 37.14498435824378,37.11341283540762,0 37.14482450262373,37.1134005558239,0 37.14457460882104,37.11342715920409,0 37.14438325108274,37.1136156321451,0 37.14395675987798,37.11337782378396,0 37.14377706193998,37.11358970336339,0 37.1437564918426,37.1136293050453,0 37.14359104064747,37.11431102392527,0 37.1435512702555,37.11482289975994,0 37.1433127521796,37.11531941279752,0 37.14324501307953,37.11569331718305,0 37.1434053680178,37.11594916286882,0 37.14340873535588,37.1161730678808,0 37.14328791119385,37.11634218606987,0 37.14310481854913,37.11647238604171,0 37.14284622805217,37.11650451723946,0 37.14280121200368,37.11646106634291,0 37.14270463595357,37.11636784297909,0 37.14270433423444,37.11636723139483,0 37.14269281148356,37.11614703695936,0 37.14280021404468,37.11590559808707,0 37.14276950131427,37.11577745978696,0 37.14241476627366,37.11543179649198,0 37.14178971647028,37.11488455850802,0 37.14184218526789,37.11454485313014,0 37.14181257743496,37.11394248300531,0 37.14157233624089,37.11355290512808,0 37.14154192320593,37.1134445210328,0 37.14177584687199,37.11286595863323,0 37.14174212241784,37.11253696383566,0 37.14160803472301,37.11237030209872,0 37.14115568579908,37.11209473212892,0 37.14104299610278,37.11198384659886,0 37.14115020077881,37.11172923991143,0 37.14079678804402,37.11119584627313,0 37.14030899059132,37.11074936864873,0 37.14040377389716,37.1102149587249,0 37.14031808877466,37.10998525780994,0 37.14007940072413,37.10969775036934,0 37.13966101441177,37.10921767110221,0 37.13944055014041,37.10904854111847,0 37.13925327290839,37.10889885291401,0 37.13921355643829,37.10871810853252,0 37.13903082444055,37.10804804977543,0 37.13890607533483,37.10768040787242,0 37.13877854639721,37.10740171028842,0 37.13847785884303,37.10709174327661,0 37.13843512067719,37.10698347657276,0 37.13837714024984,37.10668105903497,0 37.1382270400799,37.10626755464891,0 37.13810785951318,37.10572202627745,0 37.13796935594162,37.10525901277023,0 37.13777684822784,37.10503362731049,0 37.13783125044257,37.10482234098907,0 37.1378937007585,37.10477110985407,0 37.13797341151989,37.10470571480912,0 37.1379093333224,37.10454496297185,0 37.13773861294539,37.10440169969433,0 37.13735101870216,37.10405304305079,0 37.13729976658576,37.10392510001465,0 37.13695074943556,37.10368145500046,0 37.13688652439649,37.10351082340748,0 37.13682055555643,37.10294831614127,0 37.13650157850477,37.10251337667032,0 37.13614624754297,37.10212159562798,0 37.13571125907637,37.10190182224432,0 37.13532452245595,37.10160913613115,0 37.13492643764403,37.101382421791,0 37.13475083440246,37.10118650922687,0 37.13463953209466,37.10089118439263,0 37.13450307245471,37.10056316792718,0 37.13436990602171,37.10045576660511,0 37.1340866025401,37.10048152659353,0 37.13401211706613,37.10044930679327,0 37.13379251492819,37.10005951429375,0 37.13357228678993,37.09990354529342,0 37.13300385143982,37.09927997188001,0 37.13290498802592,37.09899111464335,0 37.13133735452867,37.09697416204573,0 37.13128814800739,37.0969068208228,0 37.13124770713456,37.09695468497694,0 37.13121504291973,37.0969604676015,0 37.12438408824139,37.0981697704667,0 37.12298344647851,37.09842018737766,0 37.11995272620348,37.09899618479384,0 37.11864977169591,37.09922789223489,0 37.11813833415656,37.09930039378278,0 37.11813594318436,37.09930073168745,0 37.11814008912901,37.09958281098771,0 37.11814602804541,37.1002216682733,0 37.11808952653248,37.1003715613732,0 37.1179260434936,37.10076032523588,0 37.11783213378701,37.10094928773486,0 37.11777913026331,37.10110191022542,0 37.11774387308179,37.10128755536039,0 37.11763859116186,37.10140748064346,0 37.11751478484178,37.10144183758249,0 37.11716424521924,37.1015557754211,0 37.11680988394732,37.1016448566509,0 37.11656612853211,37.10174119366287,0 37.11627465126502,37.10187946423729,0 37.11604230588497,37.10204760315087,0 37.11601654669604,37.10241017363108,0 37.11596394091161,37.10259045016793,0 37.11580141860368,37.10281048247165,0 37.11567846324657,37.10290291644202,0 37.11541837232926,37.10306301862613,0 37.1152400486252,37.10314767102588,0 37.11491382857509,37.10327243802186,0 37.11458756235785,37.10339443482414,0 37.1143817028598,37.10348487885782,0 37.11408939805243,37.10356783646418,0 37.11387256415429,37.10361689257881,0 37.11376959207956,37.10365934648733,0 37.1135907358617,37.10379621011573,0 37.11345747660005,37.10389288146454,0 37.11324430659248,37.10401520179313,0 37.11290050678804,37.10405991415091,0 37.11269151144107,37.10411373842151,0 37.11233826165758,37.10422077128183,0 37.11200837460223,37.10433173407348,0 37.11157201586466,37.10442295453891,0 37.11121843191224,37.10450716798,0 37.11078553650319,37.10465850699438,0 37.11051023814191,37.10478347683383,0 37.11019294553233,37.10493083677249,0 37.10972431492378,37.10511468737371,0 37.10959375429825,37.1051685108793,0 37.10940457201005,37.1051764721529,0 37.10925720509842,37.10513762676599,0 37.10900086904407,37.10504410216279,0 37.10888067432993,37.10501428174346,0 37.1087025398057,37.1049850066293,0 37.108277510001,37.1049796963159,0 37.108134371617,37.10496556372355,0 37.10786303359682,37.104903121493,0 37.10777401337029,37.10489157686592,0 37.10740171238535,37.10479294402476,0 37.10720426527372,37.10476384883492,0 37.10706093944986,37.10473733847585,0 37.10678655874994,37.10473061604168,0 37.1063772953705,37.10474681224889,0 37.10607578382506,37.10473415673697,0 37.1059900416565,37.1046823514294,0 37.10584137292486,37.10455378220053,0 37.10540161490866,37.10459810819402,0 37.10506156441339,37.10459199400699,0 37.10495278295712,37.10454968679169,0 37.10477406673143,37.10448018781835,0 37.10446169311106,37.10436822161374,0 37.10429084222662,37.10428191488108,0 37.10415213678822,37.10425010320278,0 37.10393184023648,37.10421835549063,0 37.10361667963537,37.10428606568296,0 37.10337759486764,37.10427651276814,0 37.10321518892173,37.10423091148247,0 37.10286412836099,37.10410462698763,0 37.10242003544771,37.10393922461383,0 37.10220894784189,37.10388425525275,0 37.1020096377835,37.10382442406151,0 37.10191776077506,37.10382053501973,0 37.1015777432562,37.10386165282745,0 37.101453945428,37.10390313266549,0 37.10125380358163,37.10399039237072,0 37.101045760556,37.10407413004195,0 37.10086637902044,37.10410594210091,0 37.10059008405599,37.10408840902272,0 37.10041244842964,37.10409675602193,0 37.10017172409129,37.10408056772192,0 37.09996392453113,37.10402721992109,0 37.0997807977096,37.10392699884153,0 37.09966397556086,37.10388413241179,0 37.09945805247165,37.10383034103009,0 37.09918213264014,37.10375001262942,0 37.09905266392952,37.10367976367231,0 37.09884793643376,37.10358734597948,0 37.09850340636441,37.10345049286461,0 37.0984031399352,37.10342569944557,0 37.09825010610114,37.10345319263782,0 37.09799754164688,37.10352323278415,0 37.09784735975323,37.10357539783945,0 37.09770654385368,37.10364924105956,0 37.09758102912794,37.1037374471055,0 37.09747528143689,37.10373117097495,0 37.097411338002,37.10369307659911,0 37.09728486592707,37.10350565078673,0 37.09720831230249,37.10348236325219,0 37.09691585594327,37.10348281677111,0 37.0967167773893,37.10352294821423,0 37.09648182092143,37.10361071474666,0 37.09597981019422,37.10385964479117,0 37.09565240433226,37.10399606161499,0 37.09528033938129,37.10411509853909,0 37.09512233889527,37.10419362688986,0 37.09480958527084,37.10451219618481,0 37.09477590245503,37.10454650274021,0 37.0945519400363,37.10480225127453,0 37.0944206780253,37.10496597839636,0 37.09433348983186,37.10509758803621,0 37.09424056078173,37.10517376030165,0 37.09405890100967,37.10527452926158,0 37.09389606593408,37.10530774048827,0 37.09358620918612,37.1054414037947,0 37.09337508789084,37.10555830323137,0 37.09322829107231,37.10567460738892,0 37.09311124328342,37.10579459797897,0 37.09294533697415,37.10595864468443,0 37.09276389912316,37.10607526579737,0 37.09255732763289,37.10616437219943,0 37.09231139225095,37.10626969618341,0 37.09209560202502,37.10640645433197,0 37.0919177091332,37.10652599685342,0 37.09114994516246,37.10694150365001,0 37.09089994886363,37.10708464462014,0 37.09027303325267,37.10751293807434,0 37.09007006159652,37.10768288633209,0 37.08981302312255,37.10809013583305,0 37.08972649223131,37.10816650886385,0 37.08954515003357,37.10821136326887,0 37.08912171596795,37.1082962322165,0 37.08862742975041,37.10837062264365,0 37.08841526739461,37.10844417833071,0 37.08806196699283,37.10862558378117,0 37.08805313320157,37.10863012130348,0 37.08802265030884,37.10862917566338,0 37.08533323808294,37.10854584777538,0 37.08534747181756,37.10855091456488,0 37.08686986917114,37.11074892990948,0 37.08696189648985,37.11089022046794,0 37.08711896040531,37.11107797492565,0 37.08729181617822,37.11139674234386,0 37.09109080205893,37.11722874288002,0 37.09136586172009,37.11765096156022,0 37.08788691733424,37.12130587957025,0 37.08547421155576,37.12384563406493,0 37.08460548087851,37.12474553537741,0 37.08420520175718,37.1252568691722,0 37.084198469768,37.12569207971107,0 37.08445621576394,37.12607306592975,0 37.084585071056,37.12694218116763,0 37.08428569335478,37.12734896208747,0 37.08426878123832,37.12752395227248,0 37.08432453391332,37.12769050737815,0 37.08441022549943,37.12791506645357,0 37.08433839097599,37.1286616913584,0 37.07981322202,37.13249062701443,0</coordinates></LinearRing></outerBoundaryIs>
        </Polygon>
      </MultiGeometry>
    </Placemark>
  </Folder>
</Document>
</kml>